doc_id,source,source_ref,entity_id,ticker_as_lodged,title,asx_doc_types,doc_class,price_sensitive,lodged_at,fetched_at,sha256,storage_path,parse_status,detection_source,detected_at,detection_key,possession_source,manual_open_urls,fetch_candidate_urls,asx_announcement_id,asx_document_url,lodged_at_source,document_text,text_sha256,text_extractor
1,reference:asic_companies,data.gov.au ASIC company register 202608,,,f9d7f2bc-company_202608_1.tsv,,reference_asic_companies,,2026-08-01 00:00:00+00,2026-08-18 03:27:29.057641+00,c76fe8fc49c62b57999bd7cbbb40d4278e961dc13e2e02054190c6ea8f82c08a,/home/user/asx-data/raw/c7/6f/c76fe8fc49c62b57999bd7cbbb40d4278e961dc13e2e02054190c6ea8f82c08a,not_applicable,,,,reference_download,,,,,manual,,,
2,reference:asic_companies,data.gov.au ASIC company register 202608,,,15721f7d-company_202608_2.tsv,,reference_asic_companies,,2026-08-01 00:00:00+00,2026-08-18 03:27:29.141341+00,a062a7c652ef3a7ef833870fba034cde285cc5a2b258071e82d3cb8724a1c212,/home/user/asx-data/raw/a0/62/a062a7c652ef3a7ef833870fba034cde285cc5a2b258071e82d3cb8724a1c212,not_applicable,,,,reference_download,,,,,manual,,,
3,reference:asic_companies,data.gov.au ASIC company register 202608,,,6756c57d-company_202608_3.tsv,,reference_asic_companies,,2026-08-01 00:00:00+00,2026-08-18 03:27:29.220688+00,c9d40f45578d4528c74255a570279a4c864e04e38b2b4430d8321837119405b4,/home/user/asx-data/raw/c9/d4/c9d40f45578d4528c74255a570279a4c864e04e38b2b4430d8321837119405b4,not_applicable,,,,reference_download,,,,,manual,,,
4,reference:asic_companies,data.gov.au ASIC company register 202608,,,ae3421d3-company_202608_4.tsv,,reference_asic_companies,,2026-08-01 00:00:00+00,2026-08-18 03:27:29.300111+00,6deb0a727a15b16e869f1a6dfe22cba3de89adc0ee779875bd64b7f5fb0c1f4f,/home/user/asx-data/raw/6d/eb/6deb0a727a15b16e869f1a6dfe22cba3de89adc0ee779875bd64b7f5fb0c1f4f,not_applicable,,,,reference_download,,,,,manual,,,
5,reference:asic_companies,data.gov.au ASIC company register 202608,,,83ec09e2-company_202608_5.tsv,,reference_asic_companies,,2026-08-01 00:00:00+00,2026-08-18 03:27:29.38162+00,0bbb5f38f3aa5816626283bf94e79011ca4296a2ce31096bf9efb02064f61136,/home/user/asx-data/raw/0b/bb/0bbb5f38f3aa5816626283bf94e79011ca4296a2ce31096bf9efb02064f61136,not_applicable,,,,reference_download,,,,,manual,,,
6,reference:asic_companies,data.gov.au ASIC company register 202608,,,39d48a74-company_202608_6.tsv,,reference_asic_companies,,2026-08-01 00:00:00+00,2026-08-18 03:27:29.497972+00,52b655a4d3fde2271d7a4bee3a3378595af679fabf1e1c74c45a232a46bae874,/home/user/asx-data/raw/52/b6/52b655a4d3fde2271d7a4bee3a3378595af679fabf1e1c74c45a232a46bae874,not_applicable,,,,reference_download,,,,,manual,,,
7,reference:asic_companies,data.gov.au ASIC company register 202608,,,8490266a-company_202608_7.tsv,,reference_asic_companies,,2026-08-01 00:00:00+00,2026-08-18 03:27:29.586092+00,d1aefe635e8210aa508abcfdbce57f7fc60fc6972441e72a6a66f6458db5db81,/home/user/asx-data/raw/d1/ae/d1aefe635e8210aa508abcfdbce57f7fc60fc6972441e72a6a66f6458db5db81,not_applicable,,,,reference_download,,,,,manual,,,
8,reference:asic_companies,data.gov.au ASIC company register 202608,,,b3b7e97c-company_202608_8.tsv,,reference_asic_companies,,2026-08-01 00:00:00+00,2026-08-18 03:27:29.666408+00,db427b9f37c1920e425c474d7b5bb8faa74dfb6ef5dde5379bed91cfa3912adb,/home/user/asx-data/raw/db/42/db427b9f37c1920e425c474d7b5bb8faa74dfb6ef5dde5379bed91cfa3912adb,not_applicable,,,,reference_download,,,,,manual,,,
9,reference:asic_companies,data.gov.au ASIC company register 202608,,,3e573f99-company_202608_9.tsv,,reference_asic_companies,,2026-08-01 00:00:00+00,2026-08-18 03:27:29.745021+00,9865bd5779ec683a57c7a276b941f436785d14972393518810168c33020fcbd5,/home/user/asx-data/raw/98/65/9865bd5779ec683a57c7a276b941f436785d14972393518810168c33020fcbd5,not_applicable,,,,reference_download,,,,,manual,,,
10,reference:asic_companies,data.gov.au ASIC company register 202608,,,4c429408-company_202608_10.tsv,,reference_asic_companies,,2026-08-01 00:00:00+00,2026-08-18 03:27:29.826875+00,eab50958acf27f076f1bc95e05eb62482298e6d7fa1819cd1f8da55632280234,/home/user/asx-data/raw/ea/b5/eab50958acf27f076f1bc95e05eb62482298e6d7fa1819cd1f8da55632280234,not_applicable,,,,reference_download,,,,,manual,,,
11,reference:asic_companies,data.gov.au ASIC company register 202608,,,7bacb54f-company_202608_11.tsv,,reference_asic_companies,,2026-08-01 00:00:00+00,2026-08-18 03:27:29.904405+00,8fe3c62cad39575dc4231037e2033a66bcc74ee4e2d379e90b1b8a83cc6f4f40,/home/user/asx-data/raw/8f/e3/8fe3c62cad39575dc4231037e2033a66bcc74ee4e2d379e90b1b8a83cc6f4f40,not_applicable,,,,reference_download,,,,,manual,,,
12,reference:asic_companies,data.gov.au ASIC company register 202608,,,840fe5a8-company_202608_12.tsv,,reference_asic_companies,,2026-08-01 00:00:00+00,2026-08-18 03:27:29.983943+00,e1a7f68e62aa3b2e2216c67a899b9cd5c231b007062a534ab048dac832a3b60e,/home/user/asx-data/raw/e1/a7/e1a7f68e62aa3b2e2216c67a899b9cd5c231b007062a534ab048dac832a3b60e,not_applicable,,,,reference_download,,,,,manual,,,
13,reference:asic_companies,data.gov.au ASIC company register 202608,,,b6f84663-company_202608_13.tsv,,reference_asic_companies,,2026-08-01 00:00:00+00,2026-08-18 03:27:30.06174+00,1bbb2b18582bfe54a4b126fcb2bffaf0a8f92fe46fc0a49788daf19ba872d402,/home/user/asx-data/raw/1b/bb/1bbb2b18582bfe54a4b126fcb2bffaf0a8f92fe46fc0a49788daf19ba872d402,not_applicable,,,,reference_download,,,,,manual,,,
14,reference:asic_companies,data.gov.au ASIC company register 202608,,,7d9d7d7a-company_202608_14.tsv,,reference_asic_companies,,2026-08-01 00:00:00+00,2026-08-18 03:27:30.109971+00,ec3c3771ef173b20f1a2ffb987b6b9c0fb70b4573317f614002ad31d888fc872,/home/user/asx-data/raw/ec/3c/ec3c3771ef173b20f1a2ffb987b6b9c0fb70b4573317f614002ad31d888fc872,not_applicable,,,,reference_download,,,,,manual,,,
15,reference:asx_listed_companies,"asx.com.au listed-companies file, downloaded by owner",,,33f5f530-ASX_Listed_Companies_18082026_124441_AEST.csv,,reference_asx_listed,,2026-08-18 00:00:00+00,2026-08-18 03:32:12.785852+00,2ded8f5703b3524171a20543e4ebb9b6047073e55685f673bda06529ceb633c1,/home/user/asx-data/raw/2d/ed/2ded8f5703b3524171a20543e4ebb9b6047073e55685f673bda06529ceb633c1,not_applicable,,,,reference_download,,,,,manual,,,
99,market_index_alert,<31137204.20260818073903.6a840c1754c587.02633952@mail177-5.suw61.mandrillapp.com>,3896,AXP,Final Director's Interest Notice,,app_3z,f,2026-08-18 07:37:00+00,2026-08-19 13:38:35.60714+00,d24d4264be9d4f2e960ad333b3104ae16c4a43075220f181a44753f6ee0b31ad,/home/user/asx-data/raw/d2/4d/d24d4264be9d4f2e960ad333b3104ae16c4a43075220f181a44753f6ee0b31ad,unparsed,market_index_alert,2026-08-18 07:39:03+00,4f5a4cdbdb0a32ccfbeb1ac4a0184f06d2db659958112876c42c5fe2772ded48,manual_capture,{https://www.marketindex.com.au/asx/axp/announcements/final-directors-interest-notice-2A1690214},,2A1690214,,market_index_alert,"Appendix 3Z 
Final Director’s Interest Notice 
 
 
 
+ See chapter 19 for defined terms. 
 
11/3/2002  Appendix 3Z  Page 1 
Rule 3.19A.3 
Appendix 3Z 
 
Final Director’s Interest Notice 
 
Information or documents not available now must be given to ASX as soon as available.  Information and 
documents given to ASX become ASX’s property and may be made public. 
Introduced 30/9/2001. 
 
Name of entity.  AXP Energy Limited 
ABN   98 114 198 471 
 
We (the entity) give ASX the following information under listing rule 3.19A.3 and as agent for 
the director for the purposes of section 205G of the Corporations Act.   
 
Name of director James Dack 
Date of last notice 27 October 2025 
Date that director ceased to be director 18 August 2026 
 
Part 1 – Director’s relevant interests in securities of which the director is the registered holder 
In the case of a trust, this includes interests in the trust made available by the responsible entity of the trust 
 
Note: In the case of a company, interests which come within paragraph (i) of the definition of “notifiable interest of a director” should 
be disclosed in this part. 
 
Number & class of securities 
 
Nil 
 
 
 
 
 
 
 
 
 
 
 
 
 
  

Appendix 3Z 
Final Director’s Interest Notice 
 
 
 
+ See chapter 19 for defined terms. 
 
Appendix 3Z Page 2 11/3/2002 
Part 2 – Director’s relevant interests in securities of which the director is not the registered holder 
 
Note: In the case of a company, interests which come within paragraph (ii) of the definition of “notifiable interest of a director” should 
be disclosed in this part. 
 
In the case of a trust, this includes interests in the trust made available by the responsible entity of the trust 
 
Name of holder & nature of interest 
Note: Provide details of the circumstances giving rise 
to the relevant interest 
 
(A) Sunshine Group Investments 
Pty Ltd <Sunshine Group Inv 
Fam A/C – Director  
(B) James Dack Real Estate Pty 
Ltd <James Dack Super Fund 
A/C> 
 
 
 
 
 
 
 
 
Number & class of securities 
 
 
 
(A) 3,326,667 shares 
 
 
 
(B) 500,000 shares 
 
 
 
 
Part 3 – Director’s interests in contracts 
 
Detail of contract N A 
Nature of interest 
 
 
N A 
Name of registered holder 
(if issued securities) 
 
N A 
No. and class of securities to which 
interest relates 
 
 
N A 
 ",a37a58cc5257a5e500231e413b6b17e60dabb28dc0cb671791cc2b517711acc8,pypdf-6.16.1
100,market_index_alert,<31137204.20260818220558.6a84d7467aaca3.65316750@mail177-5.suw61.mandrillapp.com>,3692,AAI,Change of Officer's Interest Notice,,other,f,2026-08-18 22:02:00+00,,,,not_applicable,market_index_alert,2026-08-18 22:05:58+00,d2ef725156063985338086afe93ea858a8cb74eaff81b114d214283f969730cb,,{https://www.marketindex.com.au/asx/aai/announcements/change-of-officers-interest-notice-3A699072},,3A699072,,market_index_alert,,,
101,market_index_alert,<31137204.20260818235513.6a84f0e14d9d04.91852612@mail132-2.atl131.mandrillapp.com>,3837,ARR,ARR appoints Nick Lissolo as Chief Commercial Officer,,other,f,2026-08-18 23:52:00+00,,,,not_applicable,market_index_alert,2026-08-18 23:55:13+00,ca8a2ae61a943a163d254596bc8b2d39d2d2b2da955c131cf914112f4f752a7f,,{https://www.marketindex.com.au/asx/arr/announcements/arr-appoints-nick-lissolo-as-chief-commercial-officer-2A1690387},,2A1690387,,market_index_alert,,,
102,market_index_alert,<31137204.20260819002103.6a84f6ef6134e4.35460040@mail132-2.atl131.mandrillapp.com>,5061,REV,Application for quotation of securities - REV,,app_2a,f,2026-08-19 00:19:00+00,,,,not_applicable,market_index_alert,2026-08-19 00:21:03+00,7a05f3c940bf990144ff179e156301fea1c993f50945cdc01f4515d242df9d73,,{https://www.marketindex.com.au/asx/rev/announcements/application-for-quotation-of-securities-rev-3A699142},,3A699142,,market_index_alert,,,
103,market_index_alert,<31137204.20260819002604.6a84f81ca10926.84772823@mail132-2.atl131.mandrillapp.com>,4107,CP8,Wapiti drilling intersects visual phosphate mineralisation,,other,t,2026-08-19 00:24:00+00,,,,not_applicable,market_index_alert,2026-08-19 00:26:04+00,fc1d6b15735d597092dbdc4aa22145f19ae7608a10f1fb00eb4bc07c7df2dba0,,{https://www.marketindex.com.au/asx/cp8/announcements/wapiti-drilling-intersects-visual-phosphate-mineralisation-2A1690396},,2A1690396,,market_index_alert,,,
104,market_index_alert,<31137204.20260819071904.6a8558e8bd9111.62845864@mail177-5.suw61.mandrillapp.com>,3854,AT1,Final Director's Interest Notice,,app_3z,f,2026-08-19 07:18:00+00,2026-08-19 13:38:35.696451+00,0348ce96c4c92df559e7be30cc8d5db4521509e58613b9394491effaf59f56a7,/home/user/asx-data/raw/03/48/0348ce96c4c92df559e7be30cc8d5db4521509e58613b9394491effaf59f56a7,unparsed,market_index_alert,2026-08-19 07:19:04+00,4a9257f7e4e89e1ffedf28d7010df08c94dc6b4316677178f8e0558df5434980,manual_capture,{https://www.marketindex.com.au/asx/at1/announcements/final-directors-interest-notice-2A1690462},,2A1690462,,market_index_alert,"Appendix 3Z 
Final Director’s Interest Notice 
 
 
 
+ See chapter 19 for defined terms. 
 
11/3/2002 
 Appendix 3Z  Page 1 
Rule 3.19A.3 
Appendix 3Z 
 
Final Director’s Interest Notice 
 
Information or documents not available now must be given to ASX as soon as available.  Information and 
documents given to ASX become ASX’s property and may be made public. 
Introduced 30/9/2001. 
 
Name of entity              Atomo Diagnostics Limited 
ABN                                 37 142 925 684 
 
We (the entity) give ASX the following information under listing rule 3.19A.3 and as agent for 
the director for the purposes of section 205G of the Corporations Act.   
 
Name of director John Kelly 
Date of last notice 4 July 2025 
Date that director ceased to be director 19 August 2026 
 
Part 1 – Director’s relevant interests in securities of which the director is the registered holder  
In the case of a trust, this includes interests in the trust made available by the responsible entity of the trust 
 
Note: In the case of a company, interests which come within paragraph (i) of the definition of “notifiable interest of a director” should be 
disclosed in this part. 
 
Number & class of securities 
 
Direct interest  
 
a) 8,991,870 Fully Paid Ordinary Shares 
 
b) 1,621,622 Unlisted Options Ex $0.04, expiring 27 June 2028 
 
 
 
 
 
 
 
 
 
 
 
 
 
 

Appendix 3Z 
Final Director’s Interest Notice 
 
 
 
+ See chapter 19 for defined terms. 
 
Appendix 3Z Page 2 11/3/2002 
 
Part 2 – Director’s relevant interests in securities of which the director is not the registered holder  
 
Note: In the case of a company, interests which come within paragraph (ii) of the definition of “notifiable interest of a director”  should be 
disclosed in this part. 
 
In the case of a trust, this includes interests in the trust made available by the responsible entity of the trust 
 
Name of holder & nature of interest 
Note: Provide details of the circumstances giving rise 
to the relevant interest 
 
Mr Kelly is a controller of Dalraida 
Holdings Pty Ltd. 
 
 
 
 
 
 
 
 
 
 
Number & class of securities 
 
 
65,120,000 Fully Paid Ordinary Shares 
 
 
Part 3 – Director’s interests in contracts – N/A 
 
Detail of contract N/A 
Nature of interest 
 
 
N/A 
Name of registered holder 
(if issued securities) 
 
N/A 
No. and class of securities to which 
interest relates 
 
 
N/A 
 ",5d1bffc9064f6c0fdfa2efe916e0ce6cc43f4a3563c5d6c22c94bb822c3e9f38,pypdf-6.16.1
105,market_index_alert,<31137204.20260819071913.6a8558f140e2a1.49390774@mail132-2.atl131.mandrillapp.com>,4152,CWY,Ceasing to be a substantial holder,,substantial_605,f,2026-08-19 07:18:00+00,,,,not_applicable,market_index_alert,2026-08-19 07:19:13+00,9874d02514c2575f8afd81d81be6c6c21e6c15f62c49411e8ccf3a90b7f35987,,{https://www.marketindex.com.au/asx/cwy/announcements/ceasing-to-be-a-substantial-holder-3A699197},,3A699197,,market_index_alert,,,
106,market_index_alert,<31137204.20260819072506.6a855a526878a8.98539743@mail177-5.suw61.mandrillapp.com>,3753,AHL,Change of Director's Interest Notice - PP,,app_3y,f,2026-08-19 07:22:00+00,2026-08-19 13:38:35.85646+00,e43cb900ec477e170e54872e7ae1351a12f2439c64cc1ad9caf4e4da58e4cec4,/home/user/asx-data/raw/e4/3c/e43cb900ec477e170e54872e7ae1351a12f2439c64cc1ad9caf4e4da58e4cec4,unparsed,market_index_alert,2026-08-19 07:25:06+00,4a089bb1b3a0b4d2db1b5a8d53b74106650ccf4c99d5347008e1bf7c84b4b480,manual_capture,{https://www.marketindex.com.au/asx/ahl/announcements/change-of-directors-interest-notice-pp-2A1690463},,2A1690463,,market_index_alert," 
 
Adrad Holdings Ltd 
ABN 51 121 033 396 
26-50 Howards Rd, Beverley SA 5009 
Ph +61 8 8243 9876 Fx +61 8 8347 7245 
 
 
Appendix 3Y – Change of Director’s Interest Notice 
 
Late notification of change of Director’s Interest and on-market acquisition 
 
Adrad Holdings Limited (‘ASX: AHL’, ‘Adrad’ or the ‘Company’) advises that it is today 
lodging an Appendix 3Y – Change of Director’s Interest Notice for Managing Director, Mr 
Paul Proctor (MD). 
The Company is issuing this announcement to correct the timing of disclosure of the Sale 
and to advise of the MD's intention to acquire at least an equivalent number of shares on-
market. 
Circumstances of the Sale 
The Sale was executed by the MD's independent financial adviser as part of routine 
restructuring and without the MD's specific knowledge at the time. The Sale was 
inadvertently executed during a period in which dealings in the Company's securities by 
the MD were restricted under the Company's Securities Trading Policy .  
The first Sale on 29 July 2026 involved 5,877 ordinary shares in the Company, at a price of 
$1.2104 per share, for total consideration of $7,113.52. The second Sale on 14 August 2026 
involved 7,230 ordinary shares in the Company, at a price of $1.1031 per share, for total 
consideration of $7,975.41. 
Notification Timing 
Under ASX Listing Rule 3.19A, a change of director's interest notice (Appendix 3Y) is 
required to be given to ASX within five business days of the relevant change. The first Sale 
should have been notified by 6 August 2026. The Company identified the omission on 19 
August 2026. 
The delay arose because the MD was not aware the Sale had occurred until 18 August 
2026, at which point the Company was notified and the Company Secretary commenced 
preparation of the required disclosure. The Company confirms it was not otherwise aware 
of the Sale prior to that date. 
On-Market Acquisition 
To restore the MD's shareholding to the position it was in prior to the Sale, the MD  has 
today acquired the same quantity (13,107) of shares on-market, in accordance with the 
Company's Securities Trading Policy, during a trading window and with prior written 
clearance from the Chair/Company Secretary. Purchases were made at prevailing market 
prices, which the Company notes are higher than the average Sale price of $1.1512 per 
share. 
The Company confirms that the MD will not benefit from the price difference between 
the Sale and any subsequent purchase; the purpose of the acquisition is to restore the 
MD's alignment of interest with shareholders, not to realise a trading gain.  
 
 
 
ASX Announcement 
19 August 2026 

 
 
Adrad Holdings Ltd 
ABN 51 121 033 396 
26-50 Howards Rd, Beverley SA 5009 
Ph +61 8 8243 9876 Fx +61 8 8347 7245 
Governance Response 
The Board takes compliance with its continuous disclosure obligations and Securities 
Trading Policy seriously. Following identification of this matter, the Board / Audit & Risk 
Committee has: 
● reviewed the circumstances surrounding the Sale and the notification delay;  
● required the MD to formally instruct their financial adviser that no dealings in 
Company securities may occur without prior written clearance under the 
Securities Trading Policy, regardless of any standing arrangement;  
● reinforced trading window and pre-clearance obligations with all directors and 
senior executives; and 
● commenced a review of the adequacy of the Company's Securities Trading Policy 
and related procedures. 
The Board is satisfied that the Sale was inadvertent and was not undertaken on the basis 
of any inside information. 
 
This announcement is authorised for release by the Board of Directors of Adrad 
Holdings Limited. 
 
Contacts 
 Contacts 
 CEO  Investor Relations 
Paul Proctor  George Stavrou 
investor@adrad.com.au   Candour Advisory 
Ph: 0450 968 440 
 
For more information, please visit http://adradholdings.com.au/  
 

Appendix 3Y 
Change of Director’s Interest Notice 
 
 
 
+ See chapter 19 for defined terms. 
 
01/01/2011 Appendix 3Y  Page 1 
 
Rule 3.19A.2 
Appendix 3Y 
 
Change of Director’s Interest Notice 
 
Information or documents not available now must be given to ASX as soon as available.  Information and 
documents given to ASX become ASX’s property and may be made public. 
Introduced 30/09/01  Amended 01/01/11 
 
Name of entity          Adrad Holdings Limited 
ABN                             51 121 033 396 
 
We (the entity) give ASX the following information under listing rule 3.19A.2 and as agent for 
the director for the purposes of section 205G of the Corporations Act.   
 
Name of Director Paul Proctor 
Date of last notice 19 November 2025 
 
Part 1 - Change of director’s relevant interests in securities 
In the case of a trust, this includes interests in the trust made available by the responsible entity of the trust 
 
Note: In the case of a company, interests which come within paragraph (i) of the definition of “notifiable interest of a director” should 
be disclosed in this part. 
 
Direct or indirect interest Indirect 
Nature of indirect interest 
(including registered holder) 
Note: Provide details of the circumstances giving rise to the relevant 
interest. 
 
BNP Paribas Nominees Pty Ltd <HUB24 
Custodial Serv Ltd> for Owls Super Pty 
Ltd ATF Proctor Family SMSF of which 
Mt Proctor may be a beneficiary.  
 
Date of change 29 July 2026 
No. of securities held prior to change 13,107 Fully Paid Ordinary Shares  
Class Fully Paid Ordinary Shares 
Number acquired i) 19/08/2026 7,230 Fully Paid 
Ordinary Shares 
ii) 19/08/2026 5,877 Fully Paid 
Ordinary Shares 
 

Appendix 3Y 
Change of Director’s Interest Notice 
 
 
 
+ See chapter 19 for defined terms. 
 
Appendix 3Y Page 2 01/01/2011 
 
Number disposed iii) 29/07/2026 5,877 Fully Paid 
Ordinary Shares 
iv) 14/08/2026 7,230 Fully Paid 
Ordinary Shares 
 
Value/Consideration 
Note: If consideration is non -cash, provide details and estimated 
valuation 
 
i) $1.215 per share 
ii) $1.215 per share 
 
iii) $1.2104 per share 
iv) $1.1031 per share 
 
 
No. of securities held after change 13,107 Fully Paid Ordinary Shares 
Nature of change 
Example: on -market trade, off -market trade, exercise of options, 
issue of securities under dividend reinvestment plan, participation in 
buy-back 
On market disposal & on market 
acquisition 
 
Part 2 – Change of director’s interests in contracts 
 
Note: In the case of a company, interests which come within paragraph (ii) of the definition of “notifiable interest of a director”  should 
be disclosed in this part. 
Detail of contract N/A 
Nature of interest 
 
 
N/A 
Name of registered holder 
(if issued securities) 
 
N/A 
Date of change N/A 
No. and class of securities to which 
interest related prior to change 
Note: Details are only required for a contract in 
relation to which the interest has changed 
 
N/A 
Interest acquired N/A 
Interest disposed N/A 
Value/Consideration 
Note: If consideration is non -cash, provide details 
and an estimated valuation  
 
N/A 
Interest after change N/A 
 
Part 3 – +Closed period 

Appendix 3Y 
Change of Director’s Interest Notice 
 
 
 
+ See chapter 19 for defined terms. 
 
01/01/2011 Appendix 3Y  Page 3 
 
Were the interests in the securities or contracts detailed 
above traded during a +closed period where prior written 
clearance was required? 
Yes 
If so, was prior written clearance provided to allow the 
trade to proceed during this period? 
Yes – See covering release for 
explanation. Purchase in 
trading window.  
If prior written clearance was provided, on what date was 
this provided? 
N/A 
 ",04335e31005b7b2e127188060dab19bb13b9e7a87d63c10a14ed2c690de6d1c2,pypdf-6.16.1
107,market_index_alert,<31137204.20260819073420.6a855c7ceb7607.98088449@mail132-2.atl131.mandrillapp.com>,4161,CYL,Change of Director's Interest Notice,,app_3y,f,2026-08-19 07:30:00+00,2026-08-19 13:38:35.952847+00,b79de01763ee1883cd9dc878f8af4b3c51b1a0139610587b5af3b38997f32200,/home/user/asx-data/raw/b7/9d/b79de01763ee1883cd9dc878f8af4b3c51b1a0139610587b5af3b38997f32200,unparsed,market_index_alert,2026-08-19 07:34:20+00,eb8f746d61f11cc261e1c9bfffc75ced8da532f2080b598a49df64e546c1d716,manual_capture,{https://www.marketindex.com.au/asx/cyl/announcements/change-of-directors-interest-notice-6A1339259},,6A1339259,,market_index_alert,"Appendix 3Y 
Change of Director’s Interest Notice 
 
 
 
+ See chapter 19 for defined terms. 
 
01/01/2011  
Appendix 3Y  Page 1 
 
Rule 3.19A.2 
Appendix 3Y 
 
Change of Director’s Interest Notice 
 
Information or documents not available now must be given to ASX as soon as available.  Information and documents given to 
ASX become ASX’s property and may be made public. 
Introduced 30/09/01  Amended 01/01/11 
 
Name of entity Catalyst Metals Limited 
ABN 54 118 912 495 
 
We (the entity) give ASX the following information under listing rule 3.19A.2 and as agent for the 
director for the purposes of section 205G of the Corporations Act. 
 
Name of Director James Champion de Crespigny 
Date of last notice 14 May 2026 
 
Part 1 - Change of director’s relevant interests in securities 
In the case of a trust, this includes interests in the trust made available by the responsible entity of the trust. 
 
In the case of a company, interests which come within paragraph (i) of the definition of “notifiable interest of a director” should 
be disclosed in this part. 
 
Direct or indirect interest Direct and Indirect 
Nature of indirect interest 
(including registered holder) 
Note: Provide details of the circumstances 
giving rise to the relevant interest 
Melvista 1 Pty Ltd (Melvista A/C) – Trust Beneficiary 
Date of change 12-14 August 2026 
Number of securities 
held prior to change 
2,885,833 Fully paid ordinary shares 
106,838 STI Performance Rights 
427, 350 LTI Performance Rights 
3,000,000 Production Incentive Rights 
164,722 FY25 STI Performance Rights 
658,889 FY25 LTI Performance Rights 
121,147 FY26 LTI Performance Rights 
 
Class 
STI Performance Rights 
LTI Performance Rights 
Fully paid ordinary shares 

Appendix 3Y 
Change of Director’s Interest Notice 
 
 
 
+ See chapter 19 for defined terms. 
 
01/01/2011 Appendix 3Y Page 2 
 
Number acquired 
1. 534,188 fully paid ordinary shares were acquired on 
conversion of 106,838 STI Performance Rights and 427,350 LTI 
Performance Rights following achievement of vesting 
conditions 
Number disposed 
1. 106,838, STI Performance Rights and 427,350 LTI Performance 
Rights were converted into fully paid ordinary shares 
2. 1,000,000 fully paid ordinary shares were disposed of through 
on market trades 
Value/Consideration 
Note: If consideration is non-cash, provide 
details and estimated valuation 
1. The shares acquired on conversion of the STI and LTI 
Performance Rights were converted for nil consideration 
2. Total consideration received for shares sold $6,410,050 
 
Number of securities 
held after change 
2,420,021 Fully paid ordinary shares 
3,000,000 Production Incentive Rights 
164,722 FY25 STI Performance Rights 
658,889 FY25 LTI Performance Rights 
121,147 FY26 LTI Performance Rights 
 
Nature of change 
Example: on-market trade, off-market trade, 
exercise of options, issue of securities under 
dividend reinvestment plan, participation in 
buy-back 
1.  Conversion of vested Performance Rights 
2. On market trades 
 
Part 2 – Change of director’s interests in contracts 
 
In the case of a company, interests which come within paragraph (ii) of the definition of “notifiable interest of a 
director” should be disclosed in this part. 
 
Details of contract N/A 
Nature of interest N/A 
Name of registered holder 
(if issued securities) N/A 
Date of change N/A 
Number and class of securities 
to which interest related prior 
to change 
Note: Details are only required for a contract in relation to 
which the interest has changed 
 
N/A 
Interest acquired N/A 
Interest disposed N/A 

Appendix 3Y 
Change of Director’s Interest Notice 
 
 
 
+ See chapter 19 for defined terms. 
 
01/01/2011  
Appendix 3Y  Page 3 
 
Value/Consideration 
Note: If consideration is non-cash, provide details and an 
estimated valuation  
 
N/A 
Interest after change N/A 
 
 
Part 3 – +Closed period 
 
Were the interests in the securities or contracts 
detailed above traded during a +closed period where 
prior written clearance was required? 
 
No 
If so, was prior written clearance provided to allow the 
trade to proceed during this period? 
 
N/A 
If prior written clearance was provided, on what date 
was this provided? 
 
N/A 
 ",c7deb8d9811e2480120349a4be52461d7a1f8b71fa38113c3826a075d33141ad,pypdf-6.16.1
108,market_index_alert,<31137204.20260819073809.6a855d6161db80.16156812@mail177-5.suw61.mandrillapp.com>,4166,CZN,Notification of cessation of securities - CZN,,other,f,2026-08-19 07:36:00+00,,,,not_applicable,market_index_alert,2026-08-19 07:38:09+00,f9edd81c78e479a83a4dbfc7e24abbfa7be1f52a8255af22a4daebec258b2b84,,{https://www.marketindex.com.au/asx/czn/announcements/notification-of-cessation-of-securities-czn-6A1339260},,6A1339260,,market_index_alert,,,
109,market_index_alert,<31137204.20260819074654.6a855f6e0f2df1.49934900@mail132-2.atl131.mandrillapp.com>,4280,EQT,FY26 Results rescheduled to 27 August 2026,,other,f,2026-08-19 07:42:00+00,,,,not_applicable,market_index_alert,2026-08-19 07:46:54+00,67ce33c5737e9628b979c0a1c3ac76c2077ac79b349cfaaeaa8e3c1d0734cfa1,,{https://www.marketindex.com.au/asx/eqt/announcements/fy26-results-rescheduled-to-27-august-2026-3A699200},,3A699200,,market_index_alert,,,
110,market_index_alert,<178a9f99c942c15cd57e649b8.16c993ab1d.20260819074716.aed939620d.e8d763b6@mail105.sea21.rsgsv.net>,,,"Evening Wrap: ASX 200 slides on another WTC corporate governance shock, critical minerals stock slump continues",,other,,,,,,not_applicable,market_index_alert,2026-08-19 07:47:31+00,672a62fe4e3d7c0512cd395250c565e1504063918e1ebeb362db1d8368c4896f,,,,,,,,,
111,market_index_alert,<31137204.20260819075410.6a856122b98341.32060922@mail177-5.suw61.mandrillapp.com>,4903,OML,Change in substantial holding,,substantial_604,f,2026-08-19 07:53:00+00,,,,not_applicable,market_index_alert,2026-08-19 07:54:10+00,37c9b104139428144720d3dd5ca7faeccad34f1eb960841ae997c6db75d505a1,,{https://www.marketindex.com.au/asx/oml/announcements/change-in-substantial-holding-2A1690467},,2A1690467,,market_index_alert,,,
112,market_index_alert,<31137204.20260819075507.6a85615b0dfc29.62179991@mail177-5.suw61.mandrillapp.com>,4166,CZN,Notification regarding unquoted securities - CZN,,other,f,2026-08-19 07:53:00+00,,,,not_applicable,market_index_alert,2026-08-19 07:55:07+00,b2425ff232bcb77bfea0e9e5a6c5c3d065f96b689860264d71bdc7385916fc85,,{https://www.marketindex.com.au/asx/czn/announcements/notification-regarding-unquoted-securities-czn-6A1339263},,6A1339263,,market_index_alert,,,
113,market_index_alert,<31137204.20260819080653.6a85641d3dc974.37533765@mail177-5.suw61.mandrillapp.com>,4218,DXN,Change in substantial holding from WMI/WAA,,substantial_604,f,2026-08-19 08:03:00+00,,,,not_applicable,market_index_alert,2026-08-19 08:06:53+00,65a96abaf9942b8745fffb916bd7a02c8fc2cc568ae304edc78368acc479e54b,,{https://www.marketindex.com.au/asx/dxn/announcements/change-in-substantial-holding-from-wmiwaa-3A699205},,3A699205,,market_index_alert,,,
114,market_index_alert,<31137204.20260819081503.6a856607594034.79745120@mail132-2.atl131.mandrillapp.com>,3690,AA2,Change of UK Registered Office Address,,other,f,2026-08-19 08:14:00+00,,,,not_applicable,market_index_alert,2026-08-19 08:15:03+00,ccaacce0747cbbed9918d1a02cd90305eb61a05eb5307159b9744e19d6cdcd66,,{https://www.marketindex.com.au/asx/aa2/announcements/change-of-uk-registered-office-address-6A1339267},,6A1339267,,market_index_alert,,,
115,market_index_alert,<31137204.20260819081603.6a85664388d960.20804698@mail177-5.suw61.mandrillapp.com>,4281,EQU,Response to ASX Query - Listing Rule 15.7,,other,t,2026-08-19 08:15:00+00,,,,not_applicable,market_index_alert,2026-08-19 08:16:03+00,00929f3cefb6b15e59b9d24595533c60c4e425fc900e6c45fbb7b8f6b899c70e,,{https://www.marketindex.com.au/asx/equ/announcements/response-to-asx-query-listing-rule-157-6A1339268},,6A1339268,,market_index_alert,,,
116,market_index_alert,<31137204.20260819082010.6a85673adef733.97719550@mail132-2.atl131.mandrillapp.com>,4991,PPM,Notification regarding unquoted securities - PPM,,other,f,2026-08-19 08:19:00+00,,,,not_applicable,market_index_alert,2026-08-19 08:20:10+00,02892a65c1b40af36a03bcfd23b9a9bde2d693edcdce36fe9e1979c3f373cd09,,{https://www.marketindex.com.au/asx/ppm/announcements/notification-regarding-unquoted-securities-ppm-2A1690473},,2A1690473,,market_index_alert,,,
117,market_index_alert,<31137204.20260819083430.6a856a9619c8e1.68956250@mail177-5.suw61.mandrillapp.com>,5474,YAL,Non-Executive Director appointment and resignation,,other,f,2026-08-19 08:32:00+00,,,,not_applicable,market_index_alert,2026-08-19 08:34:30+00,a5ddab3406d054ba7f9196abccbc175735408429ae500d1196f5235521fb0645,,{https://www.marketindex.com.au/asx/yal/announcements/nonexecutive-director-appointment-and-resignation-2A1690475},,2A1690475,,market_index_alert,,,
118,market_index_alert,<31137204.20260819083533.6a856ad5e7ca60.81633970@mail177-5.suw61.mandrillapp.com>,5474,YAL,HKEX - List of Directors and their roles and functions,,other,f,2026-08-19 08:32:00+00,,,,not_applicable,market_index_alert,2026-08-19 08:35:33+00,523d3cbee930c5a0f25f2e6f21fcc3a4dff67e05cafd57afcfb7507c4beeb8d6,,{https://www.marketindex.com.au/asx/yal/announcements/hkex-list-of-directors-and-their-roles-and-functions-2A1690477},,2A1690477,,market_index_alert,,,
119,market_index_alert,<31137204.20260819085251.6a856ee3d32415.19210538@mail177-5.suw61.mandrillapp.com>,5474,YAL,Half Year Accounts,,other,t,2026-08-19 08:49:00+00,,,,not_applicable,market_index_alert,2026-08-19 08:52:51+00,b65ded04e705fa399133ea71227bf81faf942dc6c95887e1398712953b1b7ab9,,{https://www.marketindex.com.au/asx/yal/announcements/half-year-accounts-2A1690478},,2A1690478,,market_index_alert,,,
120,market_index_alert,<31137204.20260819085632.6a856fc062e1c2.92500305@mail177-5.suw61.mandrillapp.com>,5474,YAL,1H 2026 Financial Results Announcement,,other,t,2026-08-19 08:54:00+00,,,,not_applicable,market_index_alert,2026-08-19 08:56:32+00,090edf33c7d626aa92498f312f6fab1b8f2bb307d2093a8cda8cef8d0c41a784,,{https://www.marketindex.com.au/asx/yal/announcements/1h-2026-financial-results-announcement-2A1690479},,2A1690479,,market_index_alert,,,
121,market_index_alert,<31137204.20260819085908.6a85705ca08c12.16270696@mail177-5.suw61.mandrillapp.com>,5474,YAL,Dividend/Distribution - YAL,,other,f,2026-08-19 08:56:00+00,,,,not_applicable,market_index_alert,2026-08-19 08:59:08+00,6f93d649a69a0f9d4413e88b108b3db7c5fd0dc5a68d0647a55ff2324e69a165,,{https://www.marketindex.com.au/asx/yal/announcements/dividenddistribution-yal-2A1690481},,2A1690481,,market_index_alert,,,
122,market_index_alert,<31137204.20260819085925.6a85706d652266.31718974@mail132-2.atl131.mandrillapp.com>,5474,YAL,1H 2026 Financial Results Presentation,,other,t,2026-08-19 08:55:00+00,,,,not_applicable,market_index_alert,2026-08-19 08:59:25+00,0b176c7f95f207a0f9ac367807f1da24714ff1ab0c31eb1606581b3cc68e2abd,,{https://www.marketindex.com.au/asx/yal/announcements/1h-2026-financial-results-presentation-2A1690480},,2A1690480,,market_index_alert,,,
123,market_index_alert,<31137204.20260819090917.6a8572bdb05772.16801074@mail177-5.suw61.mandrillapp.com>,5474,YAL,HKEX  - Dividend form,,other,f,2026-08-19 09:05:00+00,,,,not_applicable,market_index_alert,2026-08-19 09:09:17+00,c7c6235a778d45917cdd888d835a45608b31adf38a9d908d9d27c082d3ab24e1,,{https://www.marketindex.com.au/asx/yal/announcements/hkex-dividend-form-2A1690482},,2A1690482,,market_index_alert,,,
124,market_index_alert,<31137204.20260819091904.6a8575081ce6f9.67122745@mail177-5.suw61.mandrillapp.com>,3902,AZI,Notification regarding unquoted securities - AZI,,other,f,2026-08-19 09:17:00+00,,,,not_applicable,market_index_alert,2026-08-19 09:19:04+00,ecdc3641eaf10f565b0a7433b0a02d3e5f738bc90b9c2a3ed23a310130f9cc0b,,{https://www.marketindex.com.au/asx/azi/announcements/notification-regarding-unquoted-securities-azi-6A1339287},,6A1339287,,market_index_alert,,,
130,market_index_alert,<31137204.20260819053701.6a8540fda44c04.57865014@mail132-2.atl131.mandrillapp.com>,3915,BCA,Application for quotation of securities - BCA,,app_2a,f,2026-08-19 05:33:00+00,,,,not_applicable,market_index_alert,2026-08-19 05:37:01+00,974f13a7642e23796b9736faf93ef3c99cf7243840941153fceabdd03236d8cb,,{https://www.marketindex.com.au/asx/bca/announcements/application-for-quotation-of-securities-bca-6A1339234},,6A1339234,,market_index_alert,,,
131,market_index_alert,<31137204.20260819053808.6a8541409864c8.76558505@mail132-2.atl131.mandrillapp.com>,3915,BCA,Cleansing Notice,,cleansing_notice,f,2026-08-19 05:36:00+00,,,,not_applicable,market_index_alert,2026-08-19 05:38:08+00,54109518c74b11bc0710326b5ec53759d7eb64d48669b04fb3344556ea20dbf3,,{https://www.marketindex.com.au/asx/bca/announcements/cleansing-notice-6A1339235},,6A1339235,,market_index_alert,,,
132,market_index_alert,<31137204.20260819053903.6a854177277806.41402872@mail177-5.suw61.mandrillapp.com>,,BH6,Change in substantial holding,,substantial_604,f,2026-08-19 05:38:00+00,,,,not_applicable,market_index_alert,2026-08-19 05:39:03+00,95f022c46bd2ccf3d334bfbeef8e3e3cfc599e5cde23133ab6da7a33b1b2306e,,{https://www.marketindex.com.au/asx/bh6/announcements/change-in-substantial-holding-3A699179},,3A699179,,market_index_alert,,,
133,market_index_alert,<31137204.20260819054009.6a8541b941e4e6.13289490@mail177-5.suw61.mandrillapp.com>,3915,BCA,Change of Director's Interest Notice,,app_3y,f,2026-08-19 05:39:00+00,,,,detected,market_index_alert,2026-08-19 05:40:09+00,4a544fbd7ecc6589fc2d7e33ff0889953ffbfaa0012da7a167d6dc811b7ef563,,{https://www.marketindex.com.au/asx/bca/announcements/change-of-directors-interest-notice-6A1339237},,6A1339237,,market_index_alert,,,
134,market_index_alert,<31137204.20260819054009.6a8541b99ad018.52337068@mail132-2.atl131.mandrillapp.com>,3915,BCA,Change of Director's Interest Notice,,app_3y,f,2026-08-19 05:38:00+00,,,,detected,market_index_alert,2026-08-19 05:40:09+00,7998bd25a0bf70f81b791a643e0b3a704589b161e1c6e698ecfbee9c58ea9afb,,{https://www.marketindex.com.au/asx/bca/announcements/change-of-directors-interest-notice-6A1339236},,6A1339236,,market_index_alert,,,
135,market_index_alert,<31137204.20260819054507.6a8542e3a65b32.00653763@mail177-5.suw61.mandrillapp.com>,3915,BCA,Change of Director's Interest Notice,,app_3y,f,2026-08-19 05:42:00+00,,,,detected,market_index_alert,2026-08-19 05:45:07+00,e74137cd9b35d35b8c218270e936eef50e7c7d4a747cb25a57ae678e2d377ec1,,{https://www.marketindex.com.au/asx/bca/announcements/change-of-directors-interest-notice-6A1339238},,6A1339238,,market_index_alert,,,
136,market_index_alert,<31137204.20260819061105.6a8548f9764a20.38900758@mail177-5.suw61.mandrillapp.com>,4540,ING,Ceasing to be a substantial holder,,substantial_605,f,2026-08-19 06:07:00+00,,,,not_applicable,market_index_alert,2026-08-19 06:11:05+00,d8c8c0751eba734757fde483069416da3a2d7c4d7beff5765d209d3a1b17d136,,{https://www.marketindex.com.au/asx/ing/announcements/ceasing-to-be-a-substantial-holder-2A1690440},,2A1690440,,market_index_alert,,,
137,market_index_alert,<31137204.20260819061914.6a854ae279a2f6.57974135@mail177-5.suw61.mandrillapp.com>,4152,CWY,Ceasing to be a substantial holder from CGF,,substantial_605,f,2026-08-19 06:17:00+00,,,,not_applicable,market_index_alert,2026-08-19 06:19:14+00,3caaaf1bb4ad11b137bc25752e1fa4c4995404f5601860926b5996e9a36c3a77,,{https://www.marketindex.com.au/asx/cwy/announcements/ceasing-to-be-a-substantial-holder-from-cgf-3A699185},,3A699185,,market_index_alert,,,
138,market_index_alert,<31137204.20260819062101.6a854b4d0a79e2.55531533@mail177-5.suw61.mandrillapp.com>,4056,CGF,Ceasing to be a substantial holder for CWY,,substantial_605,f,2026-08-19 06:17:00+00,,,,not_applicable,market_index_alert,2026-08-19 06:21:01+00,ed95b794a6f3d38c1049d2263ea683871b278657eab173a0e9b28e1a11d0e09e,,{https://www.marketindex.com.au/asx/cgf/announcements/ceasing-to-be-a-substantial-holder-for-cwy-2A1690444},,2A1690444,,market_index_alert,,,
139,market_index_alert,<31137204.20260819062103.6a854b4fc274e9.21613471@mail177-5.suw61.mandrillapp.com>,4301,EWC,Appointment of Joint Company Secretary,,other,f,2026-08-19 06:19:00+00,,,,not_applicable,market_index_alert,2026-08-19 06:21:03+00,4020ec6dc4a788c8edcd6c21b51aa9e1c8e9a94ce76686257139da9dae0ee11f,,{https://www.marketindex.com.au/asx/ewc/announcements/appointment-of-joint-company-secretary-2A1690443},,2A1690443,,market_index_alert,,,
140,market_index_alert,<31137204.20260819062200.6a854b8871c979.99646523@mail132-2.atl131.mandrillapp.com>,4144,CVB,Change of Director's Interest Notice - Arun Singh,,app_3y,f,2026-08-19 06:18:00+00,2026-08-19 13:53:24.491113+00,fa2a90f175aefe27b1e6a77324a28a47e47515471f52e58d588412c4508889a2,/home/user/asx-data/raw/fa/2a/fa2a90f175aefe27b1e6a77324a28a47e47515471f52e58d588412c4508889a2,unparsed,market_index_alert,2026-08-19 06:22:00+00,717f7b46537d4af2e0aa202a5371d8aede0cedd5ffcc46c748062930ec1afd22,manual_capture,{https://www.marketindex.com.au/asx/cvb/announcements/change-of-directors-interest-notice-arun-singh-3A699183},,3A699183,,market_index_alert,"Appendix	3Y	Change	of	Director’s	Interest	Notice		 
	+	See	chapter	19	for	defined	terms.		01/01/2011	 Appendix	3Y		Page	1		
Rule	3.19A.2	Appendix 3Y  Change of Director’s Interest Notice  Information	or	documents	not	available	now	must	be	given	to	ASX	as	soon	as	available.		Information	and	documents	given	to	ASX	become	ASX’s	property	and	may	be	made	public.	Introduced 30/09/01  Amended 01/01/11  Name of entity :     CurveBeam AI Limited ABN                    :     32 140 706 618  We	(the	entity)	give	ASX	the	following	information	under	listing	rule	3.19A.2	and	as	agent	for	the	director	for	the	purposes	of	section	205G	of	the	Corporations	Act.				Name of Director Arun	Bahadur	Singh	Date of last notice 11	December	2025		 Part 1 - Change of director’s relevant interests in securities In	the	case	of	a	trust,	this	includes	interests	in	the	trust	made	available	by	the	responsible	entity	of	the	trust	 Note:	In	the	case	of	a	company,	interests	which	come	within	paragraph	(i)	of	the	definition	of	“notifiable	interest	of	a	director”	should	be	disclosed	in	this	part.	 Direct or indirect interest Indirect	Nature of indirect interest (including registered holder) Note:	Provide	details	of	the	circumstances	giving	rise	to	the	relevant	interest.	 
Wife	of	Director	
Date of change 1	July	2026		No. of securities held prior to change Direct 32,501,692	ordinary	shares			530,481	 Plan	 Options,	 with	 an	 exercise	price	 of	 $0.8016	 and	 expiry	 date	 of	 16	August	2029		1,409,032	Plan	Options	with	exercise	price	of	$0.31	and	expiry	of	13-Dec-2030	 Indirect 10,776,511	 ordinary	 shares	 through	Susmita	 Singh	 (as	 trustee	 for	 the	 Arun	Singh	Family	Trust)		
For personal use only

Appendix	3Y	Change	of	Director’s	Interest	Notice		 
	+	See	chapter	19	for	defined	terms.		Appendix	3Y	Page	2	 01/01/2011		
Class Ordinary	Shares										Number acquired 20,415	Number disposed n/a		Value/Consideration Note:	 If	 consideration	 is	 non-cash,	 provide	 details	 and	 estimated	valuation	 $2,802.98	at	FY2025	VWAP	
No. of securities held after change Direct 32,501,692	ordinary	shares			530,481	 Plan	 Options,	 with	 an	 exercise	price	 of	 $0.8016	 and	 expiry	 date	 of	 16	August	2029		1,409,032	Plan	Options	with	exercise	price	of	$0.31	and	expiry	of	13-Dec-2030	 Indirect 10,796,926	ordinary	 shares	 through	Susmita	 Singh	 (as	 trustee	 for	 the	 Arun	Singh	Family	Trust)	
For personal use only

Appendix	3Y	Change	of	Director’s	Interest	Notice		 
	+	See	chapter	19	for	defined	terms.		01/01/2011	 Appendix	3Y		Page	3		
Nature of change Example:	on-market	trade,	off-market	trade,	exercise	of	options,	issue	of	securities	under	dividend	reinvestment	plan,	participation	in	buy-back 
STI	Remuneration	for	FY2025	at	VWAP	for	FY2025	of	$0.1373	for	Susmita	Singh	(wife	of	 Director)	 who	 holds	 an	 admin	 position	in	the	US	business.	Susmita	was	one	of	52	employees	 in	 a	 bulk	 share	 issue	 and	 her	modest	share	issue	was	initially	missed	at	the	 time	 of	 the	 issue	 as	 relating	 to	 a	Director	 Interest.	 The	 holding	account	is	marked	as	a	Director	holding	on	the	share	register	 and	 the	 non-update	 of	 the	Director	 interest	 has	 been	 picked	 up	 in	year-end	work.	
 Part 2 – Change of director’s interests in contracts 	Note:	In	the	case	of	a	company,	interests	which	come	within	paragraph	(ii)	of	the	definition	of	“notifiable	interest	of	a	director”	should	be	disclosed	in	this	part.  Detail of contract 	Nature of interest   	
Name of registered holder (if issued securities)  	
Date of change 	No. and class of securities to which interest related prior to change Note:	 Details	 are	 only	 required	 for	 a	 contract	 in	relation	to	which	the	interest	has	changed		
	
Interest acquired 	Interest disposed 	Value/Consideration Note:	 If	 consideration	 is	 non-cash,	 provide	 details	and	an	estimated	valuation			
	
Interest after change 	 
For personal use only

Appendix	3Y	Change	of	Director’s	Interest	Notice		 
	+	See	chapter	19	for	defined	terms.		Appendix	3Y	Page	4	 01/01/2011		
Part 3 – +Closed period  Were the interests in the securities or contracts detailed above traded during a +closed period where prior written clearance was required? N/A 
If so, was prior written clearance provided to allow the trade to proceed during this period?  If prior written clearance was provided, on what date was this provided?     For personal use only",919ee35b174c88415b74293ea21e342f26d43a3afae5a6650118dc1797c92af2,pypdf-6.16.1
141,market_index_alert,<31137204.20260819062458.6a854c3a032919.16560595@mail132-2.atl131.mandrillapp.com>,4058,CGR,Notification of cessation of securities - CGR,,other,f,2026-08-19 06:20:00+00,,,,not_applicable,market_index_alert,2026-08-19 06:24:58+00,42405b331a23954bd68efb8577baa0fcc32923b2f12cd4b66e03df0377444480,,{https://www.marketindex.com.au/asx/cgr/announcements/notification-of-cessation-of-securities-cgr-6A1339246},,6A1339246,,market_index_alert,,,
142,market_index_alert,<31137204.20260819062505.6a854c41ccc905.00846619@mail177-5.suw61.mandrillapp.com>,5155,SGQ,Application for quotation of securities - SGQ,,app_2a,f,2026-08-19 06:22:00+00,,,,not_applicable,market_index_alert,2026-08-19 06:25:05+00,a16470d9eded92b3ab479b3e5361546a94d66c2bff8b240488562703c06f34ca,,{https://www.marketindex.com.au/asx/sgq/announcements/application-for-quotation-of-securities-sgq-6A1339248},,6A1339248,,market_index_alert,,,
143,market_index_alert,<31137204.20260819062607.6a854c7f531198.27871888@mail132-2.atl131.mandrillapp.com>,3915,BCA,Change of Director's Interest Notice,,app_3y,f,2026-08-19 06:23:00+00,,,,detected,market_index_alert,2026-08-19 06:26:07+00,a952d9d8d75726f20eaf5a40a35ce0b9b51b4176a22f9ddcc2603021b41109d6,,{https://www.marketindex.com.au/asx/bca/announcements/change-of-directors-interest-notice-6A1339247},,6A1339247,https://cdn-api.markitdigital.com/apiman-gateway/ASX/asx-research/1.0/file/2924-03123008-6A1339247,market_index_alert,,,
144,market_index_alert,<31137204.20260819062709.6a854cbd835ac0.08871463@mail132-2.atl131.mandrillapp.com>,5155,SGQ,Cleansing Statement,,cleansing_notice,f,2026-08-19 06:23:00+00,,,,not_applicable,market_index_alert,2026-08-19 06:27:09+00,b1fc9a38af4a2896d26cf6d1fdcda2e9c826a215249001a3b06147066dcf7d2e,,{https://www.marketindex.com.au/asx/sgq/announcements/cleansing-statement-6A1339250},,6A1339250,,market_index_alert,,,
145,market_index_alert,<31137204.20260819063116.6a854db4ece7c9.30346159@mail177-5.suw61.mandrillapp.com>,5155,SGQ,Appendix 3Y x2,,app_3y,f,2026-08-19 06:27:00+00,,,,detected,market_index_alert,2026-08-19 06:31:16+00,54b4d343caaa813685dcfbec91a6cbc257975564bc8f642202a96e18e8148100,,{https://www.marketindex.com.au/asx/sgq/announcements/appendix-3y-x2-6A1339252},,6A1339252,,market_index_alert,,,
146,market_index_alert,<31137204.20260819063608.6a854ed871db77.79660345@mail132-2.atl131.mandrillapp.com>,3811,AOV,Notification regarding unquoted securities - AOV,,other,f,2026-08-19 06:35:00+00,,,,not_applicable,market_index_alert,2026-08-19 06:36:08+00,945b2feb45692b02c99021528fdc90aa1fa0a53dd84a478bbccbe0bbe9962f16,,{https://www.marketindex.com.au/asx/aov/announcements/notification-regarding-unquoted-securities-aov-3A699188},,3A699188,,market_index_alert,,,
147,market_index_alert,<31137204.20260819063610.6a854eda3a79e9.06278508@mail132-2.atl131.mandrillapp.com>,3811,AOV,Notification of cessation of securities - AOV,,other,f,2026-08-19 06:33:00+00,,,,not_applicable,market_index_alert,2026-08-19 06:36:10+00,8505de1c5d25a1dab6b1cb113a052d30da321d60d2f723cdeef6e354b19b7aa0,,{https://www.marketindex.com.au/asx/aov/announcements/notification-of-cessation-of-securities-aov-3A699187},,3A699187,,market_index_alert,,,
148,market_index_alert,<31137204.20260819063612.6a854edc8190b3.91438433@mail132-2.atl131.mandrillapp.com>,5434,WIA,Notice of General Meeting/Proxy Form,,notice_of_meeting,f,2026-08-19 06:35:00+00,,,,not_applicable,market_index_alert,2026-08-19 06:36:12+00,cfebea5a40d102c588eb6731c8afc016344f70856d06f04314b008b2e62cce78,,{https://www.marketindex.com.au/asx/wia/announcements/notice-of-general-meetingproxy-form-6A1339253},,6A1339253,,market_index_alert,,,
149,market_index_alert,<31137204.20260819064405.6a8550b50d01c5.42790502@mail177-5.suw61.mandrillapp.com>,4957,PIC,Daily Net Tangible Asset Statement,,other,f,2026-08-19 06:42:00+00,,,,not_applicable,market_index_alert,2026-08-19 06:44:05+00,07a1f42e2a13ec6967160a54b1aff3aba35594ea763f699bb715767ad44dc8c4,,{https://www.marketindex.com.au/asx/pic/announcements/daily-net-tangible-asset-statement-2A1690454},,2A1690454,,market_index_alert,,,
150,market_index_alert,<31137204.20260819064413.6a8550bd6b3802.01708917@mail132-2.atl131.mandrillapp.com>,4571,JDO,Ceasing to be a substantial holder from MQG,,substantial_605,f,2026-08-19 06:41:00+00,,,,not_applicable,market_index_alert,2026-08-19 06:44:13+00,55bf7fb5c621315ed60b4efb7ea971b408146016c8b61f48e84ad3b3a86c86b8,,{https://www.marketindex.com.au/asx/jdo/announcements/ceasing-to-be-a-substantial-holder-from-mqg-2A1690452},,2A1690452,,market_index_alert,,,
151,market_index_alert,<31137204.20260819070310.6a85552ec37677.43219133@mail177-5.suw61.mandrillapp.com>,3837,ARR,Notification of cessation of securities - ARR,,other,f,2026-08-19 07:01:00+00,,,,not_applicable,market_index_alert,2026-08-19 07:03:10+00,461a3da5fb444e75009c2acebc8367c598b4def2826e391726ee5ab3f4d5fd6b,,{https://www.marketindex.com.au/asx/arr/announcements/notification-of-cessation-of-securities-arr-2A1690456},,2A1690456,,market_index_alert,,,
152,market_index_alert,<31137204.20260819070552.6a8555d0de2337.84997370@mail132-2.atl131.mandrillapp.com>,3907,BAP,Ceasing to be a substantial holder,,substantial_605,f,2026-08-19 07:02:00+00,,,,not_applicable,market_index_alert,2026-08-19 07:05:52+00,b2d43d1bf9c41b03091db64a895c06badebd9eb9c87348a666339e7e38577d1e,,{https://www.marketindex.com.au/asx/bap/announcements/ceasing-to-be-a-substantial-holder-3A699192},,3A699192,,market_index_alert,,,
176,market_index_alert,<31137204.20260818220607.6a84d74f47d9a0.11417547@mail177-5.suw61.mandrillapp.com>,3735,AEV,Renounceable Rights Issue - Commencement of Rights Trading,,other,t,2026-08-18 22:02:00+00,,,,not_applicable,market_index_alert,2026-08-18 22:06:07+00,b522ba2c4606f9b4d29f03f13a2f6befdd18fcbb1fca72e8bfd13d8d71d36ea2,,{https://www.marketindex.com.au/asx/aev/announcements/renounceable-rights-issue-commencement-of-rights-trading-6A1339085},,6A1339085,,market_index_alert,,,
177,market_index_alert,<31137204.20260818220614.6a84d756b62436.74866835@mail177-5.suw61.mandrillapp.com>,5436,WJL,Update - Notification of buy-back - WJL,,other,f,2026-08-18 22:03:00+00,,,,not_applicable,market_index_alert,2026-08-18 22:06:14+00,dac3a7c28151b12c9911935546d6d3bac765fdb533b72da543f9af25024edc1d,,{https://www.marketindex.com.au/asx/wjl/announcements/update-notification-of-buyback-wjl-3A699074},,3A699074,,market_index_alert,,,
178,market_index_alert,<31137204.20260818220620.6a84d75cafcc23.27861210@mail132-2.atl131.mandrillapp.com>,3775,ALC,FY26 Appendix 4G,,other,f,2026-08-18 22:00:00+00,,,,not_applicable,market_index_alert,2026-08-18 22:06:20+00,29a63e73d66fbdf2c2d689cc1588464408a6055dd2b165960999e6adccd83aef,,{https://www.marketindex.com.au/asx/alc/announcements/fy26-appendix-4g-3A699081},,3A699081,,market_index_alert,,,
179,market_index_alert,<31137204.20260818222511.6a84dbc7b95ec6.48202446@mail177-5.suw61.mandrillapp.com>,3980,BRK,Whalers Well Advances into Woodford Lateral,,other,t,2026-08-18 22:22:00+00,,,,not_applicable,market_index_alert,2026-08-18 22:25:11+00,00c878c3d04b9472e14676655964d731aef41947b752886ea4b1314b7b539693,,{https://www.marketindex.com.au/asx/brk/announcements/whalers-well-advances-into-woodford-lateral-6A1339120},,6A1339120,,market_index_alert,,,
180,market_index_alert,<31137204.20260818222710.6a84dc3ed10222.71477644@mail177-5.suw61.mandrillapp.com>,3968,BOL,Dividend/Distribution - BOL,,other,f,2026-08-18 22:25:00+00,,,,not_applicable,market_index_alert,2026-08-18 22:27:10+00,977b5942b38f10ee30b18c56573a30eae3384c6fdac1df4e89c272c58407ce90,,{https://www.marketindex.com.au/asx/bol/announcements/dividenddistribution-bol-3A699089},,3A699089,,market_index_alert,,,
181,market_index_alert,<31137204.20260818222757.6a84dc6d5b3b28.65757550@mail177-5.suw61.mandrillapp.com>,3968,BOL,Appendix 4E Preliminary Final Report FY26,,other,t,2026-08-18 22:25:00+00,,,,not_applicable,market_index_alert,2026-08-18 22:27:57+00,43e0e45db0374a9a8963718d9ccbeaf30c3e6ebef7872e84c29ceb31504a6dcf,,{https://www.marketindex.com.au/asx/bol/announcements/appendix-4e-preliminary-final-report-fy26-3A699088},,3A699088,,market_index_alert,,,
182,market_index_alert,<31137204.20260818223047.6a84dd178a5800.41274776@mail177-5.suw61.mandrillapp.com>,3666,1CG,One Click Appoints Shane Lavagna-Slater to Grow Little Money,,other,f,2026-08-18 22:26:00+00,,,,not_applicable,market_index_alert,2026-08-18 22:30:47+00,7150749ed083316173eabf2cc53c81b9620dc581836230d56875464455181734,,{https://www.marketindex.com.au/asx/1cg/announcements/one-click-appoints-shane-lavagnaslater-to-grow-little-money-6A1339121},,6A1339121,,market_index_alert,,,
183,market_index_alert,<31137204.20260818223110.6a84dd2e4076d6.72828306@mail177-5.suw61.mandrillapp.com>,3671,3DA,Appendix 4E and Audited Financial Report,,other,t,2026-08-18 22:29:00+00,,,,not_applicable,market_index_alert,2026-08-18 22:31:10+00,fabd1f3f88232e3a782d869984ea65cd1497fde9bce28e67baf3bbcacd7d7e8e,,{https://www.marketindex.com.au/asx/3da/announcements/appendix-4e-and-audited-financial-report-3A699090},,3A699090,,market_index_alert,,,
184,market_index_alert,<31137204.20260818223210.6a84dd6a4c14b6.57810450@mail132-2.atl131.mandrillapp.com>,3968,BOL,Appendix 4G and Corporate Governance Statement,,other,f,2026-08-18 22:31:00+00,,,,not_applicable,market_index_alert,2026-08-18 22:32:10+00,f982d4e458ebfbfcc868f656b78ccdacbf87c5165c09eff7ca4300f454fc3fc2,,{https://www.marketindex.com.au/asx/bol/announcements/appendix-4g-and-corporate-governance-statement-3A699092},,3A699092,,market_index_alert,,,
185,market_index_alert,<31137204.20260818223210.6a84dd6a283640.33497790@mail132-2.atl131.mandrillapp.com>,3968,BOL,Annual Report to shareholders,,annual_report,f,2026-08-18 22:30:00+00,,,,not_applicable,market_index_alert,2026-08-18 22:32:10+00,130e30730bf81437a2a1a86294ed489dc68cf3b57dc6ff3a6dcabb4178a2b477,,{https://www.marketindex.com.au/asx/bol/announcements/annual-report-to-shareholders-3A699091},,3A699091,,market_index_alert,,,
186,market_index_alert,<31137204.20260818223511.6a84de1fd1db93.01014471@mail177-5.suw61.mandrillapp.com>,3968,BOL,Full Year Results Investor Presentation,,other,t,2026-08-18 22:34:00+00,,,,not_applicable,market_index_alert,2026-08-18 22:35:11+00,cd9af48ac28910723ad73919803cf223ff8f9fa4d82ba136061f70fa23ae02fc,,{https://www.marketindex.com.au/asx/bol/announcements/full-year-results-investor-presentation-3A699097},,3A699097,,market_index_alert,,,
187,market_index_alert,<31137204.20260818223659.6a84de8bc6c976.08529754@mail132-2.atl131.mandrillapp.com>,3968,BOL,Full Year Results Media Release,,other,t,2026-08-18 22:33:00+00,,,,not_applicable,market_index_alert,2026-08-18 22:36:59+00,60731f847a72eac69af0e79164e4e425f3e92b159cdf38ab5a5bd4dfebf08a53,,{https://www.marketindex.com.au/asx/bol/announcements/full-year-results-media-release-3A699095},,3A699095,,market_index_alert,,,
188,market_index_alert,<178a9f99c942c15cd57e649b8.16c993ab1d.20260818223956.692b42ca73.80ab6ef8@mail105.sea21.rsgsv.net>,,,Morning Wrap: ASX 200 eyes sixth day of losses as AI selloff and bond yields hit Wall Street,,other,,,,,,not_applicable,market_index_alert,2026-08-18 22:40:16+00,229be12ca3cf5e089fc4c46ae147fc51bfa1a02a3aad59ed9edaf71f1abba5ef,,,,,,,,,
189,market_index_alert,<31137204.20260818224051.6a84df73d0ac91.18075643@mail177-5.suw61.mandrillapp.com>,3671,3DA,Appendix 4G and Corporate Governance Statement,,other,f,2026-08-18 22:37:00+00,,,,not_applicable,market_index_alert,2026-08-18 22:40:51+00,9d32a90c90cd2f3f05b8ed79e186aacb6c92731b129253c8df0c229b92ed271c,,{https://www.marketindex.com.au/asx/3da/announcements/appendix-4g-and-corporate-governance-statement-3A699099},,3A699099,,market_index_alert,,,
190,market_index_alert,<31137204.20260818224121.6a84df91ad6573.65393988@mail132-2.atl131.mandrillapp.com>,3779,ALL,Update - Notification of buy-back - ALL,,other,f,2026-08-18 22:37:00+00,,,,not_applicable,market_index_alert,2026-08-18 22:41:21+00,fd086fa61c024367839d98d4f633fd2cfac22f4ace10702c20bdaf94396a1149,,{https://www.marketindex.com.au/asx/all/announcements/update-notification-of-buyback-all-2A1690316},,2A1690316,,market_index_alert,,,
191,market_index_alert,<31137204.20260818224818.6a84e132dffc62.96258489@mail132-2.atl131.mandrillapp.com>,3841,ARX,Chairman's Address - AGM,,other,f,2026-08-18 22:44:00+00,,,,not_applicable,market_index_alert,2026-08-18 22:48:18+00,822a02e87edad1b1093f65c71ac235c7277cb8e7c403cd3c83a7c06bc5f25dc6,,{https://www.marketindex.com.au/asx/arx/announcements/chairmans-address-agm-2A1690326},,2A1690326,,market_index_alert,,,
192,market_index_alert,<31137204.20260818225202.6a84e2122d3462.71544143@mail132-2.atl131.mandrillapp.com>,,BH6,White Dam Gold-Copper Project Update,,other,t,2026-08-18 22:51:00+00,,,,not_applicable,market_index_alert,2026-08-18 22:52:02+00,96463329973341e63f73a0f32df22042e081abaa0fd505c2ce4046fe482f330b,,{https://www.marketindex.com.au/asx/bh6/announcements/white-dam-goldcopper-project-update-3A699108},,3A699108,,market_index_alert,,,
193,market_index_alert,<31137204.20260818225412.6a84e2941e1944.21789917@mail132-2.atl131.mandrillapp.com>,3841,ARX,CEO Presentation - AGM,,other,f,2026-08-18 22:51:00+00,,,,not_applicable,market_index_alert,2026-08-18 22:54:12+00,113b7ad6d9f5c33a1bbb09011c547ce24ca73893972b89592a7255a18b83cdd4,,{https://www.marketindex.com.au/asx/arx/announcements/ceo-presentation-agm-2A1690334},,2A1690334,,market_index_alert,,,
194,market_index_alert,<31137204.20260818230404.6a84e4e4c3c141.04821807@mail132-2.atl131.mandrillapp.com>,3868,AUA,Trading Halt,,other,t,2026-08-18 23:02:00+00,,,,not_applicable,market_index_alert,2026-08-18 23:04:04+00,bd5dd5736aca901a83a141d97c567d40ff003fa4a974a2c507607e4f6da366ad,,{https://www.marketindex.com.au/asx/aua/announcements/trading-halt-2A1690351},,2A1690351,,market_index_alert,,,
195,market_index_alert,<31137204.20260818230518.6a84e52ede12f5.70034127@mail177-5.suw61.mandrillapp.com>,4056,CGF,Dividend/Distribution - CGF,,other,f,2026-08-18 23:03:00+00,,,,not_applicable,market_index_alert,2026-08-18 23:05:18+00,10ca1093a7c49d60a60de9cb5aeef67a848a5c1e34db3469d26c25cfdba356ab,,{https://www.marketindex.com.au/asx/cgf/announcements/dividenddistribution-cgf-2A1690353},,2A1690353,,market_index_alert,,,
196,market_index_alert,<31137204.20260818230704.6a84e598edb5f7.78831842@mail177-5.suw61.mandrillapp.com>,4036,CCO,Investor Update Presentation,,other,f,2026-08-18 23:04:00+00,,,,not_applicable,market_index_alert,2026-08-18 23:07:04+00,6a9c27564bc6e30f30ad625ff687dcaa92e8e19f0c42d3f5cad6a9ac80353f47,,{https://www.marketindex.com.au/asx/cco/announcements/investor-update-presentation-6A1339141},,6A1339141,,market_index_alert,,,
197,market_index_alert,<31137204.20260818231203.6a84e6c34325b6.69812199@mail132-2.atl131.mandrillapp.com>,4063,CHM,CHM ceases enrolment in Phase 1 trial and Company update,,other,t,2026-08-18 23:08:00+00,,,,not_applicable,market_index_alert,2026-08-18 23:12:03+00,b943ace279dec38bd906ae815ea27180aa8adb0078f61e51a94568c42fde6f0d,,{https://www.marketindex.com.au/asx/chm/announcements/chm-ceases-enrolment-in-phase-1-trial-and-company-update-2A1690321},,2A1690321,,market_index_alert,,,
198,market_index_alert,<31137204.20260818231204.6a84e6c49513f1.34498740@mail177-5.suw61.mandrillapp.com>,4186,DJW,Update - Notification of buy-back - DJW,,other,f,2026-08-18 23:10:00+00,,,,not_applicable,market_index_alert,2026-08-18 23:12:04+00,2e6ea5232ccf653d97a85de582cfd151228c20776a767411dc0db495f4dae9f8,,{https://www.marketindex.com.au/asx/djw/announcements/update-notification-of-buyback-djw-3A699119},,3A699119,,market_index_alert,,,
199,market_index_alert,<31137204.20260818231214.6a84e6ce27f6c1.06748480@mail132-2.atl131.mandrillapp.com>,3738,AFI,Update - Notification of buy-back - AFI,,other,f,2026-08-18 23:11:00+00,,,,not_applicable,market_index_alert,2026-08-18 23:12:14+00,d117f521763c6d868bd763ae0d995645bac416a5eaea61b22468c5ba4683e229,,{https://www.marketindex.com.au/asx/afi/announcements/update-notification-of-buyback-afi-3A699121},,3A699121,,market_index_alert,,,
200,market_index_alert,<31137204.20260818231513.6a84e7817700f5.63495233@mail132-2.atl131.mandrillapp.com>,3721,ADN,Strategic HPA HOA with Traxys for US Market,,other,f,2026-08-18 23:12:00+00,,,,not_applicable,market_index_alert,2026-08-18 23:15:13+00,5ddf006d81bd0163cc2eca2defb5f43d43e15cdad90a157b24a16df53449ad3a,,{https://www.marketindex.com.au/asx/adn/announcements/strategic-hpa-hoa-with-traxys-for-us-market-2A1690359},,2A1690359,,market_index_alert,,,
201,market_index_alert,<31137204.20260818231604.6a84e7b4c9da33.65362381@mail132-2.atl131.mandrillapp.com>,4218,DXN,$4.1 million Edge Data Centre Contract for Melbourne Airport,,other,t,2026-08-18 23:13:00+00,,,,not_applicable,market_index_alert,2026-08-18 23:16:04+00,4bdf61ab254d81a38918cffd09e02beb08bdf7272c6d94cad5af49fa1da8d19f,,{https://www.marketindex.com.au/asx/dxn/announcements/41-million-edge-data-centre-contract-for-melbourne-airport-3A699123},,3A699123,,market_index_alert,,,
202,market_index_alert,<31137204.20260818231754.6a84e822f2ca09.28202936@mail132-2.atl131.mandrillapp.com>,4175,DCC,Update - Notification of buy-back - DCC,,other,f,2026-08-18 23:16:00+00,,,,not_applicable,market_index_alert,2026-08-18 23:17:54+00,85b220375bc13be7516647ca4e1f46f85cdf24e1a43032f7b1128c355524b8de,,{https://www.marketindex.com.au/asx/dcc/announcements/update-notification-of-buyback-dcc-6A1339152},,6A1339152,,market_index_alert,,,
203,market_index_alert,<31137204.20260818232401.6a84e991c24dd3.88587816@mail132-2.atl131.mandrillapp.com>,3913,BBT,FY26 Annual Results and Investor Presentation Call Details,,other,f,2026-08-18 23:20:00+00,,,,not_applicable,market_index_alert,2026-08-18 23:24:01+00,20acccf0cc568b7f71ebf84d3bacbc57fd790b1199016f8d6bad71e1d7552796,,{https://www.marketindex.com.au/asx/bbt/announcements/fy26-annual-results-and-investor-presentation-call-details-2A1690368},,2A1690368,,market_index_alert,,,
204,market_index_alert,<31137204.20260818233403.6a84ebeb6f90a1.86038665@mail132-2.atl131.mandrillapp.com>,4169,DAF,Trading Halt,,other,t,2026-08-18 23:32:00+00,,,,not_applicable,market_index_alert,2026-08-18 23:34:03+00,d503bcf82ead00f89cdf74cfbf3fc7fda63b04013a903d4a106c5ef2dad68254,,{https://www.marketindex.com.au/asx/daf/announcements/trading-halt-6A1339164},,6A1339164,,market_index_alert,,,
205,market_index_alert,<31137204.20260818234202.6a84edcabf4841.95930508@mail177-5.suw61.mandrillapp.com>,3679,6KA,Half Year 2026 Results Investor Webinar,,other,f,2026-08-18 23:40:00+00,,,,not_applicable,market_index_alert,2026-08-18 23:42:02+00,c85f7b9167cdb432f6911f387bedc9bc99d75d3bdfc67359de1e11bd2b82b1e8,,{https://www.marketindex.com.au/asx/6ka/announcements/half-year-2026-results-investor-webinar-3A699135},,3A699135,,market_index_alert,,,
206,market_index_alert,<31137204.20260818234309.6a84ee0d8995c7.74023995@mail177-5.suw61.mandrillapp.com>,4038,CCR,Executive changes,,other,t,2026-08-18 23:38:00+00,,,,not_applicable,market_index_alert,2026-08-18 23:43:09+00,d9114dc427a2e6bf9cc87a87bd696eea07f7f7d513590e063c254f83926d5a89,,{https://www.marketindex.com.au/asx/ccr/announcements/executive-changes-3A699132},,3A699132,,market_index_alert,,,
207,market_index_alert,<31137204.20260818234600.6a84eeb83b05e4.04867375@mail132-2.atl131.mandrillapp.com>,3706,ACE,Order Under Work Zone Enforcement Program in Kentucky USA,,other,f,2026-08-18 23:42:00+00,,,,not_applicable,market_index_alert,2026-08-18 23:46:00+00,0b1a0d4a1321fd71b02d74aca5dcd565c0c142c762f3506c1f4a3a6143c764a5,,{https://www.marketindex.com.au/asx/ace/announcements/order-under-work-zone-enforcement-program-in-kentucky-usa-2A1690376},,2A1690376,,market_index_alert,,,
208,market_index_alert,<31137204.20260818235154.6a84f01a22f037.44006520@mail132-2.atl131.mandrillapp.com>,3725,ADX,Sicily Channel New Acreage Gazettals,,other,t,2026-08-18 23:48:00+00,,,,not_applicable,market_index_alert,2026-08-18 23:51:54+00,3b503f67f8e5a19446791c0a96a1182f86085304103ea87566215dbcfa732c3d,,{https://www.marketindex.com.au/asx/adx/announcements/sicily-channel-new-acreage-gazettals-6A1339177},,6A1339177,,market_index_alert,,,
211,market_index_alert,<31137204.20260818235713.6a84f1599ee2d0.18147326@mail132-2.atl131.mandrillapp.com>,4774,MRD,Selectro Process Now Patent Protected,,other,t,2026-08-18 23:56:00+00,,,,not_applicable,market_index_alert,2026-08-18 23:57:13+00,a5d7cfeae4314148a5090a6c5729a9a632f0f5e5a785590e928894fab2e963ce,,{https://www.marketindex.com.au/asx/mrd/announcements/selectro-process-now-patent-protected-6A1339179},,6A1339179,,market_index_alert,,,
212,market_index_alert,<31137204.20260818235858.6a84f1c2baa359.11420339@mail177-5.suw61.mandrillapp.com>,3854,AT1,Managing Director & CEO Transition,,other,t,2026-08-18 23:55:00+00,,,,not_applicable,market_index_alert,2026-08-18 23:58:58+00,f09fa0d3d17954bf038e090a6d6b87dd20b6f46b4a9cfc69a1344a635fa5e160,,{https://www.marketindex.com.au/asx/at1/announcements/managing-director-ceo-transition-2A1690388},,2A1690388,,market_index_alert,,,
213,market_index_alert,<31137204.20260819000704.6a84f3a840f6f5.06942671@mail177-5.suw61.mandrillapp.com>,4054,CF1,Investor Presentation,,other,f,2026-08-19 00:06:00+00,,,,not_applicable,market_index_alert,2026-08-19 00:07:04+00,90cd55f6af83ae873fdf16b87ffba267453ad04fd5b14ea3218e7486b5c8d69f,,{https://www.marketindex.com.au/asx/cf1/announcements/investor-presentation-6A1339180},,6A1339180,,market_index_alert,,,
214,market_index_alert,<31137204.20260819000752.6a84f3d8293f13.96427255@mail177-5.suw61.mandrillapp.com>,3718,ADC,Maiden Drill Program Planned at Mount Jackson Gold Project,,other,t,2026-08-19 00:04:00+00,,,,not_applicable,market_index_alert,2026-08-19 00:07:52+00,6f8dcbedd6dd2b061601239d7b761bfdfb266997d5a4762785d5614f47bef98b,,{https://www.marketindex.com.au/asx/adc/announcements/maiden-drill-program-planned-at-mount-jackson-gold-project-3A699141},,3A699141,,market_index_alert,,,
219,market_index_alert,<31137204.20260819003005.6a84f90dd01637.25803730@mail132-2.atl131.mandrillapp.com>,5324,TRA,Turners Annual Meeting Voting Results,,other,f,2026-08-19 00:27:00+00,,,,not_applicable,market_index_alert,2026-08-19 00:30:05+00,6ed0053cce15388a2f578b80c713354382108b41df8331053582eceeeeef68a9,,{https://www.marketindex.com.au/asx/tra/announcements/turners-annual-meeting-voting-results-2A1690397},,2A1690397,,market_index_alert,,,
220,market_index_alert,<31137204.20260819003104.6a84f948575f02.00093127@mail177-5.suw61.mandrillapp.com>,5324,TRA,Turners Annual Meeting Chairman & CEO address,,other,f,2026-08-19 00:29:00+00,,,,not_applicable,market_index_alert,2026-08-19 00:31:04+00,91ccf506a8fa4e1ade5b9afb40fe825197e9d592bc78e0c3a3d216d5e4751294,,{https://www.marketindex.com.au/asx/tra/announcements/turners-annual-meeting-chairman-ceo-address-2A1690398},,2A1690398,,market_index_alert,,,
221,market_index_alert,<31137204.20260819003612.6a84fa7ce98235.81713181@mail177-5.suw61.mandrillapp.com>,4147,CVN,2026 Annual General Meeting,,other,f,2026-08-19 00:33:00+00,,,,not_applicable,market_index_alert,2026-08-19 00:36:12+00,306a657380e13166600daed37e81ee4cf3bbfe2e895d5b0e093db64844583bb1,,{https://www.marketindex.com.au/asx/cvn/announcements/2026-annual-general-meeting-6A1339187},,6A1339187,,market_index_alert,,,
222,market_index_alert,<31137204.20260819005110.6a84fdfe6dff30.51228839@mail177-5.suw61.mandrillapp.com>,3716,AD1,Application for quotation of securities - AD1,,app_2a,f,2026-08-19 00:50:00+00,,,,not_applicable,market_index_alert,2026-08-19 00:51:10+00,c3f2da6ae51a3555434a53fdae714fb599ef41428274786e9d22f8932de551b9,,{https://www.marketindex.com.au/asx/ad1/announcements/application-for-quotation-of-securities-ad1-3A699143},,3A699143,,market_index_alert,,,
223,market_index_alert,<31137204.20260819005305.6a84fe716a4f76.98477734@mail177-5.suw61.mandrillapp.com>,3716,AD1,Cleansing Notice,,cleansing_notice,f,2026-08-19 00:52:00+00,,,,not_applicable,market_index_alert,2026-08-19 00:53:05+00,4d3a343f8217f264feb851fc70522e915e1dc1cd62842dac30e8e7b21104f6e1,,{https://www.marketindex.com.au/asx/ad1/announcements/cleansing-notice-3A699144},,3A699144,,market_index_alert,,,
224,market_index_alert,<31137204.20260819005911.6a84ffdf2b8a65.96528402@mail177-5.suw61.mandrillapp.com>,3671,3DA,Change in substantial holding - Pegasus,,substantial_604,f,2026-08-19 00:57:00+00,,,,not_applicable,market_index_alert,2026-08-19 00:59:11+00,053c10995648bf994373753b876e04e211515e14e43990876487e4fbd1eef319,,{https://www.marketindex.com.au/asx/3da/announcements/change-in-substantial-holding-pegasus-3A699146},,3A699146,,market_index_alert,,,
225,market_index_alert,<31137204.20260819010111.6a8500577d1ef5.84872797@mail132-2.atl131.mandrillapp.com>,3671,3DA,Notification of cessation of securities - 3DA,,other,f,2026-08-19 00:59:00+00,,,,not_applicable,market_index_alert,2026-08-19 01:01:11+00,173273ff1b9c35d145f22ba55bca440f9e49d039708bbd2b60c67bb850569133,,{https://www.marketindex.com.au/asx/3da/announcements/notification-of-cessation-of-securities-3da-3A699147},,3A699147,,market_index_alert,,,
226,market_index_alert,<31137204.20260819010156.6a850084f1f7f2.50811539@mail132-2.atl131.mandrillapp.com>,3837,ARR,Updated- ARR appoints Nick Lissolo as CCO,,other,f,2026-08-19 00:57:00+00,,,,not_applicable,market_index_alert,2026-08-19 01:01:56+00,2b11121cea6616bfe023d46d7d526c51314e9462123b62bddefa48f6e94f8dca,,{https://www.marketindex.com.au/asx/arr/announcements/updated-arr-appoints-nick-lissolo-as-cco-2A1690400},,2A1690400,,market_index_alert,,,
227,market_index_alert,<31137204.20260819011809.6a8504516b9506.16931229@mail132-2.atl131.mandrillapp.com>,4496,HYD,Hydrix Executive Chair discusses growth strategy on ausbiz,,other,f,2026-08-19 01:17:00+00,,,,not_applicable,market_index_alert,2026-08-19 01:18:09+00,9a475de4d27d77603c1e26d09902166eb2914eb7ec85fc9b7e46448f73df182d,,{https://www.marketindex.com.au/asx/hyd/announcements/hydrix-executive-chair-discusses-growth-strategy-on-ausbiz-3A699148},,3A699148,,market_index_alert,,,
228,market_index_alert,<31137204.20260819011910.6a85048ec432f9.12556286@mail132-2.atl131.mandrillapp.com>,3898,AYA,Appendix 4E and Annual Report to Shareholders,,annual_report,t,2026-08-19 01:16:00+00,,,,not_applicable,market_index_alert,2026-08-19 01:19:10+00,56644f2c2a9bce4068216819859e6a9089b8644fe33051bc7796a64b9c5b0003,,{https://www.marketindex.com.au/asx/aya/announcements/appendix-4e-and-annual-report-to-shareholders-6A1339191},,6A1339191,,market_index_alert,,,
229,market_index_alert,<31137204.20260819012207.6a85053f3d1215.71912113@mail177-5.suw61.mandrillapp.com>,4272,EOL,Proposed issue of securities - EOL,,app_3b,f,2026-08-19 01:19:00+00,,,,not_applicable,market_index_alert,2026-08-19 01:22:07+00,da58c109389bfda95166bb9b5d5a51827eb0daa34c2c6beba887cf031e87b5dd,,{https://www.marketindex.com.au/asx/eol/announcements/proposed-issue-of-securities-eol-2A1690404},,2A1690404,,market_index_alert,,,
230,market_index_alert,<31137204.20260819012510.6a8505f6cc4b35.08807185@mail177-5.suw61.mandrillapp.com>,3767,AKA,Webinar Presentation - Comstock Pathway to Production,,other,f,2026-08-19 01:23:00+00,,,,not_applicable,market_index_alert,2026-08-19 01:25:10+00,c5022732ebcb07e1141d891cab3d2718ad733425eb44eaae3b9600679c810a72,,{https://www.marketindex.com.au/asx/aka/announcements/webinar-presentation-comstock-pathway-to-production-3A699150},,3A699150,,market_index_alert,,,
231,market_index_alert,<31137204.20260819012510.6a8505f6595159.80671151@mail132-2.atl131.mandrillapp.com>,3898,AYA,Corporate Governance Statement,,other,f,2026-08-19 01:24:00+00,,,,not_applicable,market_index_alert,2026-08-19 01:25:10+00,07efabe530116c306c6db69b9f557e768c0ba09835b28045ee25b28db5e6e407,,{https://www.marketindex.com.au/asx/aya/announcements/corporate-governance-statement-6A1339192},,6A1339192,,market_index_alert,,,
232,market_index_alert,<31137204.20260819013107.6a85075bad3ac6.83721205@mail177-5.suw61.mandrillapp.com>,3898,AYA,Appendix 4G,,other,f,2026-08-19 01:28:00+00,,,,not_applicable,market_index_alert,2026-08-19 01:31:07+00,fc732a207ad48c2e147fd09d243c1b18e4aceaf2dd7edfc6134c2a9ea3afdbf0,,{https://www.marketindex.com.au/asx/aya/announcements/appendix-4g-6A1339193},,6A1339193,,market_index_alert,,,
233,market_index_alert,<31137204.20260819013509.6a85084d85a638.35366915@mail177-5.suw61.mandrillapp.com>,4385,GDF,Acacia Ridge Industrial Leasing Update,,other,f,2026-08-19 01:34:00+00,,,,not_applicable,market_index_alert,2026-08-19 01:35:09+00,a5d0c36db8e4724df8d498f2f6c34a44df8cb6ecd1195803905eb630fb5911f8,,{https://www.marketindex.com.au/asx/gdf/announcements/acacia-ridge-industrial-leasing-update-2A1690406},,2A1690406,,market_index_alert,,,
234,market_index_alert,<31137204.20260819014608.6a850ae032be13.71520566@mail132-2.atl131.mandrillapp.com>,3728,AEF,Initial Substantial Shareholding for PXA,,other,f,2026-08-19 01:44:00+00,,,,not_applicable,market_index_alert,2026-08-19 01:46:08+00,f65be0839701d25d3722b7f9ff3c3ede6d61e3eede92cdfecc783f6456d85ae7,,{https://www.marketindex.com.au/asx/aef/announcements/initial-substantial-shareholding-for-pxa-2A1690409},,2A1690409,,market_index_alert,,,
235,market_index_alert,<31137204.20260819015723.6a850d832ce906.16896005@mail132-2.atl131.mandrillapp.com>,4698,MAH,Notification regarding unquoted securities - MAH,,other,f,2026-08-19 01:55:00+00,,,,not_applicable,market_index_alert,2026-08-19 01:57:23+00,0016a4cf4c9e78679fa45aa0e5bc275822953e5e6ab02e6e81e68c9624c16e6f,,{https://www.marketindex.com.au/asx/mah/announcements/notification-regarding-unquoted-securities-mah-6A1339195},,6A1339195,,market_index_alert,,,
236,market_index_alert,<31137204.20260819020008.6a850e2847d860.97155651@mail132-2.atl131.mandrillapp.com>,4272,EOL,Webinar Presentation,,other,f,2026-08-19 01:57:00+00,,,,not_applicable,market_index_alert,2026-08-19 02:00:08+00,4a3c7f6e5df5581847ff6216b5775dc7056ebb94022db98258cb69c6d802fdc7,,{https://www.marketindex.com.au/asx/eol/announcements/webinar-presentation-2A1690410},,2A1690410,,market_index_alert,,,
237,market_index_alert,<31137204.20260819020314.6a850ee29a4b22.84411138@mail132-2.atl131.mandrillapp.com>,3695,AAM,Becoming a substantial holder,,substantial_603,f,2026-08-19 02:02:00+00,,,,not_applicable,market_index_alert,2026-08-19 02:03:14+00,c67849790ae81504d10221c957b93dc49c5d9e4a2a2b9d356116922ece695ef4,,{https://www.marketindex.com.au/asx/aam/announcements/becoming-a-substantial-holder-6A1339196},,6A1339196,,market_index_alert,,,
238,market_index_alert,<31137204.20260819021712.6a8512281b9008.67924955@mail132-2.atl131.mandrillapp.com>,4016,CAM,Net Tangible Asset Backing - 18 August 2026,,other,f,2026-08-19 02:15:00+00,,,,not_applicable,market_index_alert,2026-08-19 02:17:12+00,0c7ff8f032e00c45d8d101bd86e618844c70b21ac71176d359bb2d86ad2acbc4,,{https://www.marketindex.com.au/asx/cam/announcements/net-tangible-asset-backing-18-august-2026-2A1690413},,2A1690413,,market_index_alert,,,
239,market_index_alert,<31137204.20260819022513.6a851409d38337.29076944@mail177-5.suw61.mandrillapp.com>,4698,MAH,Change of Directors' Interest Notice - Dharmendra Chandran,,other,f,2026-08-19 02:22:00+00,,,,not_applicable,market_index_alert,2026-08-19 02:25:13+00,7c41fd6fe3eaebbd4a7fd4df852891a7d8b40ad7f9fba4fa36af4f75f16dcd78,,{https://www.marketindex.com.au/asx/mah/announcements/change-of-directors-interest-notice-dharmendra-chandran-6A1339197},,6A1339197,,market_index_alert,,,
240,market_index_alert,<31137204.20260819022608.6a8514406e9819.00051680@mail132-2.atl131.mandrillapp.com>,4698,MAH,Change of Director's Interest Notice - Greg Evans,,app_3y,f,2026-08-19 02:25:00+00,2026-08-19 13:53:23.707555+00,9cbd88f051f17733b9b263cb3440b31f009f753cf225740bcb2e40417dc5fd8b,/home/user/asx-data/raw/9c/bd/9cbd88f051f17733b9b263cb3440b31f009f753cf225740bcb2e40417dc5fd8b,unparsed,market_index_alert,2026-08-19 02:26:08+00,ef7dbb29e20020887b113008ad8d5edf24f0ef147a452d85b929b0ef0f56ff8d,manual_capture,{https://www.marketindex.com.au/asx/mah/announcements/change-of-directors-interest-notice-greg-evans-6A1339198},,6A1339198,,market_index_alert,"Appendix 3Y 
Change of Director’s Interest Notice 
 
 
 
+ See chapter 19 for defined terms. 
 
01/01/2011 Appendix 3Y  Page 1 
 
Rule 3.19A.2 
Appendix 3Y 
 
Change of Director’s Interest Notice 
 
Information or documents not available now must be given to ASX as soon as available.  Information 
and documents given to ASX become ASX’s property and may be made public. 
Introduced 30/09/01  Amended 01/01/11 
 
 
Name of entity        MACMAHON HOLDINGS LIMITED  
ABN                         93 007 634 406 
 
We (the entity) give ASX the following information under listing rule 3.19A.2 and as agent for 
the director for the purposes of section 205G of the Corporations Act.   
 
 
Name of Director DHARMENDRA CHANDRAN 
Date of last notice 18 February 2026 
 
Part 1 - Change of director’s relevant interests in securities 
In the case of a trust, this includes interests in the trust made available by the responsible entity of the trust 
 
Note: In the case of a company, interests which come within paragraph (i) of the definition of “notifiable interest of a director” should 
be disclosed in this part. 
 
Direct or indirect interest Direct 
Nature of indirect interest 
(including registered holder) 
Note: Provide details of the circumstances giving rise to the 
relevant interest. 
Not applicable 
Date of change 19 August 2026 
No. of securities held prior to change 
364,348 Fully Paid Ordinary Shares held in 
the Macmahon Holdings Limited Employee 
Share Trust in accordance with the Non -
Executive Director Salary Sacrifice Plan. The 
shares are subject to trading restrictions. 
 
128,150 Share Rights (unquoted) held in the 
Macmahon Holdings Limited Employee 
Share Ownership Plans Trust in accordance 
with the Non -Executive Director Salary 
Sacrifice Plan (FY26 grant). 
Class Fully Paid Ordinary Shares 
Number acquired 128,150 
For personal use only

Appendix 3Y 
Change of Director’s Interest Notice 
 
 
 
+ See chapter 19 for defined terms. 
 
Appendix 3Y Page 2 01/01/2011 
 
Number disposed Nil 
Value/Consideration 
Note: If consideration is non -cash, provide details and estimated 
valuation 
 
Not applicable – 128,150 Fully Paid Ordinary 
Shares were issued upon vesting of Share 
Rights (unquoted) under the Non -Executive 
Director Salary Sacrifice Plan. The shares 
were acquired on market  by the Macmahon 
Holdings Limited Employee Share Ownership 
Plans Trust. 
No. of securities held after change 
492,498 Fully Paid Ordinary Shares held in 
the Macmahon Holdings Limited Employee 
Share Trust in accordance with the Non -
Executive Director Salary Sacrifice Plan. The 
shares are subject to trading restrictions. 
Nature of change 
Example: on -market trade, off -market trade, exercise of options, 
issue of securities under dividend reinvestment plan, participation 
in buy-back 
 
Fully Paid Ordinary Shares were issued upon 
vesting of Share Rights (unquoted) under the 
Non-Executive Director Salary Sacrifice Plan. 
The shares were acquired on market by the 
Macmahon Holdings Limited Employee 
Share Ownership Plans Trust. 
 
 
Part 2 – Change of director’s interests in contracts 
 
Note: In the case of a company, interests which come within paragraph (ii) of the definition of “notifiable interest of a director”  should 
be disclosed in this part. 
 
Detail of contract Not applicable 
Nature of interest 
 
 
Not applicable 
Name of registered holder 
(if issued securities) 
 
Not applicable 
Date of change Not applicable 
No. and class of securities to 
which interest related prior to 
change 
Note: Details are only required for a contract in 
relation to which the interest has changed 
 
Not applicable 
Interest acquired Not applicable 
Interest disposed Not applicable 
Value/Consideration 
Note: If consideration is non -cash, provide details 
and an estimated valuation  
 
Not applicable 
Interest after change Not applicable 
For personal use only

Appendix 3Y 
Change of Director’s Interest Notice 
 
 
 
+ See chapter 19 for defined terms. 
 
01/01/2011 Appendix 3Y  Page 3 
 
 
 
Part 3 – +Closed period 
 
Were the interests in the securities or contracts 
detailed above traded during a +closed period where 
prior written clearance was required? 
No 
 
 
If so, was prior-written clearance provided to allow the 
trade to proceed during this period? Not applicable 
If prior written clearance was provided, on what date 
was this provided? Not applicable 
 
 
For personal use only",ee295cc17ace8c3b704a15a4ac56d5335bf3524ee7de00b7967d185e9e9fc9dd,pypdf-6.16.1
241,market_index_alert,<31137204.20260819023108.6a85156cccd875.30629867@mail177-5.suw61.mandrillapp.com>,4038,CCR,Webinar notification - FY26 Results,,other,f,2026-08-19 02:29:00+00,,,,not_applicable,market_index_alert,2026-08-19 02:31:08+00,54959f1a05cc75fc9a9f67865a5cb30cd8234c25a7309e5fafed24a9a551f6ca,,{https://www.marketindex.com.au/asx/ccr/announcements/webinar-notification-fy26-results-3A699155},,3A699155,,market_index_alert,,,
242,market_index_alert,<31137204.20260819024648.6a851918564fc9.24759296@mail132-2.atl131.mandrillapp.com>,4694,MA1,Daily Estimate NTA for 18.08.2026,,other,f,2026-08-19 02:43:00+00,,,,not_applicable,market_index_alert,2026-08-19 02:46:48+00,14e4c5b65279c8239f091d70149745e286af26fee5e3ac58db4b0d37cdd0f858,,{https://www.marketindex.com.au/asx/ma1/announcements/daily-estimate-nta-for-18082026-2A1690417},,2A1690417,,market_index_alert,,,
243,market_index_alert,<31137204.20260819024814.6a85196ecbfe73.07150177@mail177-5.suw61.mandrillapp.com>,5061,REV,Weekly Estimate NTA for 18.08.2026,,other,f,2026-08-19 02:45:00+00,,,,not_applicable,market_index_alert,2026-08-19 02:48:14+00,f5f540999c5ce59d9425e460f49304d01c883b7de33c05611c6de327aa05e022,,{https://www.marketindex.com.au/asx/rev/announcements/weekly-estimate-nta-for-18082026-3A699156},,3A699156,,market_index_alert,,,
244,market_index_alert,<31137204.20260819030808.6a851e18bad2b0.83434802@mail132-2.atl131.mandrillapp.com>,3975,BPP,Entitlement Offer Closing Date Reminder,,other,f,2026-08-19 03:06:00+00,,,,not_applicable,market_index_alert,2026-08-19 03:08:08+00,b81e06de481a5553364cd09a783e25d2138fc3f87b0fb56129cf8bf02e484f09,,{https://www.marketindex.com.au/asx/bpp/announcements/entitlement-offer-closing-date-reminder-6A1339201},,6A1339201,,market_index_alert,,,
245,market_index_alert,<31137204.20260819032502.6a85220ece46f3.55566374@mail177-5.suw61.mandrillapp.com>,4619,KTA,Becoming a substantial holder,,substantial_603,f,2026-08-19 03:21:00+00,,,,not_applicable,market_index_alert,2026-08-19 03:25:02+00,ef053384a0570239c356e99c9e76d877a2cf0f98c032e7229a1c624e8d2f9b6f,,{https://www.marketindex.com.au/asx/kta/announcements/becoming-a-substantial-holder-6A1339203},,6A1339203,,market_index_alert,,,
246,market_index_alert,<31137204.20260819033708.6a8524e4da6fc7.17714353@mail177-5.suw61.mandrillapp.com>,4694,MA1,Equal access buy-back booklet (pricing date 30 Sep 2026),,other,t,2026-08-19 03:35:00+00,,,,not_applicable,market_index_alert,2026-08-19 03:37:08+00,7e63baf7330d62781bc061da5e1a31657ee4de5776b480f8c4118ab09ff248a2,,{https://www.marketindex.com.au/asx/ma1/announcements/equal-access-buyback-booklet-pricing-date-30-sep-2026-2A1690424},,2A1690424,,market_index_alert,,,
247,market_index_alert,<31137204.20260819034207.6a85260f508308.53707024@mail132-2.atl131.mandrillapp.com>,4694,MA1,Notification of buy-back - MA1,,other,f,2026-08-19 03:38:00+00,,,,not_applicable,market_index_alert,2026-08-19 03:42:07+00,2f7f269629638b3172492a32fbd80b453a725d5cea4a814b07770038135b4daa,,{https://www.marketindex.com.au/asx/ma1/announcements/notification-of-buyback-ma1-2A1690425},,2A1690425,,market_index_alert,,,
248,market_index_alert,<31137204.20260819034459.6a8526bb87e5c8.43208012@mail132-2.atl131.mandrillapp.com>,4694,MA1,Equal access buy-back pricing date 30 Sep 2026,,other,f,2026-08-19 03:41:00+00,,,,not_applicable,market_index_alert,2026-08-19 03:44:59+00,8bff3a8096d0f749f4e2cc44c987314f02e43bc593b6c6e148b20137a67bb1e6,,{https://www.marketindex.com.au/asx/ma1/announcements/equal-access-buyback-pricing-date-30-sep-2026-2A1690426},,2A1690426,,market_index_alert,,,
249,market_index_alert,<31137204.20260819035405.6a8528dd711df6.36701662@mail132-2.atl131.mandrillapp.com>,3855,AT4,U.S. Department of Energy Funding Update,,other,f,2026-08-19 03:52:00+00,,,,not_applicable,market_index_alert,2026-08-19 03:54:05+00,c0e0657148b370c2c1635c0f9023b3d0dedffc1f593a7887b9ca2b7e69f71e46,,{https://www.marketindex.com.au/asx/at4/announcements/us-department-of-energy-funding-update-6A1339206},,6A1339206,,market_index_alert,,,
250,market_index_alert,<31137204.20260819035407.6a8528dfd94693.15208510@mail132-2.atl131.mandrillapp.com>,4062,CHL,FY26 Annual Results Call,,other,f,2026-08-19 03:53:00+00,,,,not_applicable,market_index_alert,2026-08-19 03:54:07+00,d510edba9f88ebb71b53604d0d77a3fca412a52c09a80d590fa1dc430062d0e1,,{https://www.marketindex.com.au/asx/chl/announcements/fy26-annual-results-call-2A1690427},,2A1690427,,market_index_alert,,,
251,market_index_alert,<31137204.20260819040020.6a852a54a9b8a5.57158063@mail177-5.suw61.mandrillapp.com>,4763,MOT,Daily Fund Update,,other,f,2026-08-19 03:59:00+00,,,,not_applicable,market_index_alert,2026-08-19 04:00:20+00,70f514f501e97cd3387f0c96baeea03edc2b4b377b60265b21b3bae5c88afeb2,,{https://www.marketindex.com.au/asx/mot/announcements/daily-fund-update-2A1690431},,2A1690431,,market_index_alert,,,
252,market_index_alert,<31137204.20260819043511.6a85327fca6091.96101871@mail132-2.atl131.mandrillapp.com>,3841,ARX,Results of Annual General Meeting,,other,f,2026-08-19 04:33:00+00,,,,not_applicable,market_index_alert,2026-08-19 04:35:11+00,df0c5bfb727bc3067eab71d9d9dc6e08d31366e23df4f4134e015b3f17684f72,,{https://www.marketindex.com.au/asx/arx/announcements/results-of-annual-general-meeting-2A1690432},,2A1690432,,market_index_alert,,,
253,market_index_alert,<31137204.20260819050406.6a8539463eb0e2.56610310@mail177-5.suw61.mandrillapp.com>,3829,ARC,Change of Company Secretary and Address of the Company,,other,f,2026-08-19 05:03:00+00,,,,not_applicable,market_index_alert,2026-08-19 05:04:06+00,11efc9f428b71a836afe7e5b4bdf8acd9fd40916534d34f391c6af9fbfc56419,,{https://www.marketindex.com.au/asx/arc/announcements/change-of-company-secretary-and-address-of-the-company-2A1690433},,2A1690433,,market_index_alert,,,
254,market_index_alert,<31137204.20260819051811.6a853c9377ff29.02123217@mail177-5.suw61.mandrillapp.com>,3708,ACL,Ceasing to be a substantial holder,,substantial_605,f,2026-08-19 05:17:00+00,,,,not_applicable,market_index_alert,2026-08-19 05:18:11+00,fe49f11f868a2ebfc315092faa49f4ef1cc37d5213f7d0ee6b2a71436a5a018a,,{https://www.marketindex.com.au/asx/acl/announcements/ceasing-to-be-a-substantial-holder-3A699177},,3A699177,,market_index_alert,,,
255,market_index_alert,<31137204.20260819052705.6a853ea90f5e56.47948360@mail177-5.suw61.mandrillapp.com>,3710,ACP,Application for quotation of securities - ACP,,app_2a,f,2026-08-19 05:25:00+00,,,,not_applicable,market_index_alert,2026-08-19 05:27:05+00,b11e9137e1e8123461fa084545117e0cb15f98a11f3c13f12e1388e55929cea4,,{https://www.marketindex.com.au/asx/acp/announcements/application-for-quotation-of-securities-acp-6A1339226},,6A1339226,,market_index_alert,,,
256,market_index_alert,<31137204.20260819052904.6a853f2051b5a7.40048951@mail132-2.atl131.mandrillapp.com>,3710,ACP,Completion of Placement and Notice Under Section 708A,,other,f,2026-08-19 05:27:00+00,,,,not_applicable,market_index_alert,2026-08-19 05:29:04+00,a60a604156693dc1d866458ef9781e2c7f80ccc77a7e4c0c0b49be3db7095afa,,{https://www.marketindex.com.au/asx/acp/announcements/completion-of-placement-and-notice-under-section-708a-6A1339229},,6A1339229,,market_index_alert,,,
257,market_index_alert,<31137204.20260819053418.6a85405ae27ee5.81960340@mail177-5.suw61.mandrillapp.com>,4487,HSN,Update - Dividend/Distribution - HSN,,other,f,2026-08-19 05:33:00+00,,,,not_applicable,market_index_alert,2026-08-19 05:34:18+00,033e269af20ab44902de848ee677abd63dbe36c63f733b94454fce14e393c750,,{https://www.marketindex.com.au/asx/hsn/announcements/update-dividenddistribution-hsn-3A699178},,3A699178,,market_index_alert,,,
319,manual_capture,329701.pdf,3848,,Australian Strategic Materials Ltd,,app_3y,,2026-08-19 05:21:25+00,2026-08-19 13:45:44.110803+00,283f676aebfab9c85f8501a37ebef76012ec6cdb45c1d6bf879c1d91e045f866,/home/user/asx-data/raw/28/3f/283f676aebfab9c85f8501a37ebef76012ec6cdb45c1d6bf879c1d91e045f866,unparsed,,,,manual_capture,,,,,pdf_creation,"Appendix 3Y 
Change of Director’s Interest Notice 
 
 
 
+ See chapter 19 for defined terms. 
 
01/01/2011 – Appendix 3Y Page 1 
 
Rule 3.19A.2 
Appendix 3Y 
 
Change of Director’s Interest Notice 
 
Information or documents not available now must be given to ASX as soon as available.  Information and 
documents given to ASX become ASX’s property and may be made public. 
Introduced 30/9/01. Amended 01/01/11 
 
Name of entity           Australian Strategic Materials Ltd 
ABN                               90 168 368 401 
 
We (the entity) give ASX the following information under listing rule 3.19A.2 and as agent for 
the director for the purposes of section 205G of the Corporations Act.   
 
0BName of Director Rowena Smith 
Date of last notice 
 
12 August 2026 
 
Part 1 - Change of director’s relevant interests in securities 
In the case of a trust, this includes interests in the trust made available by the responsible entity of the trust 
 
Direct or indirect interest Direct 
Nature of indirect interest 
(Including registered holder) 
Note: Provide details of the circumstances giving rise to the 
relevant interest. 
N/A 
 
Date of change 19 August 2026 
No. of securities held prior to change 2,279,990 ASM Shares 
419 ASMO  
173,054 FY25 LTI Performance Rights 
494,541 FY26 LTI Performance Rights 
Class 1. ASM Shares 
2. FY25 LTI Performance Rights 
3. FY26 LTI Performance Rights 
Number acquired 1. 667,595 ASM Shares 
Number disposed 2. 173,054 FY25 LTI Performance Rights 
3. 494,541 FY26 LTI Performance Rights 
Value/Consideration 
Note: If consideration is non -cash, provide details and 
estimated valuation 
Nil 
No. of securities held after change 2,947,585 ASM Shares 
419 ASMO  
 
Nature of change 
Example: on -market trade, off -market trade, exercise of 
options, issue of securities under dividend reinvestment plan, 
participation in buy-back 
Vesting of Performance Rights 
 
For personal use only

Appendix 3Y 
Change of Director’s Interest Notice 
 
 
 
+ See chapter 19 for defined terms. 
 
 Page 2 01/01/2011 - Appendix 3Y 
 
Part 2 – Change of director’s interests in contracts 
Note: In the case of a company, interests which come within paragraph (ii) of the definition of “notifiable interest of a director” should 
be disclosed in this part. 
 
Detail of contract NA 
Nature of interest  
Name of registered holder 
(if issued securities) 
 
Date of change  
No. and class of securities to which interest related prior to change 
Note: Details are only required for a contract in relation to which the interest has 
changed 
 
Interest acquired  
Interest disposed  
Value/Consideration 
Note: If consideration is non-cash, provide details and an estimated valuation  
 
Interest after change  
 
Part 3 – +Closed period 
 
Were the interests in the securities or contracts detailed above traded 
during a +closed period where prior written clearance was required? 
No 
If so, was prior written clearance provided to allow the trade to proceed 
during this period? 
Not applicable 
If prior written clearance was provided, on what date was this provided? Not applicable 
 
19 August 2026 
This document is authorised for release to the market by: 
Annaliese Eames 
Company Secretary 
For personal use only",9d6fadd64231e2c62943235f27501bb957cbadf0104b3a2de31f47dd27ea9183,pypdf-6.16.1
320,manual_capture,329721.pdf,4095,,CLEAN TEQ WATER LIMITED,,app_3y,,2026-08-19 06:57:54+00,2026-08-19 13:45:44.368805+00,b504d5b2cfef3fe7d8ecfbec7c59e37486d6618d72c17c0951e11cadc27dba6b,/home/user/asx-data/raw/b5/04/b504d5b2cfef3fe7d8ecfbec7c59e37486d6618d72c17c0951e11cadc27dba6b,unparsed,,,,manual_capture,,,,,pdf_creation,"Appendix 3Y 
Change of Director’s Interest Notice 
 
 
 
+ See chapter 19 for defined terms. 
 
01/01/2011 Appendix 3Y  Page 1 
 
Rule 3.19A.2 
Appendix 3Y 
 
Change of Director’s Interest Notice 
 
Information or documents not available now must be given to ASX as soon as available.  Information and 
documents given to ASX become ASX’s property and may be made public. 
Introduced 30/09/01  Amended 01/01/11 
 
Name of entity: CLEAN TEQ WATER LIMITED 
ABN: 12 647 935 948 
 
We (the entity) give ASX the following information under listing rule 3.19A.2 and as agent for 
the director for the purposes of section 205G of the Corporations Act.   
 
Name of Director Peter Leonard Voigt 
Date of last notice 20 January 2026 
 
Part 1 - Change of director’s relevant interests in securities 
In the case of a trust, this includes interests in the trust made available by the responsible entity of the trust 
 
Note: In the case of a company, interests which come within paragraph (i) of the definition of “notifiable interest of a director” should be 
disclosed in this part. 
 
Direct or indirect interest Indirect 
Nature of indirect interest 
(including registered holder) 
Note: Provide details of the circumstances giving rise to the relevant 
interest. 
 
Thierville Pty Ltd <The Star Super Fund A/C> 
Mr Voigt is a director of the entity and a 
beneficiary of the fund. 
Date of change 18 August 2026 
No. of securities held prior to change Direct:  
1. 256,869 Fully Paid Ordinary Shares  
2. 292,418 unquoted performance rights 
vesting 1 July 2027 
3. 487,838 unquoted performance rights 
vesting 1 July 2028 
4. 375,000 unquoted performance rights 
vesting 1 August 2026 
5. 375,000 unquoted performance ri ghts 
vesting 1 August 2027 
6. 2,250,000 unquoted performance rights 
vesting 31 August 2027 
 
Indirect:  
Thierville Pty Ltd <The Star Super Fund A/C>  
2,360,822 Fully Paid Ordinary Shares 
 
Mr Voigt is a director of the entity and a 
beneficiary of the fund. 
Class Fully Paid Ordinary Shares  
For personal use only

Appendix 3Y 
Change of Director’s Interest Notice 
 
 
 
+ See chapter 19 for defined terms. 
 
Appendix 3Y Page 2 01/01/2011 
 
Number acquired 375,000 
Number disposed Nil 
Value/Consideration 
Note: If consideration is non -cash, provide details and estimated 
valuation 
 
$183,750 ($0.49 per share) 
No. of securities held after change Direct:  
1. 631,869 Fully Paid Ordinary Shares  
2. 292,418 unquoted performance rights 
vesting 1 July 2027 
3. 487,838 unquoted performance rights 
vesting 1 July 2028 
4. 375,000 unquoted performance rights 
vesting 1 August 2027 
5. 2,250,000 unquoted performance rights 
vesting 31 August 2027 
 
Indirect:  
Thierville Pty Ltd <The Star Super Fund A/C>  
2,360,822 Fully Paid Ordinary Shares  
 
Mr Voigt is a director of the entity and a 
beneficiary of the fund. 
Nature of change 
Example: on -market trade, off -market trade, exercise of options, 
issue of securities under dividend reinvestment plan, participation in 
buy-back 
Issue of 375,000 fully paid ordinary shares 
following the vesting and conversion of CEO 
Performance Rights , the terms of which 
were approved by shareholders at the 
Company’s 2025 Annual General Meeting. 
 
 
Part 2 – Change of director’s interests in contracts 
 
Note: In the case of a company, interests which come within paragraph (ii) of the definition of “notifiable interest of a director”  should be 
disclosed in this part. 
 
Detail of contract N/A 
Nature of interest 
 
 
N/A 
Name of registered holder 
(if issued securities) 
 
N/A 
Date of change N/A 
No. and class of securities to which 
interest related prior to change 
Note: Details are only required for a contract in 
relation to which the interest has changed 
 
N/A 
Interest acquired N/A 
For personal use only

Appendix 3Y 
Change of Director’s Interest Notice 
 
 
 
+ See chapter 19 for defined terms. 
 
01/01/2011 Appendix 3Y  Page 3 
 
Interest disposed N/A 
Value/Consideration 
Note: If consideration is non -cash, provide details 
and an estimated valuation  
 
N/A 
Interest after change N/A 
 
Part 3 – +Closed period 
 
Were the interests in the  securities or contracts detailed 
above traded during a +closed period  where prior written 
clearance was required? 
N/A 
If so, was prior written clearance provided to allow the trade 
to proceed during this period? 
N/A 
If prior written clearance was provided, on what date was this 
provided? 
N/A 
 
 
 
For personal use only",2d19fa69b8f2db175f13b598e815c5b96281f599e64ded1bc49bf35beb026f25,pypdf-6.16.1
321,manual_capture,329737.pdf,4361,,FLAGSHIP INVESTMENTS LIMITED,,app_3y,,2026-08-19 06:14:09+00,2026-08-19 13:45:44.623397+00,75015d95b31f493fc0598eb972cd1af27d852dcb72f4a50b716a2f71878cc5ea,/home/user/asx-data/raw/75/01/75015d95b31f493fc0598eb972cd1af27d852dcb72f4a50b716a2f71878cc5ea,unparsed,,,,manual_capture,,,,,pdf_creation,"Appendix 3Y 
Change of Director’s Interest Notice 
 
 
 
+ See chapter 19 for defined terms. 
 
01/01/2011 Appendix 3Y  Page 1 
 
Rule 3.19A.2 
Appendix 3Y 
 
Change of Director’s Interest Notice 
 
Information or documents not available now must be given to ASX as soon as available.  Information and 
documents given to ASX become ASX’s property and may be made public. 
Introduced 30/09/01  Amended 01/01/11 
 
Name of entity     FLAGSHIP INVESTMENTS LIMITED 
ABN       99 080 135 913 
 
We (the entity) give ASX the following information under listing rule 3.19A.2 and as agent for the 
director for the purposes of section 205G of the Corporations Act.   
 
Name of Director Emmanuel Clive Pohl 
Date of last notice 26 May 2026 
 
Part 1 - Change of director’s relevant interests in securities 
In the case of a trust, this includes interests in the trust made available by the responsible entity of the trust 
 
Note: In the case of a company, interests which come within paragraph (i) of the definition of “notifiable interest of a director” should be 
disclosed in this part. 
 
Direct or indirect interest Direct & Indirect 
Nature of indirect interest 
(including registered holder) 
Note: Provide details of the circumstances giving rise to the relevant 
interest. 
 
- Power of Attorney provided to E C Pohl by a number 
of shareholders to manage their shareholdings. 
Client Accounts held under individually managed 
accounts. 
Date of change 17 August 2026 
No. of securities held prior to change Ordinary Shares 
Direct            9,527,206 
Indirect            927,085 
TOTAL      10,454,291 
 
Convertible Notes 
Direct          2,000,753 
Indirect                     0 
TOTAL      2,000,753 
Class A) Ordinary Shares 
 
B) Convertible Notes 
Number acquired A) Direct           200,000 
 
B) Direct           200,000 
Number disposed Nil 
Value/Consideration 
Note: If consideration is non-cash, provide details and estimated 
valuation 
A) $260,838.93 
 
B) $541,782.00 
For personal use only

Appendix 3Y 
Change of Director’s Interest Notice 
 
 
 
+ See chapter 19 for defined terms. 
 
Appendix 3Y Page 2 01/01/2011 
 
No. of securities held after change Ordinary Shares 
Direct            9,727,206 
Indirect            927,085 
TOTAL      10,654,291 
 
Convertible Notes 
Direct          2,200,753 
Indirect                     0 
TOTAL      2,200,753 
Nature of change 
Example: on-market trade, off-market trade, exercise of options, 
issue of securities under dividend reinvestment plan, participation 
in buy-back 
On market trade. 
 
Part 2 – Change of director’s interests in contracts 
 
Note: In the case of a company, interests which come within paragraph (ii) of the definition of “notifiable interest of a director” should be 
disclosed in this part. 
 
Detail of contract N/A 
Nature of interest  
Name of registered holder 
(if issued securities) 
 
 
Date of change  
No. and class of securities to which 
interest related prior to change 
Note: Details are only required for a contract in relation 
to which the interest has changed 
 
 
Interest acquired  
Interest disposed  
Value/Consideration 
Note: If consideration is non-cash, provide details and an 
estimated valuation  
 
 
Interest after change  
 
Part 3 – +Closed period 
 
Were the interests in the securities or contracts detailed 
above traded during a +closed period where prior written 
clearance was required? 
No 
If so, was prior written clearance provided to allow the 
trade to proceed during this period? 
N/A 
If prior written clearance was provided, on what date was 
this provided? 
N/A 
 
For personal use only",c04ffd02451a8ea058c89d782b097dc0bacbd90e4ae476a4bbe6c72ec7d6fba0,pypdf-6.16.1
322,manual_capture,329745.pdf,5264,,Terra Critical Minerals Limited,,app_3y,,2026-08-19 07:43:32+00,2026-08-19 13:45:44.891106+00,a498db3b66824949b3d03d7ac8ab54faaa693edcbd412ba2170e759beed4b2ac,/home/user/asx-data/raw/a4/98/a498db3b66824949b3d03d7ac8ab54faaa693edcbd412ba2170e759beed4b2ac,unparsed,,,,manual_capture,,,,,pdf_creation,"Appendix	3Y	Change	of	Director’s	Interest	Notice			
	+	See	chapter	19	for	defined	terms.		01/01/2011	 Appendix	3Y		Page	1		
Rule	3.19A.2	Appendix	3Y		Change	of	Director’s	Interest	Notice		Information	or	documents	not	available	now	must	be	given	to	ASX	as	soon	as	available.		Information	and	documents	given	to	ASX	become	ASX’s	property	and	may	be	made	public.	Introduced 30/09/01  Amended 01/01/11  Name	of	entity	Terra Critical Minerals Limited ACN		650 774 253  We	(the	entity)	give	ASX	the	following	information	under	listing	rule	3.19A.2	and	as	agent	for	the	director	for	the	purposes	of	section	205G	of	the	Corporations	Act.				Name	of	Director Niv Dagan	Date	of	last	notice	 3 March 2026	 Part	1	-	Change	of	director’s	relevant	interests	in	securities	In	the	case	of	a	trust,	this	includes	interests	in	the	trust	made	available	by	the	responsible	entity	of	the	trust		Note:	In	the	case	of	a	company,	interests	which	come	within	paragraph	(i)	of	the	definition	of	“notifiable	interest	of	a	director”	should	be	disclosed	in	this	part. 	Direct	or	indirect	interest	 Indirect	Nature	of	indirect	interest	(including	registered	holder)	Note:	Provide	details	of	the	circumstances	giving	rise	to	the	relevant	interest.		
10 Bolivianos Pty Ltd Director 	Date	of	change	 14 August 2026 No.	of	securities	held	prior	to	change	Niv Dagan – Direct • 1,205,155 Fully Paid Ordinary Shares  10 Bolivianos Pty Ltd – Indirect • 27,765,832 Fully Paid Ordinary Shares  • 3,016,071 Unlisted Options exercisable at $0.15 expiring 1 November 2026  • 11,402,778 Unlisted Options exercisable at $0.09 expiring 31 December 2026  Class	 Ordinary Share 
For personal use only

Appendix	3Y	Change	of	Director’s	Interest	Notice			
	+	See	chapter	19	for	defined	terms.		Appendix	3Y	Page	2	 01/01/2011 	
Number	acquired	 1 Fully Paid Ordinary Shares   Number	disposed	 Nil 
Value/Consideration	Note:	 If	 consideration	 is	 non-cash,	 provide	 details	 and	 estimated	valuation		
$0.043 per share   No.	of	securities	held	after	change	 Niv Dagan – Direct • 1,205,155 Fully Paid Ordinary Shares  10 Bolivianos Pty Ltd – Indirect • 27,765,833 Fully Paid Ordinary Shares  • 3,016,071 Unlisted Options exercisable at $0.15 expiring 1 November 2026  • 11,402,778 Unlisted Options exercisable at $0.09 expiring 31 December 2026   Nature	of	change	Example:	on-market	trade,	off-market	trade,	exercise	of	options,	issue	of	securities	under	dividend	reinvestment	plan,	participation	in	buy-back	
On Market Purchase  		Part	2	–	Change	of	director’s	interests	in	contracts		Note:	In	the	case	of	a	company,	interests	which	come	within	paragraph	(ii)	of	the	definition	of	“notifiable	interest	of	a	director”	should	be	disclosed	in	this	part.  Detail	of	contract	 N/A	Nature	of	interest			 N/A	
Name	of	registered	holder	(if	issued	securities)		 N/A	
Date	of	change	 N/A	No.	 and	 class	 of	 securities	 to	 which	interest	related	prior	to	change	Note:	Details	are	only	required	for	a	contract	in	relation	to	which	the	interest	has	changed		
N/A	
Interest	acquired	 N/A	Interest	disposed	 N/A	Value/Consideration	Note:	 If	 consideration	 is	 non-cash,	 provide	 details	 and	 an	 estimated	valuation			
N/A	
For personal use only

Appendix	3Y	Change	of	Director’s	Interest	Notice			
	+	See	chapter	19	for	defined	terms.		01/01/2011	 Appendix	3Y		Page	3		
Interest	after	change	 N/A	Part	3	–	+Closed	period	Were	 the	 interests	 in	 the	 securities	 or	 contracts	 detailed	above	traded	during	a	+closed	period	where	prior	written	clearance	was	required? No 
If	 so,	 was	 prior	 written	 clearance	 provided	 to	 allow	 the	trade	to	proceed	during	this	period?	 N/A If	prior	written	clearance	was	provided,	on	what	date	was	this	provided? N/A  
For personal use only",11e310538d4975e68d8ec3eb45e3268532f87bafa8d5dc323cbdef2749ef44cf,pypdf-6.16.1
323,manual_capture,329777.pdf,4705,,MB Gold Limited,,app_3y,,2026-08-19 08:37:26+00,2026-08-19 13:45:45.07473+00,e93d81264a8e53d5b1d7a8741613feeaeb6f6cd066f0d58d0e57a26dfe0c7c50,/home/user/asx-data/raw/e9/3d/e93d81264a8e53d5b1d7a8741613feeaeb6f6cd066f0d58d0e57a26dfe0c7c50,unparsed,,,,manual_capture,,,,,pdf_creation,"Appendix 3Y 
Change of Director’s Interest Notice 
 
 
 
+ See chapter 19 for defined terms. 
 
01/01/2011 Appendix 3Y  Page 1 
 
Rule 3.19A.2 
Appendix 3Y 
 
Change of Director’s Interest Notice 
 
Information or documents not available now must be given to ASX as soon as available.  Information and 
documents given to ASX become ASX’s property and may be made public. 
Introduced 30/09/01  Amended 01/01/11 
 
Name of entity MB Gold Limited 
ABN                                               33 691 038 481 
 
We (the entity) give ASX the following information under listing rule 3.19A.2 and as agent for 
the director for the purposes of section 205G of the Corporations Act.   
 
Name of Director Dianmin Chen 
Date of last notice 5 February 2026 
 
Part 1 - Change of director’s relevant interests in securities 
In the case of a trust, this includes interests in the trust made available by the responsible entity of the trust 
 
Note: In the case of a company, interests which come within paragraph (i) of the definition of “notifiable interest of a director” should be 
disclosed in this part. 
 
Direct or indirect interest Indirect 
Nature of indirect interest 
(including registered holder) 
Note: Provide details of the circumstances giving rise to the relevant 
interest. 
 
Drock International Pty Ltd 
(Sole shareholder and sole director) 
 
Chen DM Pty Ltd  
(Controlling shareholder and director_ 
Date of change 17-18 August 2026 
No. of securities held prior to change 2,000,000 Fully paid ordinary shares 
 
1,000,000 Unlisted Options exercisable at 
$0.30 expiring 29 January 2030 and 
escrowed until 6 February 2028 
 
Class Fully paid ordinary shares (Shares) 
Number acquired 62,585 
Number disposed Nil 
Value/Consideration 
Note: If consideration is non -cash, provide details and estimated 
valuation 
 
$11,139 
For personal use only

Appendix 3Y 
Change of Director’s Interest Notice 
 
 
 
+ See chapter 19 for defined terms. 
 
Appendix 3Y Page 2 01/01/2011 
 
No. of securities held after change 2,062,585 Shares 
 
1,000,000 Unlisted Options exercisable at 
$0.30 expiring 29 January 2030 and 
escrowed until 6 February 2028 
 
Nature of change 
Example: on-market trade, off-market trade, exercise of options, issue 
of securities under dividend reinvestment plan, participation in buy -
back 
On market trades 
 
Part 2 – Change of director’s interests in contracts 
 
Note: In the case of a company, interests which come within paragraph (ii) of the definition of “notifiable interest of a director”  should be 
disclosed in this part. 
 
Detail of contract N/A 
Nature of interest 
 
 
N/A 
Name of registered holder 
(if issued securities) 
 
N/A 
Date of change N/A 
No. and class of securities to which 
interest related prior to change 
Note: Details are only required for a contract in 
relation to which the interest has changed 
 
N/A 
Interest acquired N/A 
Interest disposed N/A 
Value/Consideration 
Note: If consideration is non -cash, provide details 
and an estimated valuation  
 
N/A 
Interest after change N/A 
 
Part 3 – +Closed period 
 
Were the interests in the securities or contracts detailed 
above traded during a +closed period where prior written 
clearance was required? 
No 
If so, was prior written clearance provided to allow the 
trade to proceed during this period? 
N/A 
If prior written clearance was provided, on what date was 
this provided? 
N/A 
 
For personal use only",f5af65865da8fec9870261f0690e0fd1c1c3bc6ef749f131f2116ec6d547c90b,pypdf-6.16.1
324,manual_capture,329784.pdf,4658,,LOYAL METALS LTD,,app_3y,,2026-08-19 08:37:16+00,2026-08-19 13:45:45.460772+00,520903efb152d9ec6379a45d9ab8f74feb5916399bcd47348f5a71047b423722,/home/user/asx-data/raw/52/09/520903efb152d9ec6379a45d9ab8f74feb5916399bcd47348f5a71047b423722,unparsed,,,,manual_capture,,,,,pdf_creation,"Appendix 3Y 
Change of Director’s Interest Notice 
 
 
 
+ See chapter 19 for defined terms. 
 
01/01/2011 Appendix 3Y  Page 1 
 
Rule 3.19A.2 
Appendix 3Y 
 
Change of Director’s Interest Notice 
 
Information or documents not available now must be given to ASX as soon as available.  Information and 
documents given to ASX become ASX’s property and may be made public. 
Introduced 30/09/01  Amended 01/01/11 
 
Name of entity:  LOYAL METALS LTD (ASX: LLM) 
ABN: 20 644 564 241 
 
We (the entity) give ASX the following information under listing rule 3.19A.2 and as agent for 
the director for the purposes of section 205G of the Corporations Act.   
 
Name of Director David (Blair) Way 
Date of last notice 29 September 2025 
 
Part 1 - Change of director’s relevant interests in securities 
In the case of a trust, this includes interests in the trust made available by the responsible entity of the trust 
 
Note: In the case of a company, interests which come within paragraph (i) of the definition of “notifiable interest of a director” should 
be disclosed in this part. 
 
Direct or indirect interest Indirect 
 
 Nature of indirect interest 
(including registered holder) 
Note: Provide details of the circumstances giving 
rise to the relevant interest. 
 
Director and Shareholder 
Date of change 20 August 2026 
No. of securities held prior to change 
 
 
 
 
a) 1,000,000 - Unquoted Options * (Ex at $0.30 – Expire 
26/09/2028) 
b) 1,000,000 - Performance Rights* (Various Vesting Conditions  
– Refer APPENDIX A – Milestone A-E) 
 
* Options and Performance Rights held are held indirectly through Equity Plan Services Pty Ltd (a 
trust which Mr Way is a beneficiary). 
Class a) Ordinary Shares 
 
 
 
Number acquired a) 1,000,000 Ordinary Shares (ASX: LLM) - Exercise of 1,000,000 
- Unquoted Options (Ex at $0.30 – Expire 26/09/2028) 
Number disposed - 
For personal use only

Appendix 3Y 
Change of Director’s Interest Notice 
 
 
 
+ See chapter 19 for defined terms. 
 
Appendix 3Y Page 2 01/01/2011 
 
Value/Consideration 
Note: If consideration is non -cash, provide 
details and estimated valuation 
 
a) Exercise of Unquoted Options – Exercise price is A$0.30 
 
No. of securities held after change 
 
The Trustee For the Wayler 
Trust 
 
 
a) 1,000,000 – Ordinary Shares (ASX: LLM) 
b) 1,000,000 - Performance Rights* (Various Vesting Conditions  
– Refer APPENDIX A – Milestone A-E) 
 
* Ordinary Shares and Performance Rights held are held indirectly through Equity Plan Services 
Pty Ltd (a trust which Mr Way is a beneficiary). 
Nature of change 
Example: on -market trade, off -market trade, 
exercise of options, issue of securities under 
dividend reinvestment plan, participation in 
buy-back 
 
Exercise of unquoted options  
 
Part 2 – Change of director’s interests in contracts 
 
Note: In the case of a company, interests which come within paragraph (ii) of the definition of “notifiable interest of a director” should 
be disclosed in this part. 
 
Detail of contract N/A 
Nature of interest 
 
 
 
Name of registered holder 
(if issued securities) 
 
 
Date of change  
No. and class of securities to which 
interest related prior to change 
Note: Details are only required for a contract in 
relation to which the interest has changed 
 
 
Interest acquired  
Interest disposed  
Value/Consideration 
Note: If consideration is non -cash, provide details 
and an estimated valuation  
 
 
Interest after change  
 
Part 3 – +Closed period 
 
For personal use only

Appendix 3Y 
Change of Director’s Interest Notice 
 
 
 
+ See chapter 19 for defined terms. 
 
01/01/2011 Appendix 3Y  Page 3 
 
Were the interests in the securities or contracts detailed above 
traded during a +closed period where prior written clearance 
was required? 
No 
If so, was prior written clearance provided to allow the trade to 
proceed during this period? 
 
If prior written clearance was provided, on what date was this 
provided? 
 
For personal use only

Appendix 3Y 
Change of Director’s Interest Notice 
 
 
 
+ See chapter 19 for defined terms. 
 
Appendix 3Y Page 4 01/01/2011 
 
APPENDIX A – Vesting Condition – Item 1 met 
 
1.  Entitlement  Each Performance Right entitles the holder to subscribe for one Share upon 
conversion of the Performance Right. 
2.  Consideration The Performance Rights will be issued for nil consideration and no consideration will 
be payable upon the conversion of the Performance Rights into Shares. 
3.  Milestones The Performance Rights shall vest as follows: 
CLASS MILESTONE 
A Class A Incentive Performance Rights : shall vest upon the 
Company delineating a JORC compliant Inferred 
Mineral Resource of at least 1.0mt at a minimum 
grade of at least 2% Copper equivalent at the 
Highway Reward Project.  
B Class B Incentive Performance Rights: shall vest upon the 
Company delineating a JORC compliant Indicated 
Resource or Measured Resource with at least 
100,000t of contained Copper metal equivalent at 
the Highway Reward Project. 
C Class C Incentive Performance Rights: shall vest upon the 
Company announcing to the ASX a positive Pre -
Feasibility Study for the recommencement (or 
commencement) of the Highway Reward Project 
operations. 
D Class D Incentive Performance Rights: shall vest upon the 
Company announcing to the ASX the entry into a 
financing and offtake agreement (or any similar or 
alternate arrangements). 
E Class E Incentive Performance Rights : The Class E 
Performance Rights shall vest upon the Company 
announcing to the ASX that commercial mining 
recommenced (or commenced) at the Highway 
Reward Project. 
each, a Milestone. 
4.  Expiry Date The Performance Rights, whether vested or unvested, will otherwise expire at 
5:00 pm (AWST) as follows: 
CLASS EXPIRY DATE 
A The date which is 60 months from the date of completion 
(Completion) under the option agreement 
between Highway Copper Gold (ACN 685 155 506) 
and Thalanga Copper Mines (ACN 004 797 335) 
and BML Holdings Pty Ltd (ACN 009 021 827). 
B The date which is 60 months from the date of Completion.  
For personal use only

Appendix 3Y 
Change of Director’s Interest Notice 
 
 
 
+ See chapter 19 for defined terms. 
 
01/01/2011 Appendix 3Y  Page 5 
 
C The date which is 60 months from the date of Completion.  
D The date which is 60 months from the date of Completion.  
E The date which is 60 months from the date of Completion.  
(Expiry Date).  
If the relevant Milestone attached to the Performance Right has not been 
achieved by the Expiry Date, all unconverted Performance 
Rights of the relevant tranche will automatically lapse at that 
time. 
5.  Notice of vesting The Company shall notify the holder in writing when the relevant Milestone has been 
satisfied. 
6.  Quotation of 
Performance Rights 
The Performance Rights will not be quoted on ASX. 
7.  Conversion Upon vesting, each Performance Right will, at the election of the holder, convert into 
one Share. 
8.  Timing of issue of 
Shares on 
conversion 
Within five Business Days of conversion of the Performance Rights, the Company 
will: 
(a) issue the number of Shares required under these terms and conditions in 
respect of the number of Performance Rights converted; 
(a) if required, give ASX a notice that complies with section 708A(5)(e) of the 
Corporations Act, or, if the Company is unable to issue such a notice, 
lodge with ASIC a prospectus prepared in accordance with the 
Corporations Act and do all such things necessar y to satisfy 
section 708A(11) of the Corporations Act to ensure that an offer for sale 
of the Shares does not require disclosure to investors; and 
(b) if admitted to the official list of ASX at the time, apply for official 
quotation on ASX of Shares issued pursuant to the exercise of the 
Performance Rights. 
If a notice delivered under Error! Reference source not found. Error! Reference 
source not found. for any reason is not effective to ensure that an offer for sale of 
the Shares does not require disclosure to investors, the Company must, no later than 
20 Business Days after becoming aware of such notice being ineffective, lodge with 
ASIC a prospectus prepared in accordance with the Corporations Act and do all such 
things necessary to satisfy section  708A(11) of the Corporations Act to ensure that 
an offer for sale of the Shares does not require disclosure to investors. 
9.  Shares issued on 
exercise 
Shares issued on exercise of the Performance Rights rank equally with the then 
issued shares of the Company. 
For personal use only

Appendix 3Y 
Change of Director’s Interest Notice 
 
 
 
+ See chapter 19 for defined terms. 
 
Appendix 3Y Page 6 01/01/2011 
 
10.  Change of Control Subject to paragraph Error! Reference source not found., upon: 
(a) a bona fide takeover bid under Chapter 6 of the Corporations Act having 
been made in respect of the Company and: 
(b) having received acceptances for not less than 50.1% of the Company’s 
Shares on issue; and 
(c) having been declared unconditional by the bidder; or 
(d) a court granting orders approving a compromise or arrangement for the 
purposes of or in connection with a scheme for the reconstruction of the 
Company or its amalgamation with any other company or companies, 
then, to the extent Performance Rights have not converted into Shares due to 
satisfaction of the relevant Vesting Conditions, Performance Rights will accelerate 
vesting conditions and will automatically convert into Shares on a one-for-one basis. 
11.  Participation in new 
issues 
There are no participation rights or entitlements inherent in the Performance Rights 
and holders will not be entitled to participate in new issues of capital offered to 
Shareholders during the currency of the Performance Rights without converting the 
Performance Rights.  
12.  Adjustment for 
bonus issues of 
Shares 
If the Company makes a bonus issue of Shares or other securities to the 
Company’s existing shareholders (other than an issue in lieu or 
in satisfaction of dividends or by way of dividend reinvestment 
the number of Shares or other securities which must be issued 
on the conversion of a Performance Right will be increased by 
the number of Shares or other securities which the holder 
would have received if the holder had converted the 
Performance Right before the record date for the bonus issue.  
13.  Reorganisation If at any time the issued capital of the Company is reorganised (including 
consolidation, subdivision, reduction or return), all rights of a 
holder will be changed in a manner consistent with the 
applicable ASX Listing Rules and the Corporations Act at the  
time of reorganisation. 
14.  Dividend and voting 
rights 
The Performance Rights do not confer on the holder an entitlement to vote (except 
as otherwise required by law) or receive dividends. 
15.  Transferability The Performance Rights are not transferable. 
16.  Deferral of 
conversion if 
resulting in a 
prohibited 
acquisition of 
Shares 
If the conversion of a Performance Right under paragraphs Error! Reference source 
not found. or Error! Reference source not found. would result in any person being 
in contravention of section  606(1) of the Corporations Act ( General Prohibition) 
then the conversion of that Performance Right shall be deferred until such later time 
or times that the conversion would not result in a contravention of the General 
Prohibition. In assessing whether a conversion of a Performance Right would result 
in a contravention of the General Prohibition: 
(a) holders may give written notification to the Company if they consider 
that the conversion of a Performance Right may result in the 
contravention of the General Prohibition. The absence of such written 
notification from the holder will entitle the Company t o assume the 
conversion of a Performance Right will not result in any person being in 
contravention of the General Prohibition; and 
(b) the Company may (but is not obliged to) by written notice to a holder 
request a holder to provide the written notice referred to in paragraph 
For personal use only

Appendix 3Y 
Change of Director’s Interest Notice 
 
 
 
+ See chapter 19 for defined terms. 
 
01/01/2011 Appendix 3Y  Page 7 
 
(n)(i) within 7 days if the Company considers that the conversion of a 
Performance Right may result in a contravention of the General 
Prohibition. The absence of such written notification from the holder will 
entitle the Company to assume the conversion of  a Performance Right 
will not result in any person being in contravention of the General 
Prohibition. 
17.  No rights to return 
of capital 
A Performance Right does not entitle the holder to a return of capital, whether in a 
winding up, upon a reduction of capital or otherwise. 
18.  Rights on winding 
up 
A Performance Right does not entitle the holder to participate in the surplus profits 
or assets of the Company upon winding up. 
19.  ASX Listing Rule 
compliance 
The Board reserves the right to amend any term of the Performance Rights to ensure 
compliance with the ASX Listing Rules. 
20.  No other rights A Performance Right gives the holder no rights other than those 
expressly provided by these terms and conditions and those 
provided at law where such rights at law cannot be excluded by 
these terms. 
 
For personal use only",08e48ea1342e4ac687e73a7c0a39e2512661cd8b23b9f2da812c537e2093e88f,pypdf-6.16.1
325,manual_capture,328617.pdf,5130,,Scorpion Minerals Limited,,app_3y,,2026-08-17 07:37:35+00,2026-08-19 13:53:21.848618+00,18fc9005a87d1b42327f0a8b00621b7a29a17042e802f973a16b1242d1415bd6,/home/user/asx-data/raw/18/fc/18fc9005a87d1b42327f0a8b00621b7a29a17042e802f973a16b1242d1415bd6,unparsed,,,,manual_capture,,,,,pdf_creation,"Appendix 3Y 
Change of Director’s Interest Notice 
 
 
 
+ See chapter 19 for defined terms. 
 
01/01/2011 Appendix 3Y  Page 1 
 
Rule 3.19A.2 
Appendix 3Y 
 
Change of Director’s Interest Notice 
 
Information or documents not available now must be given to ASX as soon as available.  Information and 
documents given to ASX become ASX’s property and may be made public. 
Introduced 30/09/01  Amended 01/01/11 
 
Name of entity     Scorpion Minerals Limited 
ABN                         40 115 535 030 
 
We (the entity) give ASX the following information under listing rule 3.19A.2 and as agent for the 
director for the purposes of section 205G of the Corporations Act.   
 
Name of Director Mr Michael Kitney 
Date of last notice 19 June 2026 
Date of this notice 17 August 2026 
 
Part 1 - Change of director’s relevant interests in securities 
In the case of a trust, this includes interests in the trust made available by the responsible entity of the trust 
 
Note: In the case of a company, interests which come within paragraph (i) of the definition of “notifiable interest of a director” should be 
disclosed in this part. 
 
Direct or indirect interest Indirect 
Nature of indirect interest 
(including registered holder) 
Note: Provide details of the circumstances giving rise to the relevant 
interest. 
 
 
(1) Mr Michael John Kitney & Mrs Dale Jayne Kitney 
<Emdale Family A/C>  
(2) Kitney SMSF Pty Ltd <Kitney Super Fund A/C> 
Date of change 14 August 2026 
No. of securities held prior to change (1)  
a. 2,000,000 
b. 1,500,000 
c. 750,000 
d. 750,000 
(2)  
a. nil 
Class (1)  
a. Fully paid ordinary shares 
b. $0.075 unlisted options exp. 1 Dec 2027 
c. $0.10 unlisted options exp. 1 Dec 2028 
d. $0.12 unlisted options exp. 1 Dec 2029 
(2)  
a. Fully paid ordinary shares 
 
Number acquired (2) 2,000,000 fully paid ordinary shares 
For personal use only

Appendix 3Y 
Change of Director’s Interest Notice 
 
 
 
+ See chapter 19 for defined terms. 
 
Appendix 3Y Page 2 01/01/2011 
 
Number disposed (1) 2,000,000 fully paid ordinary shares 
Value/Consideration 
Note: If consideration is non -cash, provide details and estimated 
valuation 
 
$40,000.00 
No. of securities held after change (1)  
a. nil 
b. 1,500,000 
c. 750,000 
d. 750,000 
(2)  
a. 2,000,000 
Nature of change 
Example: on-market trade, off-market trade, exercise of options, issue 
of securities under dividend reinvestment plan, participation in buy -
back 
 
Off-market transfer from family trust to superannuation 
fund (no overall change in holdings) 
 
Part 2 – Change of director’s interests in contracts 
 
Note: In the case of a company, interests which come within paragraph (ii) of the definition of “notifiable interest of a director”  should be 
disclosed in this part. 
 
Detail of contract N/A 
Nature of interest 
 
N/A 
Name of registered holder 
(if issued securities) 
 
N/A 
Date of change N/A 
No. and class of securities to which interest related prior 
to change 
Note: Details are only required for a contract in relation to which the interest has changed 
 
N/A 
Interest acquired N/A 
Interest disposed N/A 
Value/Consideration 
Note: If consideration is non-cash, provide details and an estimated valuation  
 
N/A 
Interest after change N/A 
 
Part 3 – +Closed period 
 
Were the interests in the securities or contracts detailed 
above traded during a +closed period where prior written 
clearance was required? 
No. 
If so, was prior  written clearance provided to allow the 
trade to proceed during this period? 
N/A 
If prior written clearance was provided, on what date was 
this provided? 
N/A 
 
For personal use only",c1b09f7e983c303e5f26c92fb52a66096ed7f4998a6bfaf8054b907a887f5750,pypdf-6.16.1
326,manual_capture,328627.pdf,3687,,AURORA LABS LIMITED,,app_3y,,2026-08-17 07:51:14+00,2026-08-19 13:53:22.21597+00,6fccd8b983302c24b4b15795aabc7e0a913f3c6cfd060d3fcab52606468d60cb,/home/user/asx-data/raw/6f/cc/6fccd8b983302c24b4b15795aabc7e0a913f3c6cfd060d3fcab52606468d60cb,unparsed,,,,manual_capture,,,,,pdf_creation," 
Aurora Labs Limited (ACN: 601 164 505)   
W: auroralabs3d.com 
T: +61 (0)8 9434 1934    
E:  enquiries@auroralabs3d.com 
A: 41-43 Wittenberg Drive, Canning Vale, WA, Australia 6151  
 
ASX Announcement 17 August 2026 
 
Correction to Director’s Interest Notice 
  
Aurora Labs Limited (ASX: A3D) (""Aurora"" or the ""Company"") attaches an updated Appendix 3Y (Change 
of Director’s Interest Notice) to replace that lodged for Rebekah Letheby on 10 April 2026. 
Ms Letheby was issued 3,000,000 options exercisable at $0.14 each on or before 15 December 2027 in her 
role as Chief Executive Officer , under the Company’s employee plan (see Appendix 3G  lodged 20 
December 2024). 
When Ms Letheby was appointed a director on 14 November 2025, the Appendix 3X (Initial Director’s 
Interest Notice) lodged on that day incorrectly stated that she held 3,000,000 options exercisable at $0.14 
each on or before 21 June 2027.  There was an administrative error in recording the expiry date of the 
options, which should have been recorded as 15 December 2027.  This error was then carried forward to 
the Appendix 3Y lodged on 10 April 2026. 
This announcement has been approved for release by Mr David Trimboli, Chairman, Aurora Labs Limited. 
-ENDS- 
For further information, please contact: 
Rebekah Letheby                                         Henry Jordan 
Managing Director                                       Six Degrees Investor Relations 
enquiries@auroralabs3D.com                     henry.jordan@sdir.com.au 
08 9434 1934                                               0431 271 538 
 
ABOUT AURORA LABS 
Aurora Labs Limited is an industrial technology and innovation company that specialises in the provision of 
3D metal printed parts for industrial applications, the development of 3D metal printers, and associated 
intellectual property. The Company is primarily focused on the development of advanced propulsion systems 
for Unmanned Aerial Systems (UAS) for the Defence sector . Aurora Labs is listed on the Australian 
Securities Exchange under ASX code A3D.  
 
For personal use only

01/01/2011 Appendix 3Y Page 1  
Appendix 3Y 
Change of Director’s Interest Notice 
 
 
Rule 3.19A.2 
Appendix 3Y 
Change of Director’s Interest Notice 
 
Information or documents not available now must be given to ASX as soon as available. Information and 
documents given to ASX become ASX’s property and may be made public. 
Introduced 30/09/01 Amended 01/01/11 
 
Name of entity AURORA LABS LIMITED 
ABN 44 601 164 505 
 
We (the entity) give ASX the following information under listing rule 3.19A.2 and as agent for 
the director for the purposes of section 205G of the Corporations Act.  
 
Name of Director Rebekah Letheby 
Date of last notice 23 December 2025 
Part 1 - Change of director’s relevant interests in securities 
In the case of a trust, this includes interests in the trust made available by the responsible entity of the trust 
Note: In the case of a company, interests which come within paragraph (i) of the definition of “notifiable interest of a director” should be 
disclosed in this part. 
 
Direct or indirect interest Indirect 
Nature of indirect interest 
(including registered holder) 
Note: Provide details of the circumstances giving rise to the relevant 
interest. 
Ms Rebekah Tabatha Letheby & Mr Ryan 
Thomas Charles <Letheby Charles A/C> 
Date of change 10 April 2026 
No. of securities held prior to change 540,907 fully paid ordinary shares 
3,000,000 options exercisable at $0.14 
each on or before 15 December 2027 
Indirect: 
400,000 fully paid ordinary shares 
Class Unlisted Options 
Number acquired 7,500,000 
Number disposed/Lapsed - 
Value/Consideration 
Note: If consideration is non-cash, provide details and estimated 
valuation 
- 
 
 
 
+ See chapter 19 for defined terms. 
For personal use only

Appendix 3Y Page 2 01/01/2011  
Appendix 3Y 
Change of Director’s Interest Notice 
 
 
No. of securities held after change 540,907 fully paid ordinary shares 
3,000,000 options exercisable at $0.14 
each on or before 15 December 2027 
7,500,000 unlisted options exercisable at 
$0.14 before 10 April 2028 
Indirect: 
400,000 fully paid ordinary shares 
Nature of change 
Example: on-market trade, off-market trade, exercise of options, issue of 
securities under dividend reinvestment plan, participation in buy -back 
Issue of Unlisted Director Options 
following Shareholder Approval on 9 
April 2026 
 
Part 2 – Change of director’s interests in contracts 
Note: In the case of a company, interests which come within paragraph (ii) of the definition of “notifiable interest of a director” should be 
disclosed in this part. 
Detail of contract NA 
Nature of interest  
Name of registered holder 
(if issued securities) 
 
Date of change  
No. and class of securities to  
which interest related prior to 
change 
Note: Details are only required for a contract in  
relation to which the interest has changed 
 
Interest acquired  
Interest disposed  
Value/Consideration 
Note: If consideration is non-cash, provide details and 
an estimated valuation 
 
Interest after change  
 
Part 3 – +Closed period 
Were the interests in the securities or contracts detailed 
above traded during a +closed period where prior written 
clearance was required? 
No 
If so, was prior written clearance provided to allow the 
trade to proceed during this period? 
N/A 
If prior written clearance was provided, on what date was 
this provided? 
N/A 
 
 
 
 
 
 
 
+ See chapter 19 for defined terms. 
For personal use only",bc904db4f691bd7c9b237002d6fba18d5be0b0892edbfc8aef4a6c1d7e2e18dc,pypdf-6.16.1
327,manual_capture,328630.pdf,3997,,BRIGHTSTAR RESOURCES LIMITED,,app_3y,,2026-08-17 07:16:09+00,2026-08-19 13:53:22.572027+00,d619848f380c1fa0ac77d01733aaa3f6999e3285c156c4c5a7ac0f9dfa5fcd61,/home/user/asx-data/raw/d6/19/d619848f380c1fa0ac77d01733aaa3f6999e3285c156c4c5a7ac0f9dfa5fcd61,unparsed,,,,manual_capture,,,,,pdf_creation," 
 
Rule 3.19A.2 
Appendix 3Y 
 
Change of Director’s Interest Notice 
 
Information or documents not available now must be given to ASX as soon as available.  Information and 
documents given to ASX become ASX’s property and may be made public. 
Introduced 30/09/01  Amended 01/01/11 
 
Name of entity    BRIGHTSTAR RESOURCES LIMITED 
ABN                        44 100 727 491 
 
We (the entity) give ASX the following information under listing rule 3.19A.2 and as agent for the 
director for the purposes of section 205G of the Corporations Act.   
 
Name of Director Alex Rovira 
Date of last notice 3 June 2026  
 
Part 1 - Change of director’s relevant interests in securities 
In the case of a trust, this includes interests in the trust made available by the responsible entity of the trust 
 
Note: In the case of a company, interests which come within paragraph (i) of the definition of “notifiable interest of a director” should be 
disclosed in this part. 
 
Direct or indirect interest Indirect  
(Sol Sal Investments Pty Ltd <Sol Sal 
Investments A/C>) 
 
 Nature of indirect interest 
(including registered holder) 
Note: Provide details of the circumstances giving rise to the relevant 
interest. 
 
1. Sol Sal Investments Pty Ltd <Sol Sal 
Investments A/C> 
(Mr Rovira is the sole director of the  
company) 
 
2. Las Olas Investments Pty Ltd 
(Mr Rovira is the s ole director of the 
company) 
 
3. AR Super WA Pty Ltd  (Mr Rovira 
Superannuation fund) 
Date of change A. 17 August 2026 
B. 13 August 2026 
No. of securities held prior to change 
 
 
 
 
 
 
 
 
 
 
 
1. - 2,842,857 Ordinary fully paid shares 
- 178,571 Shar e Performance Rights       
expiring 31 December 2027 
- 2,500,000 Share Performance Rights   
expiring  31 December 2029 
 
2. 835,190 Ordinary fully paid shares 
 
3. 372,000 Ordinary fully paid shares 
 
For personal use only

Appendix 3Y 
Change of Director’s Interest Notice 
 
 
 
+ See chapter 19 for defined terms. 
 
01/01/2011 Appendix 3Y  Page 2 
 
 
3461-0342-1486, v. 1 
Class A. Fully-paid Ordinary Shares 
 
B. Share Performance R ights expiring 31 
December 2027 
Number acquired  
A. 125,000 
Number disposed B. 53,571 
Value/Consideration 
Note: If c onsideration is non -cash, provide details and estimated 
valuation 
 
 
A. $52,500 (non-cash) 
B. N/A vesting conditions not met 
No. of securities held after change 1. - 2,967,857 Ordinary fully paid shares 
- 2,500,000 Share  Performance Rights   
expiring  31 December 2029 
 
2. 835,190 Ordinary fully paid shares 
 
3. 372,000 Ordinary fully paid shares 
 
Nature of change 
Example: on -market trad e, off-market trade, exerc ise of options, issue 
of securities under dividend reinvestment plan , participation in buy -
back 
 
A. Conversion of vested Performance 
Rights to fully-paid ordinary shares. 
B. Ceasing of performance rights as 
conditions unable to be satisfied  
 
Part 2 – Change of director’s interests in contracts 
 
Note: In the case of a company, interests which come within paragraph (ii) of the definition of “notifiable interest of a director” should be 
disclosed in this part. 
 
Detail of contract N/A 
Nature of interest 
 
N/A 
Name of registered holder 
(if issued securities) 
 
N/A 
Date of change N/A 
No. and class of securities to which 
interest related prior to change 
Note: Details are only required for a  contract in relation 
to which the interest has changed 
 
N/A 
Interest acquired N/A 
Interest disposed N/A 
For personal use only

Appendix 3Y 
Change of Director’s Interest Notice 
 
 
 
+ See chapter 19 for defined terms. 
 
01/01/2011 Appendix 3Y  Page 3 
 
 
3461-0342-1486, v. 1 
Value/Consideration 
Note: If consideration is non-cash, provide details and an 
estimated valuation  
 
N/A 
Interest after change N/A 
 
Part 3 – +Closed period 
 
Were the interests in the securi ties or c ontracts deta iled 
above traded during a +closed period  where prior written 
clearance was required? 
N/A 
If so, was prior written clearan ce provided to allow the trade 
to proceed during this period? 
N/A 
If prior written clearance was provided, on what date was this 
provided? 
N/A 
 
For personal use only

Appendix 3Y 
Change of Director’s Interest Notice 
 
 
 
+ See chapter 19 for defined terms. 
 
01/01/2011 Appendix 3Y  Page 1 
 
Rule 3.19A.2 
Appendix 3Y 
 
Change of Director’s Interest Notice 
 
Information or documents not available now must be given to ASX as soon as available.  Information and 
documents given to ASX become ASX’s property and may be made public. 
Introduced 30/09/01  Amended 01/01/11 
 
Name of entity    BRIGHTSTAR RESOURCES LIMITED 
ABN                       44 100 727 491 
 
We (the entity) give ASX the following information under listing rule 3.19A.2 and as agent for the 
director for the purposes of section 205G of the Corporations Act.   
 
Name of Director Andrew Rich 
Date of last notice 12 March 2026 
 
Part 1 - Change of director’s relevant interests in securities 
In the case of a trust, this includes interests in the trust made available by the responsible entity of the trust 
 
Note: In the case of a company, interests which come within paragraph (i) of the definition of “notifiable interest of a director” should be 
disclosed in this part. 
 
Direct or indirect interest Indirect 
Nature of indirect interest 
(including registered holder) 
Note: Provide details of the circumstances giving rise to the relevant 
interest. 
 
Mr Andrew Rich <Rich Family A/C> 
Date of change 1. 17 August 2026 
2. 13 August 2026 
For personal use only

Appendix 3Y 
Change of Director’s Interest Notice 
 
 
 
+ See chapter 19 for defined terms. 
 
Appendix 3Y Page 2 01/01/2011 
 
No. of securities held prior to change 
 
 
Direct 
1,469,410 fully-paid ordinary shares 
 
1,552,500 Performance Rights expiring 3 June 
2029 
 
Mr Andrew Rich and Mrs Jessica Rich <Rich 
Family Superfund A/C> 
 
135,489 Fully-paid Ordinary Shares 
 
Mr Andrew Rich <Rich Family A/C> 
 
142,857 Share Perfo rmance R ights expiry 31 
December 2027 
 
2,000,000 – Share Performance Rights expiry 31 
December 2029 
 
Class  
1. Fully-paid Ordinary Shares 
2. Share Performance Rights expiry 31 
December 2027 
Number acquired  
1. 100,000 
Number disposed 2. 42,857 
Value/Consideration 
Note: If consideration is non-cash, provide details and estimated valuation 
 
1. $42,000 (non-cash) 
2. N/A vesting conditions not met 
No. of securities held after change Direct 
1,469,410 fully-paid ordinary shares 
 
1,552,500 Performance Rights expiring 3 June 
2029 
 
Mr Andrew Rich and Mrs Jessica Rich < Rich 
Family Superfund A/C> 
 
135,489 Fully-paid Ordinary Shares 
 
Mr Andrew Rich <Rich Family A/C> 
 
100,000 fully paid ordinary shares 
 
2,000,000 – Share Performance Rights expiry 31 
December 2029 
 
 
Nature of change 
Example: on-market trade, off -market trad e, exercis e of options, issue of 
securities under dividend reinvestment plan, participation in buy-back 
 
1. Conversion of vested Performance 
Rights to fully-paid ordinary shares. 
2. Ceasing of performance rights as 
conditions unable to be satisfied 
For personal use only

Appendix 3Y 
Change of Director’s Interest Notice 
 
 
 
+ See chapter 19 for defined terms. 
 
01/01/2011 Appendix 3Y  Page 3 
 
 
Part 2 – Change of director’s interests in contracts 
 
Note: In the case of a company, interests which come within paragraph (ii) of the definition of “notifiable interest of a director” should be 
disclosed in this part. 
 
Detail of contract N/A 
Nature of interest 
 
N/A 
Name of registered holder 
(if issued securities) 
 
N/A 
Date of change N/A 
No. and class of securi ties to which 
interest related prior to change 
Note: Details ar e only required for a  contract in relation 
to which the interest has changed 
 
N/A 
Interest acquired N/A 
Interest disposed N/A 
Value/Consideration 
Note: If consideration is non-cash, provide details and an 
estimated valuation  
 
N/A 
Interest after change N/A 
 
Part 3 – +Closed period 
 
Were the int erests in t he secu rities or contracts deta iled 
above tra ded during a +closed period  where prior written 
clearance was required? 
N/A 
If so, was prior  written clearance provi ded to allow the trade 
to proceed during this period? 
N/A 
If prior written clearance was provided, on what date was this 
provided? 
N/A 
 
For personal use only",3cfa51347199507ebce1eb4590aba6cd3a6264e3742c995c482db8bbf5e4b3d0,pypdf-6.16.1
328,manual_capture,328653.pdf,5011,,PO VALLEY ENERGY LIMITED,,app_3y,,2026-08-17 09:03:00+00,2026-08-19 13:53:22.799009+00,07a711e863985e88f1b4d5ebc1fa47a705e1840e8ecd65d94b5c024ecb74427d,/home/user/asx-data/raw/07/a7/07a711e863985e88f1b4d5ebc1fa47a705e1840e8ecd65d94b5c024ecb74427d,unparsed,,,,manual_capture,,,,,pdf_creation,"Appendix 3Y 
Change of Director’s Interest Notice 
 
 
 
+ See chapter 19 for defined terms. 
 
01/01/2011 Appendix 3Y  Page 1 
 
Rule 3.19A.2 
Appendix 3Y 
 
Change of Director’s Interest Notice 
 
Information or documents not available now must be given to ASX as soon as available.  Information and 
documents given to ASX become ASX’s property and may be made public. 
Introduced 30/09/01  Amended 01/01/11 
 
Name of entity PO VALLEY ENERGY LIMITED 
ABN  33 087 741 571 
 
We (the entity) give ASX the following information under listing rule 3.19A.2 and as agent for the 
director for the purposes of section 205G of the Corporations Act.   
 
Name of Director KEVIN BAILEY AM 
Date of last notice 7 April 2025 
 
Part 1 - Change of director’s relevant interests in securities 
In the case of a trust, this includes interests in the trust made available by the responsible entity of the trust  
 
Note: In the case of a company, interests which come within paragraph (i) of the definition of “notifiable interest of a director” should be 
disclosed in this part. 
 
Direct or indirect interest Indirect 
Nature of indirect interest 
(including registered holder) 
Note: Provide details of the circumstances giving rise to the relevant 
interest. 
 
Indirect shares held  by Company of which 
Mr Bailey is director and a member of 
superfund:  
Fuiloro Pty Ltd ATF Bailey Superannuation 
Fund. 
Date of change 13th August 2026 
No. of securities held prior to change Interest in 300,000,770 Fully paid 
Ordinary Shares (ASX: PVE) as follows: 
34,044,724 ordinary shares held on own 
account 
209,174,273 ordinary shares held on 
Trust for the Kevin Bailey 
Charitable Trust 
56,781,743 ordinary shares held by 
Fuiloro Pty Ltd ATF Bailey Super 
Trust 
Class Fully Paid Ordinary Shares (ASX:PVE) 
For personal use only

Appendix 3Y 
Change of Director’s Interest Notice 
 
 
 
+ See chapter 19 for defined terms. 
 
Appendix 3Y Page 2 01/01/2011 
 
Number acquired 56,781,743 Off market internal transfer of 
shares between holdings with no overall 
change in the director’s total  notifiable 
interests 
Number disposed 56,781,743 Off market internal transfer of 
shares between holdings with no overall 
change in the director’s total  notifiable 
interests 
Value/Consideration 
Note: If consideration is non -cash, provide details and estimated 
valuation 
 
6.1c per share 
No. of securities held after change Interest in 300,000,770 Fully paid 
Ordinary Shares (ASX: PVE) as follows: 
34,044,724 ordinary Shares  held on own 
account. 
265,956,016 held on Trust for the Kevin 
Bailey Charitable Trust  
Nature of change 
Example: on-market trade, off-market trade, exercise of options, issue 
of securities under dividend reinvestment plan, participation in buy -
back 
Off market internal transfer of shares  
between holdings with no overall change in 
the director’s total notifiable interests. 
 
Part 2 – Change of director’s interests in contracts 
 
Note: In the case of a company, interests which come within paragraph (ii) of the definition of “notifiable interest of a director” should be 
disclosed in this part. 
 
Detail of contract n/a 
Nature of interest 
 
 
 
Name of registered holder 
(if issued securities) 
 
 
Date of change  
No. and class of securities to which 
interest related prior to change 
Note: Details are only required for a contract in 
relation to which the interest has changed 
 
 
Interest acquired  
Interest disposed  
For personal use only

Appendix 3Y 
Change of Director’s Interest Notice 
 
 
 
+ See chapter 19 for defined terms. 
 
01/01/2011 Appendix 3Y  Page 3 
 
Value/Consideration 
Note: If consideration is non-cash, provide details and 
an estimated valuation  
 
 
Interest after change  
 
Part 3 – +Closed period 
 
Were the interests in the securities or contracts detailed 
above traded during a +closed period where prior written 
clearance was required? 
No 
If so, was prior written clearance provided to allow the 
trade to proceed during this period? 
n/a 
If prior written clearance was provided, on what date was 
this provided? 
n/a 
 
 
 
For personal use only",38bae72d899f0da4b7c62063c98ac41c0ff915e921c3e53380450d2f01efe820,pypdf-6.16.1
330,manual_capture,328794.pdf,3912,,Baby Bunting Group Limited,,app_3y,,2026-08-17 22:06:49+00,2026-08-19 13:53:23.167737+00,03c108ce2bb758433e4efb78a3dd49ada342e934c9f41b2f936e543322186245,/home/user/asx-data/raw/03/c1/03c108ce2bb758433e4efb78a3dd49ada342e934c9f41b2f936e543322186245,unparsed,,,,manual_capture,,,,,pdf_creation,"Appendix 3Y 
Change of Director’s Interest Notice 
 
 
 
+ See chapter 19 for defined terms. 
 
01/01/2011 Appendix 3Y  Page 1 
 
Rule 3.19A.2 
Appendix 3Y 
 
Change of Director’s Interest Notice 
 
Information or documents not available now must be given to ASX as soon as available.  Information and 
documents given to ASX become ASX’s property and may be made public. 
Introduced 30/09/01  Amended 01/01/11 
 
Name of entity Baby Bunting Group Limited 
ABN  58 128 533 693 
 
We (the entity) give ASX the following information under listing rule 3.19A.2 and as agent for 
the director for the purposes of section 205G of the Corporations Act.   
 
Name of Director Fran Ereira 
Date of last notice 16 October 2025  
 
Part 1 - Change of director’s relevant interests in securities 
In the case of a trust, this includes interests in the trust made available by the responsible entity of the trust 
 
Note: In the case of a company, interests which come within paragraph (i) of the definition of “notifiable interest of a director” should 
be disclosed in this part. 
 
Direct or indirect interest Indirect 
Nature of indirect interest 
(including registered holder) 
Note: Provide details of the circumstances giving 
rise to the relevant interest. 
 
Bond Street Custodians Limited as custodian for the 
Ereira Super Trust.  Fran Ereira is a trustee and 
beneficiary of the superannuation fund.    
Date of change 17 August 2026  
No. of securities held prior to change 40,147  
 
Class Fully paid ordinary shares  
Number acquired 11,764 purchased  
Number disposed Nil 
Value/Consideration 
Note: If consideration is non- cash, provide details 
and estimated valuation 
 
 
$1.29 per share 
 
 
No. of securities held after change 51,911 fully paid ordinary shares  

Appendix 3Y 
Change of Director’s Interest Notice 
 
 
 
+ See chapter 19 for defined terms. 
 
Appendix 3Y Page 2 01/01/2011 
 
Nature of change 
Example: on -market trade, off -market trade, 
exercise of options, issue of securities under 
dividend reinvestment plan, participation in buy -
back 
 
On-market trade 
 
Part 2 – Change of director’s interests in contracts 
 
Note: In the case of a company, interests which come within paragraph (ii) of the definition of “notifiable interest of a director”  should 
be disclosed in this part. 
 
Detail of contract  
Nature of interest 
 
 
 
Name of registered holder 
(if issued securities) 
 
 
Date of change  
No. and class of securities to which 
interest related prior to change 
Note: Details are only required for a contract in 
relation to which the interest has changed 
 
 
Interest acquired  
Interest disposed  
Value/Consideration 
Note: If consideration is non- cash, provide details 
and an estimated valuation  
 
 
Interest after change  
 
Part 3 – +Closed period 
 
Were the interests in the securities or contracts detailed 
above traded during a +closed period where prior written 
clearance was required? 
No  
If so, was prior written clearance provided to allow the trade 
to proceed during this period? 
 
If prior written clearance was provided, on what date was this 
provided? 
 
 
 
 ",c18d543557eac026277d2f0b4dba21c26dbb59811f84e7f7cacc07f6e717437e,pypdf-6.16.1
331,manual_capture,328803.pdf,3912,,Baby Bunting Group Limited,,app_3y,,2026-08-17 22:20:36+00,2026-08-19 13:53:23.370737+00,6aa5a4fe37cafef3585e18f024bb88f78e4103c214d3c1cabf0f48ac62d25c88,/home/user/asx-data/raw/6a/a5/6aa5a4fe37cafef3585e18f024bb88f78e4103c214d3c1cabf0f48ac62d25c88,unparsed,,,,manual_capture,,,,,pdf_creation,"Appendix 3Y 
Change of Director’s Interest Notice 
 
 
 
+ See chapter 19 for defined terms. 
 
01/01/2011 Appendix 3Y  Page 1 
 
Rule 3.19A.2 
Appendix 3Y 
 
Change of Director’s Interest Notice 
 
Information or documents not available now must be given to ASX as soon as available.  Information and 
documents given to ASX become ASX’s property and may be made public. 
Introduced 30/09/01  Amended 01/01/11 
 
Name of entity Baby Bunting Group Limited 
ABN  58 128 533 693 
 
We (the entity) give ASX the following information under listing rule 3.19A.2 and as agent for 
the director for the purposes of section 205G of the Corporations Act.   
 
Name of Director Gary Kent 
Date of last notice 23 February 2024 
 
Part 1 - Change of director’s relevant interests in securities 
In the case of a trust, this includes interests in the trust made available by the responsible entity of the trust 
 
Note: In the case of a company, interests which come within paragraph (i) of the definition of “notifiable interest of a director” should 
be disclosed in this part. 
 
Direct or indirect interest Indirect 
Nature of indirect interest 
(including registered holder) 
Note: P rovide details of the circumstances giving 
rise to the relevant interest. 
 
PCG Nominees Pty Ltd is the registered holder, being an 
entity in which Gary Kent is taken under section 
608(3)(a) of the Corporations Act to have a relevant 
interests in the securities.  
 
Date of change 17 August 2026 
No. of securities held prior to change 40,000 
Class Fully paid ordinary shares  
Number acquired 8,000 
Number disposed Nil 
Value/Consideration 
Note: If consideration is non- cash, provide details 
and estimated valuation 
 
 
$1.26 per share 
 
 
No. of securities held after change 
 
48,000 fully paid ordinary shares  
For personal use only

Appendix 3Y 
Change of Director’s Interest Notice 
 
 
 
+ See chapter 19 for defined terms. 
 
Appendix 3Y Page 2 01/01/2011 
 
Nature of change 
Example: on -market trade, off -market trade, 
exercise of options, issue of securities under 
dividend reinvestment plan, participation in buy -
back 
 
On-market trade 
 
Part 2 – Change of director’s interests in contracts 
 
Note: In the case of a company, interests which come within paragraph (ii) of the definition of “notifiable interest of a director”  should 
be disclosed in this part. 
 
Detail of contract  
Nature of interest 
 
 
 
Name of registered holder 
(if issued securities) 
 
 
Date of change  
No. and class of securities to which 
interest related prior to change 
Note: Details are only required for a contract in 
relation to which the interest has changed 
 
 
Interest acquired  
Interest disposed  
Value/Consideration 
Note: If consideration is non- cash, provide details 
and an estimated valuation  
 
 
Interest after change  
 
Part 3 – +Closed period 
 
Were the interests in the securities or contracts detailed 
above traded during a +closed period where prior written 
clearance was required? 
No  
If so, was prior written clearance provided to allow the trade 
to proceed during this period? 
 
If prior written clearance was provided, on what date was this 
provided? 
 
 
 
 
For personal use only",5ee3795d4fe2d9b2b87e72868e23880215febd6234047156dcc2be943e7708e5,pypdf-6.16.1
332,manual_capture,328987.pdf,4078,,Charter Hall Long WALE REIT,,app_3y,,2026-08-18 00:48:52+00,2026-08-19 13:53:23.587783+00,f2fa46fc2c00442bd1be7c4ef2a6f2465882fb3fd4edbbe47fa739776cfbc7be,/home/user/asx-data/raw/f2/fa/f2fa46fc2c00442bd1be7c4ef2a6f2465882fb3fd4edbbe47fa739776cfbc7be,unparsed,,,,manual_capture,,,,,pdf_creation,"Appendix 3Y 
Change of Director’s Interest Notice 
 
 
 
+ See chapter 19 for defined terms. 
 
01/01/2011 Appendix 3Y  Page 1 
 
Rule 3.19A.2 
Appendix 3Y 
 
Change of Director’s Interest Notice 
 
Information or documents not available now must be given to ASX as soon as available.  Information and 
documents given to ASX become ASX’s property and may be made public. 
Introduced 30/09/01  Amended 01/01/11 
 
Name of entity Charter Hall Long WALE REIT 
ARSN 144 613 641; 614 713 138 
 
We (the entity) give ASX the following information under listing rule 3.19A.2 and as agent for 
the director for the purposes of section 205G of the Corporations Act.   
 
Name of Director David William Harrison  
Date of last notice 21 May 2026 
 
Part 1 - Change of director’s relevant interests in securities 
In the case of a trust, this includes interests in the trust made available by the responsible entity of the trust 
 
Note: In the case of a company, interests which come within paragraph (i) of the definition of “notifiable interest of a director” should be 
disclosed in this part. 
 
Direct or indirect interest Indirect and Direct 
Nature of indirect interest 
(including registered holder) 
Note: Provide details of the circumstances giving rise to the relevant 
interest. 
 
Indirect Interest via Portmist Pty Limited atf 
Harrison Family Trust .  David Harrison is a 
shareholder and Director of Portmist Pty 
Limited  
Date of change 14 August 2026 
 
 
No. of securities held prior to change 237,876 (Direct) 
496,757 (Indirect) 
 
 
Class Ordinary securities 
Number acquired 4,204 (14 August 2026) (Direct) 
8,780 (14 August 2026) (Indirect) 
 
Number disposed Nil 
Value/Consideration 
Note: If consideration is non -cash, provide details and estimated 
valuation 
 
$3.6067 (14 August 2026) per Security  
 
For personal use only

Appendix 3Y 
Change of Director’s Interest Notice 
 
 
 
+ See chapter 19 for defined terms. 
 
Appendix 3Y Page 2 01/01/2011 
 
No. of securities held after change 242,080 (Direct) 
505,537 (Indirect) 
 Nature of change 
Example: on-market trade, off-market trade, exercise of options, issue 
of securities under dividend reinvestment plan, participation in buy -
back 
Participation in the DRP 
 
Part 2 – Change of director’s interests in contracts 
 
Note: In the case of a company, interests which come within paragraph (ii) of the definition of “notifiable interest of a director” should be 
disclosed in this part. 
 
Detail of contract N/A 
Nature of interest 
 
 
N/A 
Name of registered holder 
(if issued securities) 
 
N/A 
Date of change N/A 
No. and class of securities to which 
interest related prior to change 
Note: Details are only required for a contract in 
relation to which the interest has changed 
 
N/A 
Interest acquired N/A 
Interest disposed N/A 
Value/Consideration 
Note: If consideration is non -cash, provide details 
and an estimated valuation  
 
N/A 
Interest after change N/A 
 
Part 3 – +Closed period 
 
Were the interests in the securities or contracts detailed 
above traded during a +closed period where prior written 
clearance was required? 
No 
If so, was prior written clearance provided to allow the 
trade to proceed during this period? 
N/A 
If prior written clearance was provided, on what date was 
this provided? 
N/A 
 
 
For personal use only",e68fdaa368d64873567604b17f2dc8b573e490e862abf4638c7b65234df921eb,pypdf-6.16.1
333,manual_capture,329590.pdf,4698,,MACMAHON HOLDINGS LIMITED,,app_3y,,2026-08-18 01:53:59+00,2026-08-19 13:53:24.008147+00,0837103f0ac963773217160c7708f31bdc3710e8c86309cefc1707be56a9431f,/home/user/asx-data/raw/08/37/0837103f0ac963773217160c7708f31bdc3710e8c86309cefc1707be56a9431f,unparsed,,,,manual_capture,,,,,pdf_creation,"Appendix 3Y 
Change of Director’s Interest Notice 
 
 
 
+ See chapter 19 for defined terms. 
 
01/01/2011 Appendix 3Y Page 1 
 
Rule 3.19A.2 
Appendix 3Y 
 
Change of Director’s Interest Notice 
 
Information or documents not available now must be given to ASX as soon as available.  Information 
and documents given to ASX become ASX’s property and may be made public. 
Introduced 30/09/01 Amended 01/01/11 
 
 
Name of entity        MACMAHON HOLDINGS LIMITED  
ABN                         93 007 634 406 
 
We (the entity) give ASX the following information under listing rule 3.19A.2 and as agent for 
the director for the purposes of section 205G of the Corporations Act.   
 
 
Name of Director GREGORY RICHARD EVANS 
Date of last notice 16 July 2026 
 
Part 1 - Change of director’s relevant interests in securities 
In the case of a trust, this includes interests in the trust made available by the responsible entity of the trust 
 
Note: In the case of a company, interests which come within paragraph (i) of the definition of “notifiable interest of a director” should 
be disclosed in this part. 
 
Direct or indirect interest Direct  
Nature of indirect interest 
(including registered holder) 
Note: Provide details of the circumstances giving rise to the 
relevant interest. 
Not applicable 
Date of change 19 August 2026 
No. of securities held prior to change 
 
 
 
 
 
 
 
 
 
 
 
 
 
 
 
 
64,100 Fully Paid Ordinary Shares held by 
the Trustee of the Macmahon Holdings 
Limited Employee Share Ownership Plans 
Trust in accordance with the Non-Executive 
Director Salary Sacrifice Plan. The shares 
are subject to trading restrictions. 
64,100 Share Rights (unquoted), held in the 
Macmahon Holdings Limited Employee 
Share Ownership Plans Trust in accordance 
with the Non-Executive Director Salary 
Sacrifice Plan (FY26 grant). 
66,795 Share Rights (unquoted), held in the 
Macmahon Holdings Limited Employee 
Share Ownership Plans Trust in accordance 
with the Non-Executive Director Salary 
Sacrifice Plan (FY27 grant). 
For personal use only

Appendix 3Y 
Change of Director’s Interest Notice 
 
 
 
+ See chapter 19 for defined terms. 
 
Appendix 3Y Page 2 01/01/2011 
 
Class Fully Paid Ordinary Shares 
Number acquired 64,100 
Number disposed Nil 
Value/Consideration 
Note: If consideration is non -cash, provide details and estimated 
valuation 
 
Not applicable – 64,100 Fully Paid Ordinary 
Shares were issued upon vesting of Share 
Rights (unquoted) under the Non -Executive 
Director Salary Sacrifice Plan. The shares 
were acquired on market  by the Macmahon 
Holdings Limited Employee Share Ownership 
Plans Trust. 
No. of securities held after change 
128,200 Fully Paid Ordinary Shares held by 
the Trustee of the Macmahon Holdings 
Limited Employee Share Ownership Plans 
Trust in accordance with the Non -Executive 
Director Salary Sacrifice Plan. The shares 
are subject to trading restrictions. 
66,795 Share Rights (unquoted), held in the 
Macmahon Holdings Limited Employee 
Share Ownership Plans Trust in accordance 
with the Non -Executive Director Salary 
Sacrifice Plan (FY27 grant). 
Nature of change 
Example: on -market trade, off -market trade, exercise of options, 
issue of securities under dividend reinvestment plan, participation 
in buy-back 
Fully Paid Ordinary Shares were issued upon 
vesting of Share Rights (unquoted) under the 
Non-Executive Director Salary Sacrifice Plan. 
The shares were acquired on market by the 
Macmahon Holdings Limited Employee 
Share Ownership Plans Trust. 
 
Part 2 – Change of director’s interests in contracts 
 
Note: In the case of a company, interests which come within paragraph (ii) of the definition of “notifiable interest of a director”  should 
be disclosed in this part. 
 
Detail of contract Not applicable 
Nature of interest Not applicable 
Name of registered holder 
(if issued securities) Not applicable 
Date of change Not applicable 
No. and class of securities to 
which interest related prior to 
change 
Note: Details are only required for a contract in 
relation to which the interest has changed 
 
Not applicable 
For personal use only

Appendix 3Y 
Change of Director’s Interest Notice 
 
 
 
+ See chapter 19 for defined terms. 
 
01/01/2011 Appendix 3Y Page 3 
 
Interest acquired Not applicable 
Interest disposed Not applicable 
Value/Consideration 
Note: If consideration is non -cash, provide details 
and an estimated valuation  
Not applicable 
Interest after change Not applicable 
 
 
Part 3 – +Closed period 
 
Were the interests in the securities or contracts 
detailed above traded during a +closed period where 
prior written clearance was required? 
No 
 
 
If so, was prior-written clearance provided to allow the 
trade to proceed during this period? Not applicable 
If prior written clearance was provided, on what date 
was this provided? Not applicable 
 
 
For personal use only",0d04a808ec222b9138b79656465ecc354b429bdfcfcc31d5ac86c667bd249468,pypdf-6.16.1
334,manual_capture,329670.pdf,3915,,Black Canyon Limited,,app_3y,,2026-08-19 05:36:17+00,2026-08-19 13:53:24.176462+00,564397ff00a36d1ffc3a9b7ab3b9b9ccedf7030bc5d1721f9f18a1785dd2cab4,/home/user/asx-data/raw/56/43/564397ff00a36d1ffc3a9b7ab3b9b9ccedf7030bc5d1721f9f18a1785dd2cab4,unparsed,,,,manual_capture,,,,,pdf_creation,"Appendix 3Y 
Change of Director’s Interest Notice 
 
 
+ See chapter 19 for defined terms. 
01/01/2011  Appendix 3Y  Page 1 
Rule 3.19A.2 
Appendix 3Y 
Change of Director’s Interest Notice 
 
Information or documents not available now must be given to ASX as soon as available.  Information and 
documents given to ASX become ASX’s property and may be made public. 
Introduced 30/09/01  Amended 01/01/11 
 
Name of entity Black Canyon Limited 
ABN  150 714 739 
 
We (the entity) give ASX the following information under listing rule 3.19A.2 and as agent for the 
director for the purposes of section 205G of the Corporations Act.   
 
Name of Director Adrian Hill 
Date of last notice 23 March 2026 
 
Part 1 - Change of director’s relevant interests in securities 
In the case of a trust, this includes interests in the trust made available by the responsible entity of the trust 
 
Note: In the case of a company, interests which come within paragraph (i) of the definition of “notifiable interest of a director” should be 
disclosed in this part. 
 
Direct or indirect interest Indirect 
Nature of indirect interest 
(including registered holder) 
Note: Provide details of the circumstances giving rise 
to the relevant interest. 
 
Samatzo Holdings Pty Ltd <Hill Family A/C> (Beneficiary of Trust)  
  
Date of change 19 August 2026 
No. of securities held prior to change Indirect 
3,207,466 Fully Paid Ordinary Shares 
178,571 Unlisted Options, exercise price $0.14, expiry 14/10/26  
600,000 Unlisted Options, exercise price $0.105, expiry 10/12/27 
 
Class Fully Paid Ordinary Shares 
Unlisted Options, exercise price $0.14, expiry 14/10/26  
Number acquired 178,571 Fully Paid Ordinary Shares 
Number disposed (178,571) Unlisted Options, exercise price $0.14, expiry 14/10/26  
 
 
Value/Consideration 
Note: If consideration is non -cash, provide details and 
estimated valuation 
 
$0.14 per share, total $24,999.94 
No. of securities held after change Indirect 
3,386,037 Fully Paid Ordinary Shares 
600,000 Unlisted Options, exercise price $0.105, expiry 10/12/27 
 
For personal use only

Appendix 3Y 
Change of Director’s Interest Notice 
 
 
+ See chapter 19 for defined terms. 
01/01/2011  Appendix 3Y  Page 2 
 
Nature of change 
Example: on-market trade, off -market trade, exercise 
of options, issue of securities under dividend 
reinvestment plan, participation in buy-back 
Exercise of unlisted options with an expiry of 14/10/26 and an exercise 
price of $0.14 
 
Part 2 – Change of director’s interests in contracts 
 
Note: In the case of a company, interests which come within paragraph (ii) of the definition of “notifiable interest of a director”  should be 
disclosed in this part. 
 
Detail of contract - 
Nature of interest - 
Name of registered holder 
(if issued securities) 
 
- 
Date of change - 
No. and class of securities to which 
interest related prior to change 
Note: Details are only required for a contract in relation 
to which the interest has changed 
 
- 
Interest acquired - 
Interest disposed - 
Value/Consideration 
Note: If consideration is non-cash, provide details and an 
estimated valuation  
 
- 
Interest after change - 
 
Part 3 – +Closed period 
 
Were the interests in the securities or contracts detailed above  
traded during a +closed period  where prior written clearance 
was required? 
No 
If so, was prior written clearance provided to allow the trade to 
proceed during this period? 
 
If prior written clearance was provided, on what date was this 
provided? 
 
 
For personal use only",a8f342811ae35aa38be984bd3f35cbba2dea7b1f3fc357af55c94444891cb4a3,pypdf-6.16.1
335,manual_capture,329671.pdf,3915,,Black Canyon Limited,,app_3y,,2026-08-19 05:37:47+00,2026-08-19 13:53:24.345874+00,294fdce7fe806346c0fb3f780b190e51ab0daec319d0cc7b8aaec40e6ddedc5c,/home/user/asx-data/raw/29/4f/294fdce7fe806346c0fb3f780b190e51ab0daec319d0cc7b8aaec40e6ddedc5c,unparsed,,,,manual_capture,,,,,pdf_creation,"Appendix 3Y 
Change of Director’s Interest Notice 
 
 
+ See chapter 19 for defined terms. 
01/01/2011  Appendix 3Y  Page 1 
Rule 3.19A.2 
Appendix 3Y 
Change of Director’s Interest Notice 
 
Information or documents not available now must be given to ASX as soon as available.  Information and 
documents given to ASX become ASX’s property and may be made public. 
Introduced 30/09/01  Amended 01/01/11 
 
Name of entity Black Canyon Limited 
ABN  150 714 739 
 
We (the entity) give ASX the following information under listing rule 3.19A.2 and as agent for the 
director for the purposes of section 205G of the Corporations Act.   
 
Name of Director Brendan Cummins 
Date of last notice 27 March 2026 
 
Part 1 - Change of director’s relevant interests in securities 
In the case of a trust, this includes interests in the trust made available by the responsible entity of the trust 
 
Note: In the case of a company, interests which come within paragraph (i) of the definition of “notifiable interest of a director” should be 
disclosed in this part. 
 
Direct or indirect interest Indirect 
Nature of indirect interest 
(including registered holder) 
Note: Provide details of the circumstances giving rise to the 
relevant interest. 
 
Icon Custodians Pty Ltd <Cummins Family A/C> (Director of Trustee 
and Beneficiary of Trust) 
 
Mr Brendan James Cummins and Mrs Melissa Ann Cummins <B&M 
Cummins S/Fund A/C> 
 
Date of change 19 August 2026 
No. of securities held prior to change Indirect 
4,144,826 Fully Paid Ordinary Shares 
249,999 Unlisted Options, exercise price $0.14, expiry 14/10/26  
600,000 Performance Rights, expiry 20/12/26 
1,000,000 Performance Rights, expiry 18/11/2028 
 
Class Fully paid ordinary shares 
Unlisted Options, exercise price $0.14, expiry 14/10/26 
Number acquired 249,999 Fully Paid Ordinary Shares 
Number disposed (249,999) Unlisted Options, exercise price $0.14, expiry 14/10/26 
Value/Consideration 
Note: If consideration is non -cash, provide details and 
estimated valuation 
 
$0.14 per share, total $34,999.86 
No. of securities held after change Indirect 
4,394,825 Fully Paid Ordinary Shares 
600,000 Performance Rights, expiry 20/12/26 
1,000,000 Performance Rights, expiry 18/11/2028 
 
For personal use only

Appendix 3Y 
Change of Director’s Interest Notice 
 
 
+ See chapter 19 for defined terms. 
01/01/2011  Appendix 3Y  Page 2 
 
Nature of change 
Example: on -market trade, off -market trade, exercise of 
options, issue of securities under dividend reinvestment 
plan, participation in buy-back 
Exercise of unlisted options with an expiry of 14/10/26 and an 
exercise price of $0.14 
 
Part 2 – Change of director’s interests in contracts 
 
Note: In the case of a company, interests which come within paragraph (ii) of the definition of “notifiable interest of a director”  should be 
disclosed in this part. 
 
Detail of contract - 
Nature of interest - 
Name of registered holder 
(if issued securities) 
 
- 
Date of change - 
No. and class of securities to which 
interest related prior to change 
Note: Details are only required for a contract in relation 
to which the interest has changed 
 
- 
Interest acquired - 
Interest disposed - 
Value/Consideration 
Note: If consideration is non-cash, provide details and an 
estimated valuation  
 
- 
Interest after change - 
 
Part 3 – +Closed period 
 
Were the interests in the securities or contracts detailed above  
traded during a +closed period  where prior written clearance 
was required? 
- 
If so, was prior written clearance provided to allow the trade to 
proceed during this period? 
- 
If prior written clearance was provided, on what date was this 
provided? 
- 
 
For personal use only",75ec565c12d6b8659ed1f548cc2e03eed4d95f9851031019a7dfdf9c2cf518e9,pypdf-6.16.1
336,manual_capture,328655.pdf,3872,,AUGUSTUS MINERALS LIMITED,,app_3y,,2026-08-17 08:14:18+00,2026-08-19 13:56:13.648669+00,a8ff8a7201a66000301512bc2ba36dcfd49df55ad8d0738d3062ebcee4056b24,/home/user/asx-data/raw/a8/ff/a8ff8a7201a66000301512bc2ba36dcfd49df55ad8d0738d3062ebcee4056b24,unparsed,,,,manual_capture,,,,,pdf_creation,"Appendix 3Y 
Change of Director’s Interest Notice 
 
 
 
+ See chapter 19 for defined terms. 
 
01/01/2011 Appendix 3Y  Page 1 
 
Rule 3.19A.2 
Appendix 3Y 
 
Change of Director’s Interest Notice 
 
Information or documents not available now must be given to ASX as soon as available.  Information and 
documents given to ASX become ASX’s property and may be made public. 
Introduced 30/09/01  Amended 01/01/11 
 
Name of entity   AUGUSTUS MINERALS LIMITED 
ABN   651 349 638 
 
We (the entity) give ASX the following information under listing rule 3.19A.2 and as agent for 
the director for the purposes of section 205G of the Corporations Act.   
 
Name of Director Brian Rodan 
Date of last notice 8 May 2026 
 
Part 1 - Change of director’s relevant interests in securities 
In the case of a trust, this includes interests in the trust made available by the responsible entity of the trust 
 
Note: In the case of a company, interests which come within paragraph (i) of the definition of “notifiable interest of a director” should be 
disclosed in this part. 
 
Direct or indirect interest Indirect 
Nature of indirect interest 
(including registered holder) 
Note: Provide details of the circumstances giving rise to the relevant 
interest. 
 
Mining Investments Australia Pty Ltd; 
Premier Logistics Services Pty Ltd; Redland 
Plains Pty Ltd <Majestic Investment A/C>; 
Redland Plains Pty Ltd <Brian Bernard 
Rodan S/F A/C>;  (the holder is controller 
of the entities) 
Date of change 17 August 2026 
No. of securities held prior to change 56,830,012 Shares 
 
Class Fully paid ordinary (Shares) 
 
Unquoted options exercisable at $0.07 
each on or before 17 August 2029 
(Options) 
Number acquired 1,250,000 Shares 
625,000 Options 
Number disposed N/A 
Value/Consideration 
Note: If consideration is non -cash, provide details and estimated 
valuation 
$50,000 
For personal use only

Appendix 3Y 
Change of Director’s Interest Notice 
 
 
 
+ See chapter 19 for defined terms. 
 
Appendix 3Y Page 2 01/01/2011 
 
 
No. of securities held after change 58,080,012 Shares 
625,000 Options 
 
Nature of change 
Example: on-market trade, off-market trade, exercise of options, issue 
of securities under dividend reinvestment plan, participation in buy -
back 
Issue of Shares and Options in accordance 
with shareholder approval obtained on 
7 August 2026 
 
Part 2 – Change of director’s interests in contracts 
 
Note: In the case of a company, interests which come within paragraph (ii) of the definition of “notifiable interest of a director”  should be 
disclosed in this part. 
 
Detail of contract N/A 
Nature of interest 
 
 
N/A 
Name of registered holder 
(if issued securities) 
 
N/A 
Date of change N/A 
No. and class of securities to which 
interest related prior to change 
Note: Details are only required for a contract in 
relation to which the interest has changed 
 
N/A 
Interest acquired N/A 
Interest disposed N/A 
Value/Consideration 
Note: If consideration is non -cash, provide details 
and an estimated valuation  
 
N/A 
Interest after change N/A 
 
Part 3 – +Closed period 
 
Were the interests in the securities or contracts detailed 
above traded during a +closed period  where prior written 
clearance was required? 
No 
If so, was prior written clearance provided to allow the trade 
to proceed during this period? 
N/A 
If prior written clearance was provided, on what date was this 
provided? 
N/A 
 
 
For personal use only

Appendix 3Y 
Change of Director’s Interest Notice 
 
 
 
+ See chapter 19 for defined terms. 
 
01/01/2011 Appendix 3Y  Page 3 
 
 
For personal use only",203d66565d5beeb684a04cb0a0dc370eda8e36744bc03f25ec0aa157eb0d909a,pypdf-6.16.1
337,manual_capture,327881.pdf,4098,,Coda Minerals Ltd,,app_3y,,2026-08-13 12:37:04+00,2026-08-19 14:04:09.238595+00,dbc2eccb5fd4efb8338a0a7ae4e4f0802b2d7ae6a8c44b6b587cc9c212fd112d,/home/user/asx-data/raw/db/c2/dbc2eccb5fd4efb8338a0a7ae4e4f0802b2d7ae6a8c44b6b587cc9c212fd112d,unparsed,,,,manual_capture,,,,,pdf_creation,"Appendix	3Y	Change	of	Director’s	Interest	Notice		 
	+	See	chapter	19	for	defined	terms.		01/01/2011	Appendix	3Y		Page	1		
Rule	3.19A.2	Appendix 3Y  Change of Director’s Interest Notice  Information	or	documents	not	available	now	must	be	given	to	ASX	as	soon	as	available.		Information	and	documents	given	to	ASX	become	ASX’s	property	and	may	be	made	public.	Introduced 30/09/01  Amended 01/01/11  Name of entity   Coda Minerals Ltd ABN                     49 625 763 957  We	(the	entity)	give	ASX	the	following	information	under	listing	rule	3.19A.2	and	as	agent	for	the	director	for	the	purposes	of	section	205G	of	the	Corporations	Act.				Name of Director Keith	Jones	Date of last notice 8	December	2025	 Part 1 - Change of director’s relevant interests in securities In	the	case	of	a	trust,	this	includes	interests	in	the	trust	made	available	by	the	responsible	entity	of	the	trust	 Note:	In	the	case	of	a	company,	interests	which	come	within	paragraph	(i)	of	the	definition	of	“notifiable	interest	of	a	director”	should	be	disclosed	in	this	part.	 Direct or indirect interest Indirect	Nature of indirect interest (including registered holder) Note:	Provide	details	of	the	circumstances	giving	rise	to	the	relevant	interest.	 
White	 Silk	 Pty	 Ltd	 <Jones	 No	 1	 Trust	A/C>	-	director	of	trustee	and	beneficiary	of	account		Date of change 10	August	2026	No. of securities held prior to change White	 Silk	 Pty	 Ltd	 <Jones	 No	 1	 Trust	A/C>	-	director	of	trustee	and	beneficiary	of	account		13,349,449	fully	paid	ordinary	shares		2,388,890	 listed	 options,	 exercise	 price	$0.15	and	expiring	on	28	March	2029		K	 &	 J	 Corporate	 Pty	 Ltd	–	director	 and	shareholder	733,334	fully	paid	ordinary	shares			Class Fully	paid	ordinary	shares		Listed	 options,	 exercise	 price	 $0.15	 and	expiring	on	28	March	2029	
For personal use only

Appendix	3Y	Change	of	Director’s	Interest	Notice		 
	+	See	chapter	19	for	defined	terms.		Appendix	3Y	Page	2	 01/01/2011		
Number acquired 384,615	fully	paid	ordinary	shares		96,154	 listed	 options,	 exercise	 price	 $0.15	and	expiring	on	28	March	2029	Number disposed Nil	Value/Consideration Note:	 If	 consideration	 is	 non-cash,	 provide	 details	 and	 estimated	valuation	 $0.13	each	-	fully	paid	ordinary	shares	Nil	-	listed	 options,	 exercise	 price	 $0.15	and	expiring	on	28	March	2029	No. of securities held after change White	 Silk	 Pty	 Ltd	 <Jones	 No	 1	 Trust	A/C>	-	director	of	trustee	and	beneficiary	of	account		13,734,064	fully	paid	ordinary	shares		2,485,044	listed	 options,	 exercise	 price	$0.15	and	expiring	on	28	March	2029		K	 &	 J	 Corporate	 Pty	 Ltd	–	director	 and	shareholder	733,334	fully	paid	ordinary	shares			Nature of change Example:	 on-market	 trade,	 off-market	 trade,	 exercise	 of	 options,	issue	of	securities	under	dividend	reinvestment	plan,	participation	in	buy-back 
Issue	of	shares	and	attaching	options	in	a	placement	as	approved	by	shareholders	at	the	General	Meeting	of	Shareholders	held	on	3	August	2026.			 Part 2 – Change of director’s interests in contracts 	Note:	In	the	case	of	a	company,	interests	which	come	within	paragraph	(ii)	of	the	definition	of	“notifiable	interest	of	a	director”	should	be	disclosed	in	this	part.  Detail of contract N/A	Nature of interest   	
Name of registered holder (if issued securities)  	
Date of change 	No. and class of securities to which interest related prior to change Note:	 Details	 are	 only	 required	 for	 a	 contract	 in	relation	to	which	the	interest	has	changed		
	
Interest acquired 	Interest disposed 	
For personal use only

Appendix	3Y	Change	of	Director’s	Interest	Notice		 
	+	See	chapter	19	for	defined	terms.		01/01/2011	Appendix	3Y		Page	3		
Value/Consideration Note:	 If	 consideration	is	 non-cash,	 provide	 details	and	an	estimated	valuation			
	
Interest after change 	 Part 3 – +Closed period  Were the interests in the securities or contracts detailed above traded during a +closed period where prior written clearance was required? No 
If so, was prior written clearance provided to allow the trade to proceed during this period? N/A If prior written clearance was provided, on what date was this provided? N/A    
For personal use only

Appendix	3Y	Change	of	Director’s	Interest	Notice		 
	+	See	chapter	19	for	defined	terms.		01/01/2011	Appendix	3Y		Page	1		
Rule	3.19A.2	Appendix 3Y  Change of Director’s Interest Notice  Information	or	documents	not	available	now	must	be	given	to	ASX	as	soon	as	available.		Information	and	documents	given	to	ASX	become	ASX’s	property	and	may	be	made	public.	Introduced 30/09/01  Amended 01/01/11  Name of entity   Coda Minerals Ltd ABN                     49 625 763 957  We	(the	entity)	give	ASX	the	following	information	under	listing	rule	3.19A.2	and	as	agent	for	the	director	for	the	purposes	of	section	205G	of	the	Corporations	Act.				Name of Director Paul	Hallam	Date of last notice 8	December	2025	 Part 1 - Change of director’s relevant interests in securities In	the	case	of	a	trust,	this	includes	interests	in	the	trust	made	available	by	the	responsible	entity	of	the	trust	 Note:	In	the	case	of	a	company,	interests	which	come	within	paragraph	(i)	of	the	definition	of	“notifiable	interest	of	a	director”	should	be	disclosed	in	this	part.	 Direct or indirect interest Indirect		Nature of indirect interest (including registered holder) Note:	Provide	details	of	the	circumstances	giving	rise	to	the	relevant	interest.	 
Travhal	 Pty	 Ltd	<Hallam	 Super	 Fund	A/C>	–	director	and	 shareholder	of	trustee,	beneficiary	of	account	Date of change 10	August	2026	No. of securities held prior to change Paul	Duncan	Hallam		364,184	fully	paid	ordinary	shares		23,022	 listed	 options,	 exercise	 price	 $0.15	and	expiring	on	28	March	2029		Travhal	 Pty	 Ltd	<Hallam	 Super	 Fund	A/C>	–	director	and	 shareholder	of	trustee,	beneficiary	of	account	2,884,691	fully	paid	ordinary	shares		612,609	listed	options,	exercise	price	$0.15	and	expiring	on	28	March	2029		Class Fully	paid	ordinary	shares		Listed	 options,	 exercise	 price	 $0.15	 and	expiring	on	28	March	2029	
For personal use only

Appendix	3Y	Change	of	Director’s	Interest	Notice		 
	+	See	chapter	19	for	defined	terms.		Appendix	3Y	Page	2	 01/01/2011		
Number acquired 384,615	fully	paid	ordinary	shares		96,154	 listed	 options,	 exercise	 price	 $0.15	and	expiring	on	28	March	2029	Number disposed Nil	Value/Consideration Note:	 If	 consideration	 is	 non-cash,	 provide	 details	 and	 estimated	valuation	 $0.13	each	-	fully	paid	ordinary	shares	Nil	-	listed	 options,	 exercise	 price	 $0.15	and	expiring	on	28	March	2029	No. of securities held after change Paul	Duncan	Hallam		364,184	fully	paid	ordinary	shares		23,022	listed	 options,	 exercise	 price	 $0.15	and	expiring	on	28	March	2029		Travhal	 Pty	 Ltd	<Hallam	 Super	 Fund	A/C>	–	director	and	 shareholder	of	trustee,	beneficiary	of	account	3,269,306	fully	paid	ordinary	shares		708,763	listed	options,	exercise	price	$0.15	and	expiring	on	28	March	2029			Nature of change Example:	 on-market	 trade,	 off-market	 trade,	 exercise	 of	 options,	issue	of	securities	under	dividend	reinvestment	plan,	participation	in	buy-back 
Issue	of	shares	and	attaching	options	in	a	placement	as	approved	by	shareholders	at	the	General	Meeting	of	Shareholders	held	on	3	August	2026.			 Part 2 – Change of director’s interests in contracts 	Note:	In	the	case	of	a	company,	interests	which	come	within	paragraph	(ii)	of	the	definition	of	“notifiable	interest	of	a	director”	should	be	disclosed	in	this	part.  Detail of contract N/A	Nature of interest   	
Name of registered holder (if issued securities)  	
Date of change 	No. and class of securities to which interest related prior to change Note:	 Details	 are	 only	 required	 for	 a	 contract	 in	relation	to	which	the	interest	has	changed		
	
Interest acquired 	Interest disposed 	
For personal use only

Appendix	3Y	Change	of	Director’s	Interest	Notice		 
	+	See	chapter	19	for	defined	terms.		01/01/2011	Appendix	3Y		Page	3		
Value/Consideration Note:	 If	 consideration	 is	 non-cash,	 provide	 details	and	an	estimated	valuation			
	
Interest after change 	 Part 3 – +Closed period  Were the interests in the securities or contracts detailed above traded during a +closed period where prior written clearance was required? No 
If so, was prior written clearance provided to allow the trade to proceed during this period? N/A If prior written clearance was provided, on what date was this provided? N/A    
For personal use only

Appendix	3Y	Change	of	Director’s	Interest	Notice		 
	+	See	chapter	19	for	defined	terms.		01/01/2011	Appendix	3Y		Page	1		
Rule	3.19A.2	Appendix 3Y  Change of Director’s Interest Notice  Information	or	documents	not	available	now	must	be	given	to	ASX	as	soon	as	available.		Information	and	documents	given	to	ASX	become	ASX’s	property	and	may	be	made	public.	Introduced 30/09/01  Amended 01/01/11  Name of entity   Coda Minerals Ltd ABN                     49 625 763 957  We	(the	entity)	give	ASX	the	following	information	under	listing	rule	3.19A.2	and	as	agent	for	the	director	for	the	purposes	of	section	205G	of	the	Corporations	Act.				Name of Director Christopher	Stevens	Date of last notice 25	March	2026	 Part 1 - Change of director’s relevant interests in securities In	the	case	of	a	trust,	this	includes	interests	in	the	trust	made	available	by	the	responsible	entity	of	the	trust	 Note:	In	the	case	of	a	company,	interests	which	come	within	paragraph	(i)	of	the	definition	of	“notifiable	interest	of	a	director”	should	be	disclosed	in	this	part.	 Direct or indirect interest Direct	and	Indirect	Nature of indirect interest (including registered holder) Note:	Provide	details	of	the	circumstances	giving	rise	to	the	relevant	interest.	 
Loutre	 Investments	 Pty	 Ltd	 <C	 Stevens	SMSF	 A/C>	-	director	 of	 trustee	 and	beneficiary	of	account		Dr	 Catriona	 Fleur	 Stevens	–	no	 longer	relevant	interest		Date of change 10	and	13	August	2026	
For personal use only

Appendix	3Y	Change	of	Director’s	Interest	Notice		 
	+	See	chapter	19	for	defined	terms.		Appendix	3Y	Page	2	 01/01/2011		
No. of securities held prior to change Christopher	Stevens	358,174	fully	paid	ordinary	shares		10,000,000	 Performance	 Rights	 expiring	on	5	December	2030		Dr	Catriona	Fleur	Stevens	–	spouse	604,848	fully	paid	ordinary	shares		7,500	 listed	 options,	 exercise	 price	 $0.15	and	expiring	on	28	March	2029	4,246,705	Performance	Rights	(expiring	13	November	2028)		Loutre	Investments	Pty	Ltd	<C	Stevens	SMSF	A/C>	-	director	 of	 trustee	 and	beneficiary	of	account	804,028	fully	paid	ordinary	shares		491,598	listed	options,	exercise	price	$0.15	and	expiring	on	28	March	2029		Class • Listed	options,	exercise	price	$0.15	and	expiring	on	28	March	2029		• Fully	paid	ordinary	shares	• Performance	 Rights	 (expiring	 13	November	2028)				Number acquired • 192,308	fully	paid	ordinary	shares		• 48,077	listed	 options,	 exercise	 price	$0.15	and	expiring	on	28	March	2029		
Number disposed • 604,848	fully	paid	ordinary	shares	(No	relevant	interest)	• 7,500	 listed	 options,	 exercise	 price	$0.15	 and	 expiring	 on	 28	 March	 2029	(No	relevant	interest)	• 3,080,680	Performance	 Rights	(expiring	 13	 November	 2028)	 (Lapsed	as	performance	conditions	not	met)		
For personal use only

Appendix	3Y	Change	of	Director’s	Interest	Notice		 
	+	See	chapter	19	for	defined	terms.		01/01/2011	Appendix	3Y		Page	3		
Value/Consideration Note:	 If	 consideration	 is	 non-cash,	 provide	 details	 and	 estimated	valuation	 • 192,308	fully	 paid	 ordinary	 shares	-	$0.13	per	share		• 48,077	listed	 options,	 exercise	 price	$0.15	and	expiring	on	28	March	2029	-	nil	consideration.	• 604,848	fully	paid	ordinary	shares	and	7,500	 listed	 options	–	nil	consideration.	 Mr	 Stevens	 no	 longer	has	 a	 relevant	 interest	 in	 these	securities.			• 3,080,680	Performance	 Rights	(expiring	 13	 November	 2028)	–	lapsed,	nil	consideration.			No. of securities held after change Christopher	Stevens	358,174	fully	paid	ordinary	shares		10,000,000	 Performance	 Rights	 expiring	on	5	December	2030	1,166,025	-	Performance	Rights	(expiring	13	November	2028)	*		Loutre	Investments	Pty	Ltd	<C	Stevens	SMSF	A/C>	-	director	 of	 trustee	 and	beneficiary	of	account	996,336	fully	paid	ordinary	shares		539,675	listed	options,	exercise	price	$0.15	and	expiring	on	28	March	2029		*	 1,166,025	-	Performance	 Rights	 (expiring	13	 November	 2028)	 were	 transferred	 off-market	 from	 Dr	 Catriona	 Fleur	 Stevens	 to	Mr	 Christopher	 Stevens	 in	 a	 divorce	property	settlement	for	nil	consideration.		
For personal use only

Appendix	3Y	Change	of	Director’s	Interest	Notice		 
	+	See	chapter	19	for	defined	terms.		Appendix	3Y	Page	4	 01/01/2011		
Nature of change Example:	 on-market	 trade,	 off-market	 trade,	 exercise	 of	 options,	issue	of	securities	under	dividend	reinvestment	plan,	participation	in	buy-back 
• 192,308	 fully	 paid	 ordinary	 shares	and	48,077	 listed	 options,	 exercise	 price	$0.15	 and	 expiring	 on	 28	 March	 2029	issued	in	 a	 placement	 as	 approved	 by	shareholders	at	the	General	Meeting	of	Shareholders	held	on	3	August	2026.	• Mr	 Stevens	 no	 longer	 has	 a	 relevant	interest	 in	604,848	 fully	 paid	 ordinary	shares	and	7,500	listed	options	held	by	Dr	 Catriona	 Fleur	 Stevens	due	 to		a	divorce	property	settlement.			• 3,080,680	 Performance	 Rights	(expiring	 13	 November	 2028)	 lapsed	pursuant	 to	 the	 terms	 and	 conditions	of	 the	 Company’s	 Employee	 Incentive	Plan.		 Part 2 – Change of director’s interests in contracts 	Note:	In	the	case	of	a	company,	interests	which	come	within	paragraph	(ii)	of	the	definition	of	“notifiable	interest	of	a	director”	should	be	disclosed	in	this	part.  Detail of contract N/A	Nature of interest   	
Name of registered holder (if issued securities)  	
Date of change 	No. and class of securities to which interest related prior to change Note:	 Details	 are	 only	 required	 for	 a	 contract	 in	relation	to	which	the	interest	has	changed		
	
Interest acquired 	Interest disposed 	Value/Consideration Note:	 If	 consideration	 is	 non-cash,	 provide	 details	and	an	estimated	valuation			
	
Interest after change 	 Part 3 – +Closed period  For personal use only

Appendix	3Y	Change	of	Director’s	Interest	Notice		 
	+	See	chapter	19	for	defined	terms.		01/01/2011	Appendix	3Y		Page	5		
Were the interests in the securities or contracts detailed above traded during a +closed period where prior written clearance was required? No 
If so, was prior written clearance provided to allow the trade to proceed during this period? N/A If prior written clearance was provided, on what date was this provided? N/A    
For personal use only

Appendix	3Y	Change	of	Director’s	Interest	Notice		 
	+	See	chapter	19	for	defined	terms.		01/01/2011	Appendix	3Y		Page	1		
Rule	3.19A.2	Appendix 3Y  Change of Director’s Interest Notice  Information	or	documents	not	available	now	must	be	given	to	ASX	as	soon	as	available.		Information	and	documents	given	to	ASX	become	ASX’s	property	and	may	be	made	public.	Introduced 30/09/01  Amended 01/01/11  Name of entity   Coda Minerals Ltd ABN                     49 625 763 957  We	(the	entity)	give	ASX	the	following	information	under	listing	rule	3.19A.2	and	as	agent	for	the	director	for	the	purposes	of	section	205G	of	the	Corporations	Act.				Name of Director Andrew	(Robin)	Marshall	Date of last notice 8	December	2025	 Part 1 - Change of director’s relevant interests in securities In	the	case	of	a	trust,	this	includes	interests	in	the	trust	made	available	by	the	responsible	entity	of	the	trust	 Note:	In	the	case	of	a	company,	interests	which	come	within	paragraph	(i)	of	the	definition	of	“notifiable	interest	of	a	director”	should	be	disclosed	in	this	part.	 Direct or indirect interest Indirect	Nature of indirect interest (including registered holder) Note:	Provide	details	of	the	circumstances	giving	rise	to	the	relevant	interest.	 
Mr	 Andrew	 Robin	 Marshall	 &	 Mrs	Cynthia	 Ann	 Marshall	 <Marshall	 Super	Fund	 A/C>	-	trustee	 and	 beneficiary	 of	account		Date of change 10	August	2026	No. of securities held prior to change Mr	 Andrew	 Robin	 Marshall	 &	 Mrs	Cynthia	Ann	Marshall	<Marshall	Super	Fund	 A/C>	-	trustee	 and	 beneficiary	 of	account		1,132,324	fully	paid	ordinary	shares		401,516	 listed	options,	 exercise	 price	 $0.15	and	expiring	on	28	March	2029		Arm	 Consulting	 Pty	 Ltd	 <Marshall	Family	A/C>	-	director	 of	trustee	 and	beneficiary	of	account	230,431	fully	paid	ordinary	shares			
For personal use only

Appendix	3Y	Change	of	Director’s	Interest	Notice		 
	+	See	chapter	19	for	defined	terms.		Appendix	3Y	Page	2	 01/01/2011		
Class Fully	paid	ordinary	shares		Listed	 options,	 exercise	 price	 $0.15	 and	expiring	on	28	March	2029	Number acquired 192,308	fully	paid	ordinary	shares		48,077	listed	 options,	 exercise	 price	 $0.15	and	expiring	on	28	March	2029	Number disposed Nil	Value/Consideration Note:	 If	 consideration	 is	 non-cash,	 provide	 details	 and	 estimated	valuation	 $0.13	each	-	fully	paid	ordinary	shares	Nil	-	listed	 options,	 exercise	 price	 $0.15	and	expiring	on	28	March	2029	No. of securities held after change Mr	 Andrew	 Robin	 Marshall	 &	 Mrs	Cynthia	Ann	Marshall	<Marshall	Super	Fund	 A/C>	-	trustee	 and	 beneficiary	 of	account		1,324,632	fully	paid	ordinary	shares		449,593	listed	options,	exercise	price	$0.15	and	expiring	on	28	March	2029		Arm	 Consulting	 Pty	 Ltd	 <Marshall	Family	A/C>	-	director	 of	trustee	 and	beneficiary	of	account	230,431	fully	paid	ordinary	shares			Nature of change Example:	 on-market	 trade,	 off-market	 trade,	 exercise	 of	 options,	issue	of	securities	under	dividend	reinvestment	plan,	participation	in	buy-back 
Issue	of	shares	and	attaching	options	in	a	placement	as	approved	by	shareholders	at	the	General	Meeting	of	Shareholders	held	on	3	August	2026.			 Part 2 – Change of director’s interests in contracts 	Note:	In	the	case	of	a	company,	interests	which	come	within	paragraph	(ii)	of	the	definition	of	“notifiable	interest	of	a	director”	should	be	disclosed	in	this	part.  Detail of contract N/A	Nature of interest   	
Name of registered holder (if issued securities)  	
Date of change 	
For personal use only

Appendix	3Y	Change	of	Director’s	Interest	Notice		 
	+	See	chapter	19	for	defined	terms.		01/01/2011	Appendix	3Y		Page	3		
No. and class of securities to which interest related prior to change Note:	 Details	 are	 only	 required	 for	 a	contract	 in	relation	to	which	the	interest	has	changed		
	
Interest acquired 	Interest disposed 	Value/Consideration Note:	 If	 consideration	 is	 non-cash,	 provide	 details	and	an	estimated	valuation			
	
Interest after change 	 Part 3 – +Closed period  Were the interests in the securities or contracts detailed above traded during a +closed period where prior written clearance was required? No 
If so, was prior written clearance provided to allow the trade to proceed during this period? N/A If prior written clearance was provided, on what date was this provided? N/A    
For personal use only",d649a923699dc859a55a33de0b7c44bd73525497bf31b5e6b0abe106636d1d3f,pypdf-6.16.1
338,manual_capture,327912.pdf,3729,,Aland Equity Group Limited,,app_3y,,2026-08-14 06:32:53+00,2026-08-19 14:04:09.474645+00,6ef21f7f3b3e95e0f7ea3e1c9170c5ce1198a0f3ec73787ea24c55fb58fdd869,/home/user/asx-data/raw/6e/f2/6ef21f7f3b3e95e0f7ea3e1c9170c5ce1198a0f3ec73787ea24c55fb58fdd869,unparsed,,,,manual_capture,,,,,pdf_creation,"Appendix 3Y 
Change of Director’s Interest Notice 
 
 
 
+ See chapter 19 for defined terms. 
 
01/01/2011 Appendix 3Y  Page 1 
 
Rule 3.19A.2 
Appendix 3Y 
 
Change of Director’s Interest Notice 
 
Information or documents not available now must be given to ASX as soon as available.  Information and 
documents given to ASX become ASX’s property and may be made public. 
Introduced 30/09/01  Amended 01/01/11 
 
Name of entity Aland Equity Group Limited 
ABN  84 653 383 478 
 
We (the entity) give ASX the following information under listing rule 3.19A.2 and as agent for 
the director for the purposes of section 205G of the Corporations Act.   
 
Name of Director David Tildesley 
Date of last notice 28 July 2026 
 
Part 1 - Change of director’s relevant interests in securities 
In the case of a trust, this includes interests in the trust made available by the responsible entity of the trust 
 
Note: In the case of a company, interests which come within paragraph (i) of the definition of “notifiable interest of a director” should 
be disclosed in this part. 
 
Direct or indirect interest Direct and Indirect 
Nature of indirect interest 
(including registered holder) 
Note: Provide details of the circumstances giving rise to the relevant 
interest. 
 
Jetsman Pty Ltd 
The director is a director and shareholder of 
the entity. 
 
Tanya Tildesley 
The director’s spouse 
 
Date of change 10 & 11 August 2026 
No. of securities held prior to change 1 Share (Direct) 
3,000,825 (Jetsman Pty Ltd) 
27,563,000 Shares (Tanya Tildesley) 
For personal use only

Appendix 3Y 
Change of Director’s Interest Notice 
 
 
 
+ See chapter 19 for defined terms. 
 
Appendix 3Y Page 2 01/01/2011 
 
Class Fully paid ordinary shares (Shares) 
Number acquired Nil 
Number disposed 243,849 
Value/Consideration 
Note: If consideration is non -cash, provide details and estimated 
valuation 
 
$19,188.12 
No. of securities held after change 1 Share (Direct) 
2,756,976 Shares (Jetsman Pty Ltd) 
27,563,000 Shares (Tanya Tildesley) 
Nature of change 
Example: on -market trade, off -market trade, exercise of options, 
issue of securities under dividend reinvestment plan, participation in 
buy-back 
On market trades 
 
Part 2 – Change of director’s interests in contracts 
 
Note: In the case of a company, interests which come within paragraph (ii) of the definition of “notifiable interest of a director”  should 
be disclosed in this part. 
 
Detail of contract N/A 
Nature of interest 
 
 
 
Name of registered holder 
(if issued securities) 
 
 
Date of change  
No. and class of securities to which 
interest related prior to change 
Note: Details are only required for a contract in 
relation to which the interest has changed 
 
 
Interest acquired  
Interest disposed  
Value/Consideration 
Note: If consideration is non -cash, provide details 
and an estimated valuation  
 
 
For personal use only

Appendix 3Y 
Change of Director’s Interest Notice 
 
 
 
+ See chapter 19 for defined terms. 
 
01/01/2011 Appendix 3Y  Page 3 
 
Interest after change  
 
Part 3 – +Closed period 
 
Were the interests in the securities or contracts detailed 
above traded during a +closed period where prior written 
clearance was required? 
No 
If so, was prior written clearance provided to allow the 
trade to proceed during this period? 
 
If prior written clearance was provided, on what date was 
this provided? 
 
 
 
 
For personal use only",750ced0465ac3f8060bab6d5d6f1823ece063ad04e66332a66a8495871bdc896,pypdf-6.16.1
339,manual_capture,327969.pdf,4279,,EQ Resources Limited,,app_3y,,,2026-08-19 14:04:09.767035+00,4735b4a03b8c1c8aef0d715040ffe74fe40270020eed941c98dd91726037fe7b,/home/user/asx-data/raw/47/35/4735b4a03b8c1c8aef0d715040ffe74fe40270020eed941c98dd91726037fe7b,unparsed,,,,manual_capture,,,,,,"Appendix 3Y 
Change of Director’s Interest Notice 
 
 
 
+ See chapter 19 for defined terms. 
 
01/01/2011 Appendix 3Y  Page 1 
 
Rule 3.19A.2 
Appendix 3Y 
 
Change of Director’s Interest Notice 
 
Information or documents not available now must be given to ASX as soon as available.  Information and 
documents given to ASX become ASX’s property and may be made public. 
Introduced 30/09/01  Amended 01/01/11 
 
Name of entity   EQ Resources Limited 
ABN                      77 115 009 106 
 
We (the entity) give ASX the following information under listing rule 3.19A.2 and as agent for 
the director for the purposes of section 205G of the Corporations Act.   
 
Name of Director Mr Craig Richard Bradshaw 
Date of last notice 15 April 2026 
 
Part 1 - Change of director’s relevant interests in securities 
In the case of a trust, this includes interests in the trust made available by the responsible entity of the trust 
 
Note: In the case of a company, interests which come within paragraph (i) of the definition of “notifiable interest of a director” should 
be disclosed in this part. 
 
Direct or indirect interest Direct 
Nature of indirect interest 
(including registered holder) 
Note: Provide details of the circumstances giving rise to the 
relevant interest. 
 
 
MR CRAIG RICHARD BRADSHAW 
 
Date of change 12 August 2026 
No. of securities held prior to change 
 
 
Direct 
- 3,107,142 Fully Paid Ordinary Shares 
- 5,000,000 Unlisted Options Exercisable at 
$0.05 (5 cents), expiring 27 November 2028  
- 15,000,000 Unlisted Options Exercisable at 
$0.15 (15 cents), expiring 22 March 2029 
- 5,700,000 Unlisted Performance Rights: 
vesting across 2026, 2027, and 2028 on 
achievement of various corporate goals 
during the 2026 financial year. 
Class Fully Paid Ordinary Shares 
Number acquired 1,045,000 Fully Paid Ordinary Shares 
For personal use only

Appendix 3Y 
Change of Director’s Interest Notice 
 
 
+ See chapter 19 for defined terms. 
 
Appendix 3Y Page 2 01/01/2011 
 
Number disposed - 1,045,000 Unlisted Performance Rights 
- 2,565,000 Unlisted Performance Rights – 
Lapsed 
 Value/Consideration 
Note: If consideration is non-cash, provide details and estimated 
valuation 
- 1,045,000 Unlisted Performance Rights - 
Nil cash consideration. Shares issued on 
vesting of performance rights upon the 
achievement of FY26 KPI’s under the 
company’s Employee Securities Incentive 
Plan. 
-    2,565,000 Unlisted Performance Rights – 
number of performance rights that did 
not meet vesting conditions – no 
consideration paid for lapsing 
performance rights. 
 
 No. of securities held after change 
 
 
Direct 
- 4,152,142 Fully Paid Ordinary Shares 
- 5,000,000 Unlisted Options Exercisable at 
$0.05 (5 cents), expiring 27 November 2028  
- 15,000,000 Unlisted Options Exercisable at 
$0.15 (15 cents), expiring 22 March 2029 
- 2,090,000 Unlisted Performance Rights – 
vesting across 2027 and 2028 on 
achievement of various corporate goals 
during the 2026 financial year.  
Nature of change 
Example: on-market trade, off-market trade, exercise of options, 
issue of securities under dividend reinvestment plan, participation 
in buy-back 
- 1,045,000 - Conversion of Unlisted 
Performance Rights to Fully Paid Ordinary 
Shares upon achievement of FY26 KPI’s 
under the company’s Employee Securities 
Incentive Plan. 
- 2,565,000 – Lapsing of Unlisted Performance 
Rights that did not meet vesting conditions. 
 
Part 2 – Change of director’s interests in contracts 
 
Note: In the case of a company, interests which come within paragraph (ii) of the definition of “notifiable interest of a director” should 
be disclosed in this part. 
 
Detail of contract N/A 
Nature of interest 
 
 
N/A 
Name of registered holder 
(if issued securities) 
 
N/A 
Date of change N/A 
For personal use only

Appendix 3Y 
Change of Director’s Interest Notice 
 
 
 
+ See chapter 19 for defined terms. 
 
01/01/2011 Appendix 3Y  Page 3 
 
No. and class of securities to which interest 
related prior to change 
Note: Details are only required for a contract in relation to which the 
interest has changed 
 
N/A 
Interest acquired N/A 
Interest disposed N/A 
Value/Consideration 
Note: If consideration is non-cash, provide details and an estimated 
valuation  
 
N/A 
Interest after change N/A 
 
Part 3 – +Closed period 
 
Were the interests in the securities or 
contracts detailed above traded during a 
+closed period where prior written clearance 
was required? 
N/A 
If so, was prior written clearance provided to 
allow the trade to proceed during this period? 
N/A 
If prior written clearance was provided, on 
what date was this provided? 
N/A 
 
For personal use only",15d65a28a383c75c948ab16d7e2a423a09d718e0ac680c9873521f4fe809ff74,pypdf-6.16.1
340,manual_capture,327997.pdf,4558,,INVERT GRAPHITE LIMITED,,app_3y,,2026-08-13 08:18:33+00,2026-08-19 14:04:10.353738+00,f96bf85451233872ffd6be32c3a88c3a24e2873387ce69dd5663079bc040a769,/home/user/asx-data/raw/f9/6b/f96bf85451233872ffd6be32c3a88c3a24e2873387ce69dd5663079bc040a769,unparsed,,,,manual_capture,,,,,pdf_creation,"Appendix	3Y	Change	of	Director’s	Interest	Notice			 Rule 3.19A.2 Appendix 3Y Change of Director’s Interest Notice  Information or documents not available now must be given to ASX as soon as available. Information and documents given to ASX become ASX’s property and may be made public. Introduced 30/09/01 Amended 01/01/11  Name of entity INVERT GRAPHITE LIMITED ABN 45 101 955 088  We (the entity) give ASX the following information under listing rule 3.19A.2 and as agent for the director for the purposes of section 205G of the Corporations Act.  Name of Director Simon Taylor Date of last notice 26 June 2026 Part 1 - Change of director’s relevant interests in securities In the case of a trust, this includes interests in the trust made available by the responsible entity of the trust Note: In the case of a company, interests which come within paragraph (i) of the definition of “notifiable interest of a director” should be disclosed in this part.  Direct or indirect interest Indirect Nature of interest (including registered holder) Note: Provide details of the circumstances giving rise to the relevant interest. 
 Indirect (a) Jimzbal Pty Ltd <Jimzbal Super A/C> (Director and beneficiary)  (b) Jimbzal Pty Ltd <Taylor Family A/C> (Director and beneficiary)  Date of change 14 August 2026 No. of securities held prior to change  (a) 6,066,667 fully paid ordinary shares 15,880,000 fully paid ordinary shares subject to trading restriction of 24 months from official quotation of IVG securities (b) 333,333 fully paid ordinary shares 4,000,000 unlisted options expiring 26 June 2030   Number acquired 6,666,667 fully paid ordinary shares  Number disposed Nil   +	See	chapter	19	for	defined	terms.	01/01/2011	Appendix	3Y	Page	1	
For personal use only

Appendix	3Y	Change	of	Director’s	Interest	Notice			Value/Consideration Note: If consideration is non-cash, provide details and estimated valuation  $200,000 No. of securities held after change (c) 12,733,334 fully paid ordinary shares 15,880,000 fully paid ordinary shares subject to trading restriction of 24 months from official quotation of IVG securities (d) 333,333 fully paid ordinary shares 4,000,000 unlisted options expiring 26 June 2030    Nature of change Example: on-market trade, off-market trade, exercise of options, issue of securities under dividend reinvestment plan, participation in buy-back 
Placement shares issued pursuant to the terms and conditions approved by Shareholders at the Company’s Extraordinary General Meeting held on 6 August 2026.     Part 2 – Change of director’s interests in contracts Note: In the case of a company, interests which come within paragraph (ii) of the definition of “notifiable interest of a director” should be disclosed in this part.  Detail of contract N/A Nature of interest  Interest acquired  Interest disposed  Value/Consideration Note: If consideration is non-cash, provide details and an estimated valuation  
Interest after change   Part 3 – +Closed period  Were the interests in the securities or contracts detailed above traded during a +closed period where prior written clearance was required? Yes 
If so, was prior written clearance provided to allow the trade to proceed during this period?  Yes If prior written clearance was provided, on what date was this provided? 13 August 2026  +	See	chapter	19	for	defined	terms.	Appendix	3Y	Page	2	 01/01/2011	
For personal use only

Appendix	3Y	Change	of	Director’s	Interest	Notice			 Rule 3.19A.2 Appendix 3Y Change of Director’s Interest Notice  Information or documents not available now must be given to ASX as soon as available. Information and documents given to ASX become ASX’s property and may be made public. Introduced 30/09/01 Amended 01/01/11  Name of entity INVERT GRAPHITE LIMITED ABN 45 101 955 088  We (the entity) give ASX the following information under listing rule 3.19A.2 and as agent for the director for the purposes of section 205G of the Corporations Act.  Name of Director Anastasios Arima Date of last notice 26 June 2026 Part 1 - Change of director’s relevant interests in securities In the case of a trust, this includes interests in the trust made available by the responsible entity of the trust Note: In the case of a company, interests which come within paragraph (i) of the definition of “notifiable interest of a director” should be disclosed in this part.   Direct or indirect interest Direct Nature of interest (including registered holder) Note: Provide details of the circumstances giving rise to the relevant interest. N/A 
Date of change 14 August 2026 No. of securities held prior to change 1,910,624 fully paid ordinary shares  3,600,000 unlisted options expiring 26 June 2030  Number acquired 6,666,667 fully paid ordinary shares  Number disposed Nil    +	See	chapter	19	for	defined	terms.	01/01/2011	Appendix	3Y	Page	1	
For personal use only

Appendix	3Y	Change	of	Director’s	Interest	Notice			Value/Consideration Note: If consideration is non-cash, provide details and estimated valuation  $200,000 No. of securities held after change 8,577,291 fully paid ordinary shares  3,600,000 unlisted options expiring 26 June 2030  Nature of change Example: on-market trade, off-market trade, exercise of options, issue of securities under dividend reinvestment plan, participation in buy-back 
Placement shares issued pursuant to the terms and conditions approved by Shareholders at the Company’s Extraordinary General Meeting held on 6 August 2026.    Part 2 – Change of director’s interests in contracts Note: In the case of a company, interests which come within paragraph (ii) of the definition of “notifiable interest of a director” should be disclosed in this part.  Detail of contract N/A Nature of interest  Interest acquired  Interest disposed  Value/Consideration Note: If consideration is non-cash, provide details and an estimated valuation  
Interest after change   Part 3 – +Closed period  Were the interests in the securities or contracts detailed above traded during a +closed period where prior written clearance was required? Yes 
If so, was prior written clearance provided to allow the trade to proceed during this period?   Yes If prior written clearance was provided, on what date was this provided?  13 August 2026 
 +	See	chapter	19	for	defined	terms.	Appendix	3Y	Page	2	 01/01/2011	
For personal use only

Appendix	3Y	Change	of	Director’s	Interest	Notice			 Rule 3.19A.2 Appendix 3Y Change of Director’s Interest Notice  Information or documents not available now must be given to ASX as soon as available. Information and documents given to ASX become ASX’s property and may be made public. Introduced 30/09/01 Amended 01/01/11  Name of entity INVERT GRAPHITE LIMITED ABN 45 101 955 088  We (the entity) give ASX the following information under listing rule 3.19A.2 and as agent for the director for the purposes of section 205G of the Corporations Act.  Name of Director Dominic Allen Date of last notice 26 June 2026 Part 1 - Change of director’s relevant interests in securities In the case of a trust, this includes interests in the trust made available by the responsible entity of the trust Note: In the case of a company, interests which come within paragraph (i) of the definition of “notifiable interest of a director” should be disclosed in this part.   Direct or indirect interest Direct and Indirect Nature of interest (including registered holder) Note: Provide details of the circumstances giving rise to the relevant interest. 
Direct Dominic Allen   Indirect Shadow Mountain Holdings Pty Ltd (Director) Date of change 14 August 2026 No. of securities held prior to change Direct 1,910,624 fully paid ordinary shares  3,600,000 unlisted options expiring 26 June 2030  Indirect 1,500,000 fully paid ordinary shares   Number acquired 6,666,667 fully paid ordinary shares Number disposed Nil   +	See	chapter	19	for	defined	terms.	01/01/2011	Appendix	3Y	Page	1	
For personal use only

Appendix	3Y	Change	of	Director’s	Interest	Notice			Value/Consideration Note: If consideration is non-cash, provide details and estimated valuation  $200,000  No. of securities held after change Direct 8,577,291 fully paid ordinary shares  3,600,000 unlisted options expiring 26 June 2030  Indirect 1,500,000 fully paid ordinary shares   Nature of change Example: on-market trade, off-market trade, exercise of options, issue of securities under dividend reinvestment plan, participation in buy-back 
Placement shares issued pursuant to the terms and conditions approved by Shareholders at the Company’s Extraordinary General Meeting held on 6 August 2026.    Part 2 – Change of director’s interests in contracts Note: In the case of a company, interests which come within paragraph (ii) of the definition of “notifiable interest of a director” should be disclosed in this part.  Detail of contract N/A Nature of interest  Interest acquired  Interest disposed  Value/Consideration Note: If consideration is non-cash, provide details and an estimated valuation  
Interest after change   Part 3 – +Closed period  Were the interests in the securities or contracts detailed above traded during a +closed period where prior written clearance was required? Yes 
If so, was prior written clearance provided to allow the trade to proceed during this period?  Yes If prior written clearance was provided, on what date was this provided? 13 August 2026 
 +	See	chapter	19	for	defined	terms.	Appendix	3Y	Page	2	 01/01/2011	
For personal use only

Appendix	3Y	Change	of	Director’s	Interest	Notice			 Rule 3.19A.2 Appendix 3Y Change of Director’s Interest Notice  Information or documents not available now must be given to ASX as soon as available. Information and documents given to ASX become ASX’s property and may be made public. Introduced 30/09/01 Amended 01/01/11  Name of entity INVERT GRAPHITE LIMITED ABN 45 101 955 088  We (the entity) give ASX the following information under listing rule 3.19A.2 and as agent for the director for the purposes of section 205G of the Corporations Act.  Name of Director Andrew Lawson Date of last notice 26 June 2026 Part 1 - Change of director’s relevant interests in securities In the case of a trust, this includes interests in the trust made available by the responsible entity of the trust Note: In the case of a company, interests which come within paragraph (i) of the definition of “notifiable interest of a director” should be disclosed in this part.  Direct or indirect interest Indirect Nature of interest (including registered holder) Note: Provide details of the circumstances giving rise to the relevant interest. 
 Indirect (a) Tharel Pty Ltd ATF AL & AL Superannuation Fund (Director of Trustee and Beneficiary)  (b) Aquitaine Investments Pty Ltd ATF Lawson Family Trust (Director of Trustee and Beneficiary)  Date of change 14 August 2026 No. of securities held prior to change  (a) 1,666,667 fully paid ordinary shares  (b) 9,000,000 unlisted options expiring 26 June 2030  Number acquired 3,333,332 fully paid ordinary shares Number disposed Nil   +	See	chapter	19	for	defined	terms.	01/01/2011	Appendix	3Y	Page	1	
For personal use only

Appendix	3Y	Change	of	Director’s	Interest	Notice			Value/Consideration Note: If consideration is non-cash, provide details and estimated valuation  $99,999.96 No. of securities held after change (a) 4,999,999 fully paid ordinary shares  (b) 9,000,000 unlisted options expiring 26 June 2030  Nature of change Example: on-market trade, off-market trade, exercise of options, issue of securities under dividend reinvestment plan, participation in buy-back 
Placement shares issued pursuant to the terms and conditions approved by Shareholders at the Company’s Extraordinary General Meeting held on 6 August 2026.   Part 2 – Change of director’s interests in contracts Note: In the case of a company, interests which come within paragraph (ii) of the definition of “notifiable interest of a director” should be disclosed in this part.  Detail of contract N/A Nature of interest  Interest acquired  Interest disposed  Value/Consideration Note: If consideration is non-cash, provide details and an estimated valuation  
Interest after change   Part 3 – +Closed period  Were the interests in the securities or contracts detailed above traded during a +closed period where prior written clearance was required? Yes 
If so, was prior written clearance provided to allow the trade to proceed during this period?  Yes If prior written clearance was provided, on what date was this provided?  13 August 2026  +	See	chapter	19	for	defined	terms.	Appendix	3Y	Page	2	 01/01/2011	
For personal use only",cf2e4552b43c51119f3c354306d12759d6a75bc4cc6a24a599083b7d7af9b6fe,pypdf-6.16.1
341,manual_capture,328003.pdf,4801,,328003,,other,,2026-08-14 00:21:40+00,2026-08-19 14:04:10.570484+00,ca7385935e8376eab6ef8aee449ff558e86762a6a1d56dc3f5adf61b77632784,/home/user/asx-data/raw/ca/73/ca7385935e8376eab6ef8aee449ff558e86762a6a1d56dc3f5adf61b77632784,not_applicable,,,,manual_capture,,,,,pdf_creation,"Appendix 3X 
Initial Director’s Interest Notice 
 
 
 
+ See chapter 19 for defined terms. 
 
11/3/2002 
 Appendix 3X  Page 1 
Rule 3.19A.1 
Appendix 3X 
 
Initial Director’s Interest Notice 
 
Information or documents not available now must be given to ASX as soon as available.  Information and 
documents given to ASX become ASX’s property and may be made public. 
Introduced 30/9/2001. 
 
Mayne Pharma Group Limited 
ABN 76 115 832 963 
 
We (the entity) give ASX the following information under listing rule 3.19A.1 and as 
agent for the director for the purposes of section 205G of the Corporations Act.   
 
Name of Director Jacob Haft Ma-Weaver 
Date of appointment 14 August 2026 
 
Part 1 - Director’s relevant interests in securities of which the director is the registered 
holder 
In the case of a trust, this includes interests in the trust made available by the responsible entity of the trust 
 
Note: In the case of a company, interests which come within paragraph (i) of the definition of “notifiable interest of a director” should be 
disclosed in this part. 
 
 
Number & class of securities 
 
Nil 
 
 
 
 
 
 
 
 
 
 
  
For personal use only

Appendix 3X 
Initial Director’s Interest Notice 
 
 
 
+ See chapter 19 for defined terms. 
 
Appendix 3X Page 2 11/3/2002 
Part 2 – Director’s relevant interests in securities of which the director is not the 
registered holder 
In the case of a trust, this includes interests in the trust made available by the responsible entity of the trust 
 
Name of holder & nature of 
interest 
Note: Provide details of the circumstances giving rise 
to the relevant interest. 
 
Funicular Funds, LP has a relevant 
interest under section 608(1) of the 
Corporations Act 2001 (Cth), by 
virtue of Funicular Funds, LP having 
the power to control: (i) the exercise 
of a right to vote attached to, and (ii) 
the disposal of, Shares held by TD 
Securities (USA ) and Interactive 
Brokers. 
 
Mr Ma -Weaver is the Managing 
Member of Cable Car Capital, LP,  
which is the General Partner of 
Funicular Funds, LP  
 
 
 
 
Number & class of Securities 
 
 
 
8,045,349 ordinary shares  (total), held by the 
following registered holders: 
 
TD Securities (USA): 2,406,601 shares 
 
Interactive Brokers: 5,638,748 shares 
 
 
 
 
 
Part 3 – Director’s interests in contracts 
 
Note: In the case of a company, interests which come within paragraph (ii) of the definition of “notifiable interest of a director”  should be 
disclosed in this part. 
 
Detail of contract N/A 
 
Nature of interest 
 
 
N/A 
 
Name of registered holder 
(if issued securities) 
 
N/A 
 
No. and class of securities to which 
interest relates 
 
 
N/A 
 
 
For personal use only",db45e7be0d52d591b36e7d86a13ec9d5273dd1ce5de5f15afbf1d9cb69490130,pypdf-6.16.1
342,manual_capture,328012.pdf,,,Aura,,app_3y,,2026-08-14 07:21:00+00,2026-08-19 14:04:10.96283+00,1a5cae4d341e172dc64f553f76e6295bb09dddc0a6a0583a0d48e52b5217b005,/home/user/asx-data/raw/1a/5c/1a5cae4d341e172dc64f553f76e6295bb09dddc0a6a0583a0d48e52b5217b005,unparsed,,,,manual_capture,,,,,pdf_creation,"Appendix  3Y  Change  of  Director’s  Interest  Notice   
 
Rule
 
3.19A.2
 
Appendix  3Y   Change  of  Director’s  Interest  Notice   Information  or  documents  not  available  now  must  be  given  to  ASX  as  soon  as  available.   Information  and  
documents
 
given
 
to
 
ASX
 
become
 
ASX’s
 
property
 
and
 
may
 
be
 
made
 
public.
 
Introduced  30/09/01   Amended  01/01/11   
Name  of  entity                            Aura  Consolidated  Group,  Inc.  
ABN                                             695  488  843  
 
We  (the  entity)  give  ASX  the  following  information  under  listing  rule  3.19A.2  and  as  agent  for  the  
director
 
for
 
the
 
purposes
 
of
 
section
 
205G
 
of
 
the
 
Corporations
 
Act.
  
  Name  of  Director  Peter  Pawlowitsch  
Date  of  last  notice  23  July  2026  
 
Part
 
1
 
-
 
Change
 
of
 
director’s
 
relevant
 
interests
 
in
 
securities
 In  the  case  of  a  trust,  this  includes  interests  in  the  trust  made  available  by  the  responsible  entity  of  the  trust   Note:  In  the  case  of  a  company,  interests  which  come  within  paragraph  (i)  of  the  definition  of  “notifiable  interest  of  a  director”  should  be  
disclosed
 
in
 
this
 
part.
 
 Direct  or  indirect  interest  Indirect  
Nature  of  indirect  interest  (including  registered  holder)  Note:  Provide  details  of  the  circumstances  giving  rise  to  the  relevant  interest.   
Mosch  Pty  Ltd   (Director  and  shareholder)   Vault  (WA)  Pty  Ltd   (Beneficiary)   Haven  Super  Pty  Ltd  <Haven  Super  Fund  A/C>  (Director  and  beneficiary)   Date  of  change  13  August  2026  
No.  of  securities  held  prior  to  change  Mosch  Pty  Ltd   531,224  AXQ  Chess  Depositary  Interests  (CDIs)    Vault  (WA)  Pty  Ltd  <Vault  A/C>  346,319  CDIs   Haven  Super  Pty  Ltd  <Haven  Super  Fund  A/C>  57,745  CDIs   Class  Chess  Depositary  Interests  1:1  (CDIs)   
 +  See  chapter  19  for  defined  terms.   01/01/2011  Appendix  3Y   Page  1   
For personal use only

Appendix  3Y  Change  of  Director’s  Interest  Notice   
 Number  acquired  32,255   Number  disposed  n/a   Value/Consideration  Note:  If  consideration  is  non-cash,  provide  details  and  estimated  valuation   
A$98,055.20  being  A$3.04  per  CDI.  
No.  of  securities  held  after  change  Mosch  Pty  Ltd   531,224  AXQ  Chess  Depositary  Interests  (CDIs)   Vault  (WA)  Pty  Ltd  <Vault  A/C>  346,319  CDIs   Haven  Super  Pty  Ltd  <Haven  Super  Fund  A/C>  90,000  CDIs   
Nature  of  change  Example:  on-market  trade,  off-market  trade,  exercise  of  options,  issue  of  securities  under  dividend  reinvestment  plan,  participation  in  buy-back  
 On-market  trade.  
 Part  2  –  Change  of  director’s  interests  in  contracts   Note:  In  the  case  of  a  company,  interests  which  come  within  paragraph  (ii)  of  the  definition  of  “notifiable  interest  of  a  director”  should  be  
disclosed
 
in
 
this
 
part.
 
 Detail  of  contract  N/A  
Nature  of  interest    
N/A  
Name  of  registered  holder  (if  issued  securities)   
N/A  
Date  of  change  N/A  No.  and  class  of  securities  to  which  interest  related  prior  to  change  Note:  Details  are  only  required  for  a  contract  in  relation  to  which  the  interest  has  changed   
N/A  
Interest  acquired  N/A  
Interest  disposed  N/A  
Value/Consideration  Note:  If  consideration  is  non-cash,  provide  details  and  an  estimated  valuation    
N/A  
 +  See  chapter  19  for  defined  terms.   Appendix  3Y  Page  2  01/01/2011   
For personal use only

Appendix  3Y  Change  of  Director’s  Interest  Notice   
 Interest  after  change  N/A   Part  3  –  + Closed  period   Were  the  interests  in  the  securities  or  contracts  detailed  above  traded  during  a  + closed  period  where  prior  written  clearance  was  required?  
No  
If  so,  was  prior  written  clearance  provided  to  allow  the  trade  to  proceed  during  this  period?  
N/A  
If  prior  written  clearance  was  provided,  on  what  date  was  this  provided?  
N/A  
 
 +  See  chapter  19  for  defined  terms.   01/01/2011  Appendix  3Y   Page  3   
For personal use only",e051a07224b8a37c17699abf3b3028375535f39ddeb455698f267c84c4d7e3f4,pypdf-6.16.1
343,manual_capture,328014.pdf,4842,,Noronex Limited,,app_3y,,2026-08-14 07:28:33+00,2026-08-19 14:04:11.217935+00,8b0b7dcb4aeb0c5e4131ea4fcc3e953ff368e4919dcbf6358b7b506f4d502b14,/home/user/asx-data/raw/8b/0b/8b0b7dcb4aeb0c5e4131ea4fcc3e953ff368e4919dcbf6358b7b506f4d502b14,unparsed,,,,manual_capture,,,,,pdf_creation,"Appendix 3Y 
Change of Director’s Interest Notice 
 
 
 
 
+ See chapter 19 for defined terms. 
 
01/01/2011 Appendix 3Y  Page 1 
Rule 3.19A.2 
Appendix 3Y 
 
Change of Director’s Interest Notice 
 
Information or documents not available now must be given to ASX as soon as available.  Information and 
documents given to ASX become ASX’s property and may be made public. 
Introduced 30/09/01  Amended 01/01/11 
 
Name of entity   Noronex Limited 
ABN   83 609 594 005 
 
We (the entity) give ASX the following information under listing rule 3.19A.2 and as agent for 
the director for the purposes of section 205G of the Corporations Act.   
 
Name of Director David Prentice 
Date of last notice 28 November 2025 
 
Part 1 - Change of director’s relevant interests in securities 
In the case of a trust, this includes interests in the trust made available by the responsible entity of the trust 
 
Note: In the case of a company, interests which come within paragraph (i) of the definition of “notifiable interest of a director” should 
be disclosed in this part. 
 
Direct or indirect interest Direct and indirect 
Nature of indirect interest 
(including registered holder) 
Note: Provide details of the circumstances giving rise to the relevant 
interest. 
 
MR DAVID PRENTICE + MR S MIRELLA 
PRENTICE <D&M PRENTICE S/F A/C> 
Date of change 7 August 2026 
No. of securities held prior to change • 3,608,527 fully paid ordinary shares; 
• 250,000 quoted options exercisable at 
$0.025 each on or before 7 August 
2026; 
• 1,554,264 unquoted options exercisable 
at $0.014 each on or before 20 May 2027 
• 5,000,000 u nquoted options 
exercisable at $0.025 each on or before 
1 October 2027 
Class Quoted options exercisable at $0.025 each 
on or before 7 August 2026; 
Number acquired N/A 
Number disposed 250,000 
Value/Consideration 
Note: If consideration is non -cash, provide details and estimated 
valuation 
N/A 
 
For personal use only

Appendix 3Y 
Change of Director’s Interest Notice 
 
 
 
 
+ See chapter 19 for defined terms. 
 
01/01/2011 Appendix 3Y  Page 2 
No. of securities held after change • 3,608,527 fully paid ordinary shares; 
• 1,554,264 unquoted options exercisable 
at $0.014 each on or before 20 May 2027 
• 5,000,000 u nquoted options 
exercisable at $0.025 each on or before 
1 October 2027 
Nature of change 
Example: on-market trade, off-market trade, exercise of options, issue 
of securities under dividend reinvestment plan, participation in buy -
back 
Expiry of options.  
 
Part 2 – Change of director’s interests in contracts 
 
Note: In the case of a company, interests which come within paragraph (ii) of the definition of “notifiable interest of a director”  should 
be disclosed in this part. 
 
Detail of contract N/A 
Nature of interest 
 
 
N/A 
Name of registered holder 
(if issued securities) 
 
N/A 
Date of change N/A 
No. and class of securities to which 
interest related prior to change 
Note: Details are only required for a contract in 
relation to which the interest has changed 
 
N/A 
Interest acquired N/A 
Interest disposed N/A 
Value/Consideration 
Note: If consideration is non -cash, provide details 
and an estimated valuation  
 
N/A 
Interest after change N/A 
 
Part 3 – +Closed period 
 
Were the interests in the securities or contracts detailed above 
traded during a +closed period where prior written clearance 
was required? 
 
No 
If so, was prior written clearance provided to allow the trade to 
proceed during this period? 
N/A 
If prior written clearance was provided, on what date was this 
provided? 
N/A 
 
 
 
 
For personal use only",735699a6d3d1e3162e23a9e731d1ee7c05d91a129dd4c606273452f879ee39d8,pypdf-6.16.1
344,manual_capture,328020.pdf,4842,,Noronex Limited,,app_3y,,2026-08-14 07:30:11+00,2026-08-19 14:04:11.445849+00,14e97fe15d473b1106082806ca9d54bcdef6e52c24bc996cafaf274393a31668,/home/user/asx-data/raw/14/e9/14e97fe15d473b1106082806ca9d54bcdef6e52c24bc996cafaf274393a31668,unparsed,,,,manual_capture,,,,,pdf_creation,"Appendix 3Y 
Change of Director’s Interest Notice 
 
 
 
+ See chapter 19 for defined terms. 
 
01/01/2011 Appendix 3Y  Page 1 
 
Rule 3.19A.2 
Appendix 3Y 
 
Change of Director’s Interest Notice 
 
Information or documents not available now must be given to ASX as soon as available.  Information and 
documents given to ASX become ASX’s property and may be made public. 
Introduced 30/09/01  Amended 01/01/11 
 
Name of entity   Noronex Limited 
ABN  609 594 005 
 
We (the entity) give ASX the following information under listing rule 3.19A.2 and as agent for 
the director for the purposes of section 205G of the Corporations Act.   
 
Name of Director Piers Lewis 
Date of last notice 28 November 2025 
 
Part 1 - Change of director’s relevant interests in securities 
In the case of a trust, this includes interests in the trust made available by the responsible entity of the trust 
 
Note: In the case of a company, interests which come within paragraph (i) of the definition of “notifiable interest of a director” should 
be disclosed in this part. 
 
Direct or indirect interest Indirect 
Nature of indirect interest 
(including registered holder) 
Note: Provide details of the circumstances giving rise to the relevant 
interest. 
CRANLEY CONSULTING PTY LTD 
<CRANLEY CONSULTING A/C> , 
ANGORA BLUE PTY LTD 
Date of change 7 August 2026 
No. of securities held prior to change • 4,677,327 fully paid ordinary shares; 
• 304,167 quoted options exercisable at 
$0.025 each on or before 7 August 2026; 
• 1,817,830 unquoted options exercisable 
at $0.014 each on or before 20 May 2027 
• 5,000,000 u nquoted options 
exercisable at $0.025 each on or before 
1 October 2027 
Class Quoted options exercisable at $0.025 each 
on or before 7 August 2026; 
 Number acquired N/A 
Number disposed 304,167 
Value/Consideration 
Note: If consideration is non -cash, provide details and estimated 
valuation 
N/A 
For personal use only

Appendix 3Y 
Change of Director’s Interest Notice 
 
 
 
+ See chapter 19 for defined terms. 
 
01/01/2011 Appendix 3Y  Page 2 
 
No. of securities held after change • 4,677,327 fully paid ordinary shares; 
• 1,817,830 unquoted options exercisable 
at $0.014 each on or before 20 May 2027 
• 5,000,000 u nquoted options 
exercisable at $0.025 each on or before 
1 October 2027 
Nature of change 
Example: on-market trade, off-market trade, exercise of options, issue 
of securities under dividend reinvestment plan, participation in buy -
back 
Expiry of options. 
 
Part 2 – Change of director’s interests in contracts 
 
Note: In the case of a company, interests which come within paragraph (ii) of the definition of “notifiable interest of a director”  should 
be disclosed in this part. 
 
Detail of contract N/A 
Nature of interest 
 
 
N/A 
Name of registered holder 
(if issued securities) 
 
N/A 
Date of change N/A 
No. and class of securities to which 
interest related prior to change 
Note: Details are only required for a contract in 
relation to which the interest has changed 
 
N/A 
Interest acquired N/A 
Interest disposed N/A 
Value/Consideration 
Note: If consideration is non -cash, provide details 
and an estimated valuation  
 
N/A 
Interest after change N/A 
 
Part 3 – +Closed period 
 
Were the interests in the securities or contracts detailed above 
traded during a +closed period where prior written clearance 
was required? 
No 
If so, was prior written clearance provided to allow the trade to 
proceed during this period? 
N/A 
If prior written clearance was provided, on what date was this 
provided? 
N/A 
 
 
 
For personal use only",bba297ef4fe37adb790dc02f7ea1550fafacda35bd9054657503535354d183a6,pypdf-6.16.1
345,manual_capture,328021.pdf,5214,,Southern Palladium Limited,,app_3y,,2026-08-14 05:30:53+00,2026-08-19 14:04:11.724243+00,060606f076d48887a5393d91f2ab44efda33c08966bee0e9e45fea5872859ea6,/home/user/asx-data/raw/06/06/060606f076d48887a5393d91f2ab44efda33c08966bee0e9e45fea5872859ea6,unparsed,,,,manual_capture,,,,,pdf_creation," 
Southern Palladium Limited 
ACN 646 391 899 
Level 1, 283 George Street, Sydney NSW 2000 Australia 
 
14 August 2026 
 
Appendix 3Y – Change of Director’s Interest Notice: Rob Thomson 
 
 
Southern Palladium Limited (ASX:SPD and JSE:SDL), ‘Southern Palladium’ or ‘the Company’  
releases the attached Change of Director’s Interest Notice for Mr. Rob Thomson. 
 
Authorised by the Company Secretary 
 
 
For further information, please contact: 
 
Johan Odendaal   
Managing Director   
Southern Palladium   
Phone: +27 82 557 6088 
Email: johan.odendaal@southernpalladium.com   
 
 
 
 
Media & investor relations inquiries:  
Sherilee Lakmidas, R&A Strategic Communications: +27 11 880 3924 
 
 
Follow @SouthernPalladium on Twitter 
 
 
 
 Follow Southern Palladium on LinkedIn 
 
For personal use only

Appendix 3Y 
Change of Director’s Interest Notice 
 
 
 
+ See chapter 19 for defined terms. 
 
01/01/2011 Appendix 3Y  Page 1 
 
Rule 3.19A.2 
Appendix 3Y 
 
Change of Director’s Interest Notice 
 
Information or documents not available now must be given to ASX as soon as available.  Information and 
documents given to ASX become ASX’s property and may be made public. 
Introduced 30/09/01  Amended 01/01/11 
 
Name of entity      Southern Palladium Limited 
ABN                          56 646 391 899 
 
We (the entity) give ASX the following information under listing rule 3.19A.2 and as agent for the 
director for the purposes of section 205G of the Corporations Act.   
 
Name of Director Robert Thomson 
Date of last notice 11 May 2026 
 
Part 1 - Change of director’s relevant interests in securities 
In the case of a trust, this includes interests in the trust made available by the responsible entity of the trust 
 
Note: In the case of a company, interests which come within paragraph (i) of the definition of “notifiable interest of a director” should be 
disclosed in this part. 
 
Direct or indirect interest Direct and Indirect 
Nature of indirect interest 
(including registered holder) 
Note: Provide details of the circumstances giving rise to the relevant 
interest. 
 
Director and Shareholder of Monterey 
Consolidated Services Pty Limited <Lorodaca 
Super Fund A/C> 
Date of change 13 August 2026 
No. of securities held prior to change Indirect: 
 
Monterey Consolidated Services Pty Limited 
<Lorodaca Super Fund A/C>: 
 
1,552,010 fully paid ordinary shares 
 
96,330 Zero Exercise Price Options, Latest 
Expiry Date 8 December 2030 
Class Fully Paid Ordinary Shares 
Number acquired Nil 
Number disposed 6,840 Ordinary Shares  
 
For personal use only

Appendix 3Y 
Change of Director’s Interest Notice 
 
 
 
+ See chapter 19 for defined terms. 
 
Appendix 3Y Page 2 01/01/2011 
 
Value/Consideration 
Note: If consideration is non -cash, provide details and estimated 
valuation 
 
$2.08 per share 
No. of securities held after change Indirect: 
 
Monterey Consolidated Services Pty Limited 
<Lorodaca Super Fund A/C>: 
 
1,545,170 fully paid ordinary shares 
 
96,330 Zero Exercise Price Options, Latest 
Expiry Date 8 December 2030 
Nature of change 
Example: on-market trade, off-market trade, exercise of options, issue 
of securities under dividend reinvestment plan, participation in buy -
back 
On-market trade  
 
Part 2 – Change of director’s interests in contracts 
 
Note: In the case of a company, interests which come within paragraph (ii) of the definition of “notifiable interest of a director”  should be 
disclosed in this part. 
 
Detail of contract Nil 
Nature of interest 
 
 
 
Name of registered holder 
(if issued securities) 
 
 
Date of change  
No. and class of securities to which 
interest related prior to change 
Note: Details are only required for a contract in 
relation to which the interest has changed 
 
 
Interest acquired  
Interest disposed  
Value/Consideration 
Note: If consideration is non-cash, provide details and 
an estimated valuation  
 
 
Interest after change  
 
For personal use only

Appendix 3Y 
Change of Director’s Interest Notice 
 
 
 
+ See chapter 19 for defined terms. 
 
01/01/2011 Appendix 3Y  Page 3 
 
Part 3 – +Closed period 
 
Were the interests in the securities or contracts detailed 
above traded during a +closed period where prior written 
clearance was required? 
No 
If so, was prior written clearance provided to allow the 
trade to proceed during this period? 
N/A 
If prior written clearance was provided, on what date was 
this provided? 
N/A 
 
14 August 2026 
For personal use only",a5e89263b380a5d44bafd7191a4792dd99888f8079865382f16732a88be022f9,pypdf-6.16.1
346,manual_capture,328031.pdf,4842,,Noronex Limited,,app_3y,,2026-08-14 07:27:56+00,2026-08-19 14:04:11.941134+00,c4cbf5a9699126a8ac31c8f2a10999368f463eb0064c483c1c8700621c8dd4e1,/home/user/asx-data/raw/c4/cb/c4cbf5a9699126a8ac31c8f2a10999368f463eb0064c483c1c8700621c8dd4e1,unparsed,,,,manual_capture,,,,,pdf_creation,"Appendix 3Y 
Change of Director’s Interest Notice 
 
 
 
+ See chapter 19 for defined terms. 
 
01/01/2011 Appendix 3Y  Page 1 
 
Rule 3.19A.2 
Appendix 3Y 
 
Change of Director’s Interest Notice 
 
Information or documents not available now must be given to ASX as soon as available.  Information and 
documents given to ASX become ASX’s property and may be made public. 
Introduced 30/09/01  Amended 01/01/11 
 
Name of entity   Noronex Limited 
ABN  609 594 005 
 
We (the entity) give ASX the following information under listing rule 3.19A.2 and as agent for 
the director for the purposes of section 205G of the Corporations Act.   
 
Name of Director Robert Klug 
 
Part 1 - Change of director’s relevant interests in securities 
In the case of a trust, this includes interests in the trust made available by the responsible entity of the trust 
 
Note: In the case of a company, interests which come within paragraph (i) of the definition of “notifiable interest of a director” should 
be disclosed in this part. 
 
Direct or indirect interest Indirect 
Nature of indirect interest 
(including registered holder) 
Note: Provide details of the circumstances giving rise to the relevant 
interest. 
 
Mr Robert George Klug <Klug Family A/C> 
Mr Klug has a beneficial interest.  
Date of change 7 August 2026 
No. of securities held prior to change 
 
Mr Robert George Klug <Klug Family A/C 
 
• 2,000,000 ordinary shares; 
• 100,000 quoted options exercisable at 
$0.025 each on or before 7 August 2026 
• 5,000,000 u nquoted options 
exercisable at $0.025 each on or before 
1 October 2027 
Class Quoted options exercisable at $0.025 each 
on or before 7 August 2026 
Number acquired N/A 
Number disposed 100,000 
Value/Consideration 
Note: If consideration is non -cash, provide details and estimated 
valuation 
 
N/A 
Date of last notice 28 November 2025 
For personal use only

Appendix 3Y 
Change of Director’s Interest Notice 
 
 
 
+ See chapter 19 for defined terms. 
 
01/01/2011 Appendix 3Y  Page 2 
 
No. of securities held after change 
 
Mr Robert George Klug <Klug Family A/C 
 
• 2,000,000 ordinary shares; 
• 5,000,000 u nquoted options 
exercisable at $0.025 each on or before 
1 October 2027 
Nature of change 
Example: on-market trade, off-market trade, exercise of options, issue 
of securities under dividend reinvestment plan, participation in buy -
back 
Expiry of options. 
 
Part 2 – Change of director’s interests in contracts 
 
Note: In the case of a company, interests which come within paragraph (ii) of the definition of “notifiable interest of a director”  should 
be disclosed in this part. 
 
Detail of contract N/A 
Nature of interest 
 
 
N/A 
Name of registered holder 
(if issued securities) 
 
N/A 
Date of change N/A 
No. and class of securities to which 
interest related prior to change 
Note: Details are only required for a contract in 
relation to which the interest has changed 
 
N/A 
Interest acquired N/A 
Interest disposed N/A 
Value/Consideration 
Note: If consideration is non -cash, provide details 
and an estimated valuation  
 
N/A 
Interest after change N/A 
 
Part 3 – +Closed period 
 
Were the interests in the securities or contracts detailed above 
traded during a +closed period where prior written clearance 
was required? 
No 
If so, was prior written clearance provided to allow the trade to 
proceed during this period? 
N/A 
If prior written clearance was provided, on what date was this 
provided? 
N/A 
 
 
 
For personal use only",deff2b8ea639ad4efa04f4aa1e104f9545b6e59f14df7184043cc28399e9cd80,pypdf-6.16.1
347,manual_capture,328043.pdf,4083,,CASSIUS MINING LIMITED,,app_3y,,2026-08-14 07:34:17+00,2026-08-19 14:04:12.146698+00,93ee2b1fe59586ce0c9ce96ceb4cacecf21065500a4a7aa303bedd4c36571362,/home/user/asx-data/raw/93/ee/93ee2b1fe59586ce0c9ce96ceb4cacecf21065500a4a7aa303bedd4c36571362,unparsed,,,,manual_capture,,,,,pdf_creation,"Appendix 3Y 
Change of Director’s Interest Notice 
 
 
 
+ See chapter 19 for defined terms.                                                          01/01/2011                                                                         Appendix 3Y Page 1 
Rule 3.19A.2 
Appendix 3Y 
Change of Director’s Interest Notice 
 
Information or documents not available now must be given to ASX as soon as available. Information and 
documents given to ASX become ASX’s property and may be made public. 
Introduced 30/09/01.  Amended 01/01/11. 
 
Name of entity       CASSIUS MINING LIMITED 
ABN                           13 115 027 033 
 
We (the entity) give ASX the following information under listing rule 3.19A.2 and as agent for the director 
for the purposes of section 205G of the Corporations Act.   
 
Name of Director  David Chidlow 
Date of last notice 25 June 2026 
 
Part 1 - Change of director’s relevant interests in securities 
 
In the case of a trust, this includes interests in the trust made available by the responsible entity of the trust. 
 
Note: In the case of a company, interests which come within paragraph (i) of the  definition of “notifiable interest 
of a director” should be disclosed in this part. 
 
Direct or indirect interest Direct and Indirect 
Nature of indirect interest 
(including registered holder) 
Note: Provide details of the circumstances giving rise 
to the relevant interest. 
AXIS Group Investments Pty Ltd 
<AXIS SMSF A/C> – Director and spouse both 
members 
 
Sandra Brinkmann – Spouse 
 
 
Date of change 10 August 2026 
No. of securities held prior to change 
34,991,034 fully paid shares 
3,000,000 unlisted options expiring 30/11/2026 
exercisable at $0.06 
20 Convertible Notes of $10,000 
4,373,878 Listed options expiring 8/6/2029 
exercisable at $0.03 
Class Convertible Notes 
Number acquired  
Number disposed 20 Convertible Notes 
For personal use only

Appendix 3Y 
Change of Director’s Interest Notice 
 
 
+ See chapter 19 for defined terms.                                                          01/01/2011                                                                         Appendix 3Y Page 1 
 
Value/Consideration 
Note: If consideration is non-cash, provide details and 
estimated valuation 
The convertible notes have become an unsecured 
loan as the convertible notes had not been 
converted at their expiry date. 
No. of securities held after change 
 
 
34,991,034 fully paid ordinary shares  
3,000,000 unlisted options expiring 30/11/2026 
exercisable at $0.06 
4,373,878 listed options expiring 8/6/2029 
exercisable at $0.03 
Nature of change 
Example: on-market trade, off-market trade, exercise 
of options, issue of securities under dividend 
reinvestment plan, participation in buy-back 
The convertible notes have become an unsecured 
loan as the convertible notes had not been 
converted at their expiry date. 
 
Part 2 – Change of director’s interests in contracts 
 
Note: In the case of a company, interests which come within paragraph (ii) of the definition of “notifiable interest 
of a director” should be disclosed in this part. 
Detail of contract - 
Nature of interest 
 - 
Name of registered holder 
(if issued securities) - 
Date of change - 
No. and class of securities to which interest related 
prior to change 
Note: Details are only required for a contract in 
relation to which the interest has changed 
- 
Interest acquired - 
Interest disposed - 
Value/Consideration 
Note: If consideration is non-cash, provide details and 
an estimated valuation  
- 
Interest after change - 
 
Part 3 – +Closed period 
Were the interests in the securities or contracts 
detailed above traded during a +closed period where 
prior written clearance was required? 
No 
If so, was prior written clearance provided to allow 
the trade to proceed during this period? - 
If prior written clearance was provided, on what date 
was this provided? - 
 
 
 
For personal use only",2287ff4f8f2fa543c692e3fcc2d72dc81613fc42c9683bdb3c21bc763cdd3e96,pypdf-6.16.1
348,manual_capture,328046.pdf,4904,,Orange Minerals NL,,app_3y,,,2026-08-19 14:04:12.572949+00,619e7928bd88f2910c820eaf790c74fa32dba27034b86a19b3111c79000ab74f,/home/user/asx-data/raw/61/9e/619e7928bd88f2910c820eaf790c74fa32dba27034b86a19b3111c79000ab74f,unparsed,,,,manual_capture,,,,,,"Appendix 3Y 
Change of Director’s Interest Notice 
 
 
 
+ See chapter 19 for defined terms. 
 
01/01/2011 Appendix 3Y  Page 1 
 
Rule 3.19A.2 
Appendix 3Y 
 
Change of Director’s Interest Notice 
 
Information or documents not available now must be given to ASX as soon as available.  Information and 
documents given to ASX become ASX’s property and may be made public. 
Introduced 30/09/01  Amended 01/01/11 
 
Name of entity      Orange Minerals NL 
ABN                          88 650 435 895 
 
We (the entity) give ASX the following information under listing rule 3.19A.2 and as agent for 
the director for the purposes of section 205G of the Corporations Act.   
 
Name of Director Johnathon Busing 
Date of last notice 7 August 2025 
 
Part 1 - Change of director’s relevant interests in securities 
In the case of a trust, this includes interests in the trust made available by the responsible entity of the trust 
 
Note: In the case of a company, interests which come within paragraph (i) of the definition of “notifiable interest of a director” should 
be disclosed in this part. 
 
Direct or indirect interest Indirect 
Nature of indirect interest 
(including registered holder) 
Note: Provide details of the circumstances giving rise to the 
relevant interest. 
 
Bunning Nominees Pty Ltd  
<Bunning Super Fund A/C>  
(Mr Busing is a director and beneficial owner of the 
entity) 
Date of change 14 August 2026 
No. of securities held prior to change Bunning Nominees Pty Ltd  
<Bunning Super Fund A/C>  
- 2,543,518 Fully Paid Ordinary Shares  
- 333,333 Unlisted Options exercisable at $0.09 on 
or before 15 July 2027 
- 1,000,000 Performance Rights 
Class (i) Partly Paid Ordinary Shares 
(ii) Options 
 
Number acquired (i)  500,000 Partly Paid Ordinary Shares  
(ii)  250,000 Options 
 
 
Number disposed Nil 
For personal use only

Appendix 3Y 
Change of Director’s Interest Notice 
 
 
 
+ See chapter 19 for defined terms. 
 
Appendix 3Y Page 2 01/01/2011 
 
Value/Consideration 
Note: If consideration is non-cash, provide details and estimated 
valuation 
 
(i) $25,000 
(ii) Free attaching options 
No. of securities held after change Bunning Nominees Pty Ltd  
<Bunning Super Fund A/C>  
- 2,543,518 Fully Paid Ordinary Shares  
- 500,000 Partly Paid Ordinary Shares  
- 250,000 Unlisted options exercisable at $0.20 on 
or before 29 September 2028 
- 333,333 Unlisted Options exercisable at $0.09 on 
or before 15 July 2027 
- 1,000,000 Performance Rights 
 
 
 
 
 
 
-  
Nature of change 
Example: on-market trade, off-market trade, exercise of options, 
issue of securities under dividend reinvestment plan, 
participation in buy-back 
Issue of Partly Paid Shares and free attaching 
placement options pursuant to Resolution 5 as 
approved by shareholders at the general meeting 
held on 22 July 2026 
 
Part 2 – Change of director’s interests in contracts 
 
Note: In the case of a company, interests which come within paragraph (ii) of the definition of “notifiable interest of a director” should 
be disclosed in this part. 
 
Detail of contract N/A 
Nature of interest 
 
 
N/A 
Name of registered holder 
(if issued securities) 
 
N/A 
Date of change N/A 
No. and class of securities to which 
interest related prior to change 
Note: Details are only required for a contract in relation 
to which the interest has changed 
 
N/A 
Interest acquired N/A 
Interest disposed N/A 
Value/Consideration 
Note: If consideration is non-cash, provide details and 
an estimated valuation  
 
N/A 
Interest after change N/A 
 
 
 
 
For personal use only

Appendix 3Y 
Change of Director’s Interest Notice 
 
 
 
+ See chapter 19 for defined terms. 
 
01/01/2011 Appendix 3Y  Page 3 
 
 
 
 
 
Part 3 – +Closed period 
 
Were the interests in the securities or contracts detailed 
above traded during a +closed period where prior written 
clearance was required? 
No 
If so, was prior written clearance provided to allow the 
trade to proceed during this period? 
N/A 
If prior written clearance was provided, on what date was 
this provided? 
N/A 
 
 
 
For personal use only

Appendix 3Y 
Change of Director’s Interest Notice 
 
 
 
+ See chapter 19 for defined terms. 
 
01/01/2011 Appendix 3Y  Page 1 
 
Rule 3.19A.2 
Appendix 3Y 
 
Change of Director’s Interest Notice 
 
Information or documents not available now must be given to ASX as soon as available.  Information and 
documents given to ASX become ASX’s property and may be made public. 
Introduced 30/09/01  Amended 01/01/11 
 
Name of entity      Orange Minerals NL 
ABN                          88 650 435 895 
 
We (the entity) give ASX the following information under listing rule 3.19A.2 and as agent for 
the director for the purposes of section 205G of the Corporations Act.   
 
Name of Director Chris Michael 
Date of last notice 7 August 2025 
 
Part 1 - Change of director’s relevant interests in securities 
In the case of a trust, this includes interests in the trust made available by the responsible entity of the trust 
 
Note: In the case of a company, interests which come within paragraph (i) of the definition of “notifiable interest of a director” should 
be disclosed in this part. 
 
Direct or indirect interest Indirect 
Nature of indirect interest 
(including registered holder) 
Note: Provide details of the circumstances giving rise to the 
relevant interest. 
 
Kings Park Investments (WA) Pty Ltd  
<Vista Family A/C>  
(Mr Michael is the Director and sole beneficiary) 
Date of change 14 August 2026 
No. of securities held prior to change Kings Park Investments (WA) Pty Ltd  
- 5,416,668 Fully Paid Ordinary Shares  
- 800,000 Unlisted Options exercisable at $0.09 on 
or before 15 July 2027  
- 4,000,000 Performance Rights 
Class (i) Partly Paid Ordinary Shares 
(ii) Options 
 
Number acquired (i)    500,000 Partly Paid Ordinary Shares  
(ii)    250,000 Options 
 
 
Number disposed Nil 
For personal use only

Appendix 3Y 
Change of Director’s Interest Notice 
 
 
 
+ See chapter 19 for defined terms. 
 
Appendix 3Y Page 2 01/01/2011 
 
Value/Consideration 
Note: If consideration is non-cash, provide details and estimated 
valuation 
 
(i) $25,000 
(ii) Free attaching options 
No. of securities held after change Kings Park Investments (WA) Pty Ltd  
- 5,416,668 Fully Paid Ordinary Shares  
- 500,000 Partly Paid Ordinary Shares  
- 800,000 Unlisted Options exercisable at $0.09 on 
or before 15 July 2027  
- 250,000 Unlisted options exercisable at $0.20 on 
or before 29 September 2028  
- 4,000,000 Performance Rights 
Nature of change 
Example: on-market trade, off-market trade, exercise of options, 
issue of securities under dividend reinvestment plan, 
participation in buy-back 
Issue of Partly Paid Shares and free attaching 
placement options pursuant to Resolution 7 as 
approved by shareholders at the general meeting 
held on 22 July 2026 
 
Part 2 – Change of director’s interests in contracts 
 
Note: In the case of a company, interests which come within paragraph (ii) of the definition of “notifiable interest of a director” should 
be disclosed in this part. 
 
Detail of contract N/A 
Nature of interest 
 
 
N/A 
Name of registered holder 
(if issued securities) 
 
N/A 
Date of change N/A 
No. and class of securities to which 
interest related prior to change 
Note: Details are only required for a contract in relation 
to which the interest has changed 
 
N/A 
Interest acquired N/A 
Interest disposed N/A 
Value/Consideration 
Note: If consideration is non-cash, provide details and 
an estimated valuation  
 
N/A 
Interest after change N/A 
 
 
 
 
 
For personal use only

Appendix 3Y 
Change of Director’s Interest Notice 
 
 
 
+ See chapter 19 for defined terms. 
 
01/01/2011 Appendix 3Y  Page 3 
 
 
 
 
Part 3 – +Closed period 
 
Were the interests in the securities or contracts detailed 
above traded during a +closed period where prior written 
clearance was required? 
No 
If so, was prior written clearance provided to allow the 
trade to proceed during this period? 
N/A 
If prior written clearance was provided, on what date was 
this provided? 
N/A 
 
 
 
For personal use only

Appendix 3Y 
Change of Director’s Interest Notice 
 
 
 
+ See chapter 19 for defined terms. 
 
01/01/2011 Appendix 3Y  Page 1 
 
Rule 3.19A.2 
Appendix 3Y 
 
Change of Director’s Interest Notice 
 
Information or documents not available now must be given to ASX as soon as available.  Information and 
documents given to ASX become ASX’s property and may be made public. 
Introduced 30/09/01  Amended 01/01/11 
 
Name of entity      Orange Minerals NL 
ABN                          88 650 435 895 
 
We (the entity) give ASX the following information under listing rule 3.19A.2 and as agent for 
the director for the purposes of section 205G of the Corporations Act.   
 
Name of Director Nadia Abdul Aziz 
Date of last notice 7 August 2025 
 
Part 1 - Change of director’s relevant interests in securities 
In the case of a trust, this includes interests in the trust made available by the responsible entity of the trust 
 
Note: In the case of a company, interests which come within paragraph (i) of the definition of “notifiable interest of a director” should 
be disclosed in this part. 
 
Direct or indirect interest Direct 
Nature of indirect interest 
(including registered holder) 
Note: Provide details of the circumstances giving rise to the 
relevant interest. 
 
N/A 
Date of change 14 August 2026 
No. of securities held prior to change - 4,786,666 Fully Paid Ordinary Shares  
- 4,286,666 Unlisted Option exercisable at $0.09 on 
or before 15 July 2027  
- 2,000,000 Performance Rights 
Class (i) Partly Paid Ordinary Shares 
(ii) Options 
 
Number acquired (i)  10,000,000 Partly Paid Ordinary Shares  
(ii)  5,000,000 Options 
 
 
Number disposed Nil 
For personal use only

Appendix 3Y 
Change of Director’s Interest Notice 
 
 
 
+ See chapter 19 for defined terms. 
 
Appendix 3Y Page 2 01/01/2011 
 
Value/Consideration 
Note: If consideration is non-cash, provide details and estimated 
valuation 
 
(i) $500,000 
(ii) Free attaching options 
No. of securities held after change - 4,786,666 Fully Paid Ordinary Shares  
- 10,000,000 Partly Paid Ordinary Shares  
- 5,000,000 Unlisted options exercisable at $0.20 
on or before 29 September 2028 
- 4,286,666 Unlisted Option exercisable at $0.09 on 
or before 15 July 2027  
- 2,000,000 Performance Rights 
 
 
 
 
 
 
-  
Nature of change 
Example: on-market trade, off-market trade, exercise of options, 
issue of securities under dividend reinvestment plan, 
participation in buy-back 
Issue of Partly Paid Shares and free attaching 
placement options pursuant to Resolution 6 as 
approved by shareholders at the general meeting 
held on 22 July 2026 
 
Part 2 – Change of director’s interests in contracts 
 
Note: In the case of a company, interests which come within paragraph (ii) of the definition of “notifiable interest of a director” should 
be disclosed in this part. 
 
Detail of contract N/A 
Nature of interest 
 
 
N/A 
Name of registered holder 
(if issued securities) 
 
N/A 
Date of change N/A 
No. and class of securities to which 
interest related prior to change 
Note: Details are only required for a contract in relation 
to which the interest has changed 
 
N/A 
Interest acquired N/A 
Interest disposed N/A 
Value/Consideration 
Note: If consideration is non-cash, provide details and 
an estimated valuation  
 
N/A 
Interest after change N/A 
 
 
 
 
For personal use only

Appendix 3Y 
Change of Director’s Interest Notice 
 
 
 
+ See chapter 19 for defined terms. 
 
01/01/2011 Appendix 3Y  Page 3 
 
 
 
 
 
Part 3 – +Closed period 
 
Were the interests in the securities or contracts detailed 
above traded during a +closed period where prior written 
clearance was required? 
No 
If so, was prior written clearance provided to allow the 
trade to proceed during this period? 
N/A 
If prior written clearance was provided, on what date was 
this provided? 
N/A 
 
 
 
For personal use only

Appendix 3Y 
Change of Director’s Interest Notice 
 
 
 
+ See chapter 19 for defined terms. 
 
01/01/2011 Appendix 3Y  Page 1 
 
Rule 3.19A.2 
Appendix 3Y 
 
Change of Director’s Interest Notice 
 
Information or documents not available now must be given to ASX as soon as available.  Information and 
documents given to ASX become ASX’s property and may be made public. 
Introduced 30/09/01  Amended 01/01/11 
 
Name of entity      Orange Minerals NL 
ABN                          88 650 435 895 
 
We (the entity) give ASX the following information under listing rule 3.19A.2 and as agent for 
the director for the purposes of section 205G of the Corporations Act.   
 
Name of Director Philip Tornatora 
Date of last notice 6 August 2026 
 
Part 1 - Change of director’s relevant interests in securities 
In the case of a trust, this includes interests in the trust made available by the responsible entity of the trust 
 
Note: In the case of a company, interests which come within paragraph (i) of the definition of “notifiable interest of a director” should 
be disclosed in this part. 
 
Direct or indirect interest Indirect 
Nature of indirect interest 
(including registered holder) 
Note: Provide details of the circumstances giving rise to the 
relevant interest. 
 
Gascavon Pty Ltd   
(Mr.  Tornatora is a director and the beneficiary of 
the entity) 
Lisa Tornatora (spouse of Mr Tornatora) 
 
Date of change 14 August 2026 
No. of securities held prior to change Indirect  
Gascavon Pty Ltd   
<Gascavon SF A/C> 
- 1,088,208 Fully Paid Ordinary Shares  
 
Class (a) Options 
(b) Performance Rights 
 
Number acquired (a) 1,500,000 Options  
(b) 1,250,000 Class B Performance Rights 
(c) 1,250,000 Class C Performance Rights 
 
Number disposed Nil 
For personal use only

Appendix 3Y 
Change of Director’s Interest Notice 
 
 
 
+ See chapter 19 for defined terms. 
 
Appendix 3Y Page 2 01/01/2011 
 
Value/Consideration 
Note: If consideration is non-cash, provide details and estimated 
valuation 
 
Nil 
No. of securities held after change Indirect  
Gascavon Pty Ltd   
<Gascavon SF A/C> 
- 1,088,208 Fully Paid Ordinary Shares 
Lisa Tornatora   
- 1,500,000 Unlisted options exercisable at $0.09 on 
or before 15 July 2027 
- 1,250,000 Class B Performance Rights  
- 1,250,000 Class C Performance Rights 
 
 
 
 
Nature of change 
Example: on-market trade, off-market trade, exercise of options, 
issue of securities under dividend reinvestment plan, 
participation in buy-back 
Issue of securities pursuant to Resolution 13 as 
approved by shareholders at the general meeting 
held on 22 July 2026 
 
Part 2 – Change of director’s interests in contracts 
 
Note: In the case of a company, interests which come within paragraph (ii) of the definition of “notifiable interest of a director” should 
be disclosed in this part. 
 
Detail of contract N/A 
Nature of interest 
 
 
N/A 
Name of registered holder 
(if issued securities) 
 
N/A 
Date of change N/A 
No. and class of securities to which 
interest related prior to change 
Note: Details are only required for a contract in relation 
to which the interest has changed 
 
N/A 
Interest acquired N/A 
Interest disposed N/A 
Value/Consideration 
Note: If consideration is non-cash, provide details and 
an estimated valuation  
 
N/A 
Interest after change N/A 
 
 
 
 
 
For personal use only

Appendix 3Y 
Change of Director’s Interest Notice 
 
 
 
+ See chapter 19 for defined terms. 
 
01/01/2011 Appendix 3Y  Page 3 
 
 
 
 
Part 3 – +Closed period 
 
Were the interests in the securities or contracts detailed 
above traded during a +closed period where prior written 
clearance was required? 
No 
If so, was prior written clearance provided to allow the 
trade to proceed during this period? 
N/A 
If prior written clearance was provided, on what date was 
this provided? 
N/A 
 
 
 
For personal use only",ca073792637003e202f836899184dc324164d90e2fbb37ab9c8e054bd9e09e75,pypdf-6.16.1
349,manual_capture,328049.pdf,4123,,Caprice Resources Ltd,,app_3y,,2026-08-14 07:51:00+00,2026-08-19 14:04:12.840158+00,7251e561e1f89f7f514b0dd90f54e30fab2d0b04d08980810ead23d03dad9295,/home/user/asx-data/raw/72/51/7251e561e1f89f7f514b0dd90f54e30fab2d0b04d08980810ead23d03dad9295,unparsed,,,,manual_capture,,,,,pdf_creation,"Appendix 3Y 
Change of Director’s Interest Notice 
 
 
 
+ See chapter 19 for defined terms. 
 
01/01/2011 Appendix 3Y  Page 1 
 
Rule 3.19A.2 
Appendix 3Y 
 
Change of Director’s Interest Notice 
 
Information or documents not available now must be given to ASX as soon as available.  Information and documents 
given to ASX become ASX’s property and may be made public. 
Introduced 30/09/01  Amended 01/01/11 
 
Name of entity Caprice Resources Ltd 
ABN  96 624 970 725 
 
We (the entity) give ASX the following information under listing rule 3.19A.2 and as agent for the director 
for the purposes of section 205G of the Corporations Act.   
 
0BName of Director Luke Cox 
Date of last notice 18 December 2025 
 
Part 1 - Change of director’s relevant interests in securities 
In the case of a trust, this includes interests in the trust made available by the responsible entity of the trust 
 
Note: In the case of a company, interests which come within paragraph (i) of the definition of “notifiable interest of a director” should be disclosed in 
this part. 
 
Direct or indirect interest Indirect 
Nature of indirect interest 
(including registered holder) 
Note: Provid e details of the circumstances 
giving rise to the relevant interest. 
Mr Luke Chad William Cox <Golden Lane A/C> - Mr Cox is trustee and 
beneficiary 
Date of change 13 August 2026 
No. of securities held prior to change  
Mr Luke Chad William Cox <Golden 
Lane A/C> - Mr Cox is trustee and 
beneficiary 
6,500,000 shares 
2,500,000 Performance rights vesting on the price of the Company’s shares as 
traded on the ASX achieving a VWAP of at least $0.15 per share over 30 
consecutive trading days expiring 20 January 2028  
1,500,000 Performance rights vesting on the Company announcing the 
commencement of a drill programme at the Bantam West Arunta Projects 
expiring 20 January 2028  
1,500,000 Performance rights vesting on the Company announcing the 
completion of a drill programme of not less than 10,000m at the Bantam West 
Arunta Projects expiring 20 January 2028  
2,500,000 Performance rights vesting on the Company announcing a JORC 
Code compliant Mineral Resource (in any category) of at le ast 100,000 ounces 
of gold or a positive Scoping Study expiring 20 January 2029  
2,500,000 Performance rights vesting on the Company announcing a JORC 
Code compliant Mineral Resource (in any category) of at least 200,000 ounces 
of gold or commencement of commercial gold production expiring 20 January 
2029  
For personal use only

Appendix 3Y 
Change of Director’s Interest Notice 
 
 
 
+ See chapter 19 for defined terms. 
 
Appendix 3Y Page 2 01/01/2011 
 
Mrs Marika Elizabeth Cox – spouse of 
Mr Luke Cox 
126,437 shares 
Class Performance Rights 
Number acquired Nil 
Number disposed 1,500,000 Performance rights vesting on the Company announcing the 
commencement of a drill programme at the Bantam West Arunta Projects 
expiring 20 January 2028  
1,500,000 Performance rights vesting on the Company announcing the 
completion of a drill programme of not less than 10,000m at the Bantam West 
Arunta Projects expiring 20 January 2028  
Value/Consideration 
Note: If consideration is non -cash, provide 
details and estimated valuation 
Nil 
No. of securities held after change  
Mr Luke Chad William Cox <Golden 
Lane A/C> - Mr Cox is trustee and 
beneficiary 
6,500,000 shares 
2,500,000 Performance rights vesting on the price of the Company’s shares as 
traded on the ASX achieving a VWAP of at least $0.15 per share over 30 
consecutive trading days expiring 20 January 2028  
2,500,000 Performance rights vesting on the Company announcing a JORC 
Code compliant Mineral Resource (in any category) of at le ast 100,000 ounces 
of gold or a positive Scoping Study expiring 20 January 2029  
2,500,000 Performance rights vesting on the Company announcing a JORC 
Code compliant Mineral Resource (in any category) of at least 200,000 ounces 
of gold or commencement of commercial gold production expiring 20 January 
2029  
Mrs Marika Elizabeth Cox – spouse of 
Mr Luke Cox 
126,437 shares 
Nature of change 
Example: on -market trade, off -market trade, 
exercise of options, issue of securities under 
dividend reinvestment plan, pa rticipation in 
buy-back 
Cancellation of performance rights relating to the Company's West Arunta 
Projects subsequent to the transaction originally announced on 27 April 2026.  
 
Part 2 – Change of director’s interests in contracts 
 
Note: In the case of a company, interests which come within paragraph (ii) of the definition of “notifiable interest of a director”  should be disclosed in 
this part. 
 
Detail of contract N/A 
Nature of interest 
 
 
Name of registered holder 
(if issued securities) 
 
 
Date of change  
For personal use only

Appendix 3Y 
Change of Director’s Interest Notice 
 
 
 
+ See chapter 19 for defined terms. 
 
01/01/2011 Appendix 3Y  Page 3 
 
No. and class of securities to which 
interest related prior to change 
Note: Details are only required for a contract in 
relation to which the interest has changed 
 
 
Interest acquired  
Interest disposed  
Value/Consideration 
Note: If consideration is non -cash, provide details 
and an estimated valuation  
 
 
Interest after change  
 
Part 3 – +Closed period 
 
Were the interests in the securities or contracts detailed 
above traded during a +closed period  where prior written 
clearance was required? 
Not applicable 
If so, was prior written clearance provided to allow the trade 
to proceed during this period? 
 
If prior written clearance was provided, on what date was this 
provided? 
 
 
For personal use only",5490c33d758dd43503b39eddaf7089b941bb0fcefd5db770507692256944ff6b,pypdf-6.16.1
350,manual_capture,328189.pdf,4631,,London City Equities Limited,,app_3y,,2026-08-14 21:26:20+00,2026-08-19 14:04:13.277972+00,d0688b1c41022aaf076b0d684bce6b83334e1eb16e66566c54f96dcef2dc1105,/home/user/asx-data/raw/d0/68/d0688b1c41022aaf076b0d684bce6b83334e1eb16e66566c54f96dcef2dc1105,unparsed,,,,manual_capture,,,,,pdf_creation,"Appendix 3Y
 
Change of Director’s Interest Notice
 
 
 
Cha
pter 19 for defined terms.
 
 
 
LCE/
Appendix3YLCE dgb
 
 
11/3/2002
 
 
Appendix 3Y  Page 
1
 
 
Rule 3.19A.2
 
Appendix 3Y
 
Change of Director’s Interest Notice
 
 
Information or documents not available now must be given to ASX as soon as available.  Information and 
documents given to ASX become ASX’s property and may be made public.
 
Introduced 30/9/2001.
 
 
Name of entity
: 
                         
 
London City Equities Limited
 
ABN
:  
                                             
5
9 003 200 664
 
 
We (the entity) give ASX the following information under listing rule 3.19A.2 and as agent for the 
director for th
e purposes of section 205G of the Corporations Act.  
 
 
Name of Director
 
David G Butel
 
Date of last notice
 
3 June 
2026
 
 
Part 1 
-
 
Change of director’s relevant interests in securities
 
In the case of a trust, this includes interests in the trust made available by the responsible entity of the trust
 
 
Note: 
In the case of a company, interests which come within paragraph (i) of the definition of “notifiable interest of a director” 
should be 
disclosed in this part.
 
 
Direct 
or indirect 
interest
 
Indirect
 
interest 
c
hange
 
Nature of indirect interest
 
(including registered holder)
 
Note: Provide details of the circumstances giving rise to the 
relevant interest.
 
 
Indirect 
–
 
 
DG Butel Superannuation Fund 
 
(
Grow Wrap
)
                
 
Imperial Pacific L
imited 
 
(Director & Shareholder)
 
 
Date of change
 
11 August 
2026
 
13 Aug
ust 2026
 
No. of securities held prior to change
 
Indirect 
–
 
 
DG Butel Superannuation Fund 
 
(
Grow Wrap
)    
 
-
 
           
               
     
120,934
 
Imperial Pacific Limited 
-
                
1
3,1
6
8,
9
55
 
Class
 
Fully Paid Ordin
ary Shares
 
Number acquired
 
15,000 
–
 
1
1
 
August
 
2,424 
–
 
13 
August
 
Number disposed
 
Nil
 
Value/Consideration
 
Note: If consideration is non
-
cash, provide details and 
estimated valuation
 
8
5
.0
 
C
ents per share
 
 
No. of securities held after change
 
Indirect 
–
 
 
DG Butel Superannuation Fund 
 
(
Grow Wrap
)
                
-
 
    
         
 
 
    
   
120,934
 
Imperial Pacific 
Limited 
-
       
  
  
      
1
3,1
86,379
 
Nature of change
 
Example: on
-
market trade, off
-
market trade, exercise of 
options, issue of securities under dividend reinvestment plan, 
participati
on in buy
-
back
 
On
-
market trade
 
For personal use only

Appendix 3Y
 
Change of Director’s Interest Notice
 
 
 
 
+ See chapter 19 for defined terms.
 
 
Appendix 3Y Page 
2
 
11/3/2002
 
 
.
 
 
Part 2 
–
 
Change of director’s interests in contracts
 
 
Note: 
In the case of a company, interests which come within paragraph (ii) of the definition of “notifiable interest of a director”
 
should be 
disclosed in this part.
 
 
 
Detail of contract
 
NA
 
Nature of interest
 
NA
 
Name of registered holder
 
(if issued securities)
 
NA
 
Date of change
 
NA
 
No. and class of securities to which 
interest related prior to change
 
Note: Details are only required for a contract in relation to which
 
the 
interest has changed
 
 
NA
 
Interest acquired
 
NA
 
Interest disposed
 
NA
 
Value/Consideration
 
Note: If consideration is non
-
cash, provide details and an estimated 
valuation 
 
 
NA
 
Interest after change
 
NA
 
 
Part 3 
–
 
Closed Period
 
  
 
Were the interests in the securities or 
contracts detailed above traded during a 
closed period where prior written 
permission was required?
 
No
 
If so, was prior
 
written clearance 
provided to allow the trade to proceed 
during this period?
 
Not Applicable
 
If prior clearance was pr
ovided, on what 
date was this provided?
 
Not Applicable
 
 
 
 
Signed ………………………………….      
                
    
       
15 August 2026
 
P. 
E.J. Murray 
-
 
Director
 
For personal use only

Appendix 3Y
 
Change of Director’s Interest Notice
 
 
 
Cha
pter 19 for defined terms.
 
 
 
LCE/
Appendix3YLCE LJJ
 
 
11/3/2002
 
 
Appendix 3Y  Page 
1
 
 
Rule 3.19A.2
 
Appendix 3Y
 
Change of Director’s Interest Notice
 
 
Information or documents not available now must be given to ASX as soon as available.  Information and 
documents given to ASX become ASX’s property and may be made public.
 
Introduced 30/9/2001.
 
 
Name of entity
: 
                         
 
London City Equities Limited
 
ABN
:  
                                             
5
9 003 200 664
 
 
We (the entity) give ASX the following information under listing rule 3.19A.2 and as agent for the 
director for th
e purposes of section 205G of the Corporations Act.  
 
 
Name of Director
 
Louis J Joseph
 
Date of last notice
 
3 June 
2026
 
 
Part 1 
-
 
Change of director’s relevant interests in securities
 
In the case of a trust, this includes interests in the trust made available by the responsible entity of the trust
 
 
Note: 
In the case of a company, interests which come within paragraph (i) of the definition of “notifiable interest of a director” 
should be 
disclosed in this part.
 
 
Direct 
or indirect 
interest
 
Ind
irect 
interest
 
change
 
Nature of indirect interest
 
(including registered holder)
 
Note: Provide details of the circumstances giving rise to the 
relevant interest.
 
 
Indirect 
–
 
Imperial Pacific L
imited 
 
(Director & Shareholder)
 
Indirect 
–
 
Debeyers Road Pty Limited 
 
(Joseph Family Super Trustee)
 
Date of change
 
11 August 2026
 
13 August 2026
 
No. of securities held prior to change
 
Indirect 
–
  
 
-
  
Imperial Pacific Limited 
                
1
3,1
6
8,
9
55
  
 
–
 
Debeyers Road Pty Ltd 
          
         
80,897 
 
 
Class
 
Fully Paid Ordinary
 
Shares
 
Number acquired
 
 
 
15,00
0
 
-
 
11 August
 
2,424 
–
 
13 August
 
Number disposed
 
Nil
 
Value/Consideration
 
Note: If consideration is non
-
cash, provide details and 
estimated valuation
 
 
8
5
.0
 
C
ents per share
 
 
No. of securities held after change
 
Ind
irect 
–
 
 
Imperial Pacific 
Limited 
-
    
  
  
   
      
   
1
3,1
8
6
,
379
 
Indirect 
–
 
Debeyers Road Pty Ltd      
 
    
  
80,897 
 
 
Nature of change
 
Example: on
-
market trade, off
-
market trade, exercise of 
options, issue of securities under dividend reinvestment plan, 
participati
on in buy
-
back
 
On
-
market trade
 
 
 
 
 
For personal use only

Appendix 3Y
 
Change of Director’s Interest Notice
 
 
 
 
+ See chapter 19 for defined terms.
 
 
Appendix 3Y Page 
2
 
11/3/2002
 
 
Part 2 
–
 
Change of director’s interests in contracts
 
 
Note: 
In the case of a company, interests which come within paragraph (ii) of the definition of “notifiable interest of a director”
 
should be 
disclosed in this part.
 
 
 
Detail of contract
 
NA
 
Nature of interest
 
NA
 
Name of registered holder
 
(if issued securities)
 
NA
 
Date of change
 
NA
 
No. and class of securities to which 
interest related prior to change
 
Note: Details are only required for a contract in relation to whic
h the 
interest has changed
 
 
NA
 
Interest acquired
 
NA
 
Interest disposed
 
NA
 
Value/Consideration
 
Note: If consideration is non
-
cash, provide details and an estimated 
valuation 
 
 
NA
 
Interest after change
 
NA
 
 
Part 3 
–
 
Closed Period
 
  
 
Were the interests in the securities or 
contracts detailed above traded during a 
closed period where prior written 
permission was required?
 
No
 
If so, was prior
 
written clearance 
provided to allow the trade to proceed 
during this period?
 
Not Applicable
 
If prior clearance was p
rovided, on what 
date was this provided?
 
Not Applicable
 
 
 
 
Signed ………………………………….      
                
    
  
15 August 
2026
 
P. 
E.J. Murray 
–
 
Director
 
For personal use only

Appendix 3Y
 
Change of Director’s Interest Notice
 
 
 
Cha
pter 19 for defined terms.
 
 
 
LCE/
Appendix3YLCEpejm
 
 
11/3/20
02
 
 
Appendix 3Y  Page 
1
 
 
Rule 3.19A.2
 
Appendix 3Y
 
Change of Director’s Interest Notice
 
 
Information or documents not available now must be given to ASX as soon as available.  Information and 
documents given to ASX become ASX’s property and may be made public.
 
Introduced 30/9/2001.
 
 
Name of entity
: 
                         
 
London City Equities Limited
 
ABN
:  
                                             
5
9 003 200 664
 
 
We (the entity) give ASX the following information under listing rule 3.19A.2 and as agent for the 
director for th
e purposes of section 205G of the Corporations Act.  
 
 
Name of Director
 
Peter E
 
J
 
Murray
 
Date of last notice
 
3 June 
2026
 
 
Part 1 
-
 
Change of director’s relevant interests in securities
 
In the case of a trust, this includes interests in the trust made available by the responsible entity of the trust
 
 
Note: 
In the case of a company, interests which come within paragraph (i) of the definition of “notifiable interest of a director” 
should be 
disclosed in this part.
 
 
Direct 
or indirect 
interest
 
Indirect intere
st
 
Nature of indirect interest
 
(including registered holder)
 
Note: Provide details of the circumstances giving rise to the 
relevant interest.
 
Imperial Pacific Limited 
–
 
Director
 
Capel Court Corporation 
P
ty Ltd 
–
 
Trustee Super 
Fund
 
 
Date of change
 
11 
August
 
13 August
 
 
 
No. of securities held prior to change
 
Direct 
–
                                                          
9
55,090
 
Indirect 
–
 
Imperial Pacific Limited 
-
         
1
3,1
6
8
,
9
55
      
Capel Court Corporation Pty Ltd              
    
1,
2
94,088
 
Class
 
Ordinar
y Shares
 
Number acquired
 
15,000 
–
 
11 
August
 
2,424 
–
 
13 
Augus
t
 
Number disposed
 
Nil
 
Value/Consideration
 
Note: If consideration is non
-
cash, provide details and 
estimated valuation
 
 
85.0 cents a share
 
No. of securities held after change
 
Direct 
-
                                              
   
    
   
955,090
 
Indirect 
–
 
 
Imperial Pacific L
imited
 
-
         
       
 
     
13,
186,379
 
Capel 
Court Corporation Pty Ltd
        
     
1,294,088
 
Nature of change
 
Example: on
-
market trade, off
-
market trade, exercise of 
options, issue of securities under d
ividend reinvestment plan, 
participation in buy
-
backOff Market transfers 
–
 
family 
related.
 
O
n
 
market trade
 
For personal use only

Appendix 3Y
 
Change of Director’s Interest Notice
 
 
 
 
+ See chapter 19 for defined terms.
 
 
 
Appendix3YLCEpejm
 
Appendix 3Y Page 
2
 
11/3/2002
 
 
 
 
 
 
Part 2 
–
 
Change of director’s interests in contracts
 
 
Note: 
In the case of a company, interests which come within paragraph (ii) of the definition of “notifiable interest of a director”
 
should be 
disclosed in this part.
 
 
 
Detail of contract
 
NA
 
Nature of interest
 
NA
 
Name of registered holder
 
(if issued securities)
 
NA
 
Date of change
 
NA
 
No. and class of securities to which 
interest related prior 
to change
 
Note: Details are only required for a contract in relation to which the 
interest has changed
 
 
NA
 
Interest acquired
 
NA
 
Interest disposed
 
NA
 
Value/Consideration
 
Note: If consideration is non
-
cash, provide details and an estimated 
valuation 
 
 
NA
 
Interest after change
 
NA
 
 
Part 3 
–
 
Closed Period
 
  
 
Were the interests in the securities or 
contracts detailed above traded during a 
closed period where prior written 
permission was required?
 
No
 
If so, was prior
 
written clearance 
provided to allow the t
rade to proceed 
during this period?
 
Not Applicable
 
If prior clearance was provided, on what 
date was this provided?
 
Not Applicable
 
 
 
 
Signed ………………………………….      
                
    
           
 
  
15 August 
2026
 
For personal use only",feaf4b2479804eb0b2488617098991692ca7bbf6974cfc305220f741dc6e75d6,pypdf-6.16.1
351,manual_capture,328229.pdf,3912,,Baby Bunting Group Limited,,app_3y,,2026-08-14 01:35:41+00,2026-08-19 14:04:13.517963+00,25a7acc033f962e34e275aa652310718429045c3d5ed6f506f82d86ed2e8b9ae,/home/user/asx-data/raw/25/a7/25a7acc033f962e34e275aa652310718429045c3d5ed6f506f82d86ed2e8b9ae,unparsed,,,,manual_capture,,,,,pdf_creation,"Appendix 3Y 
Change of Director’s Interest Notice 
 
 
 
+ See chapter 19 for defined terms. 
 
01/01/2011 Appendix 3Y  Page 1 
 
Rule 3.19A.2 
Appendix 3Y 
 
Change of Director’s Interest Notice 
 
Information or documents not available now must be given to ASX as soon as available.  Information and 
documents given to ASX become ASX’s property and may be made public. 
Introduced 30/09/01  Amended 01/01/11 
 
Name of entity Baby Bunting Group Limited 
ABN  58 128 533 693 
 
We (the entity) give ASX the following information under listing rule 3.19A.2 and as agent for 
the director for the purposes of section 205G of the Corporations Act.   
 
Name of Director Mark Teperson 
Date of last notice 30 October 2025 
 
Part 1 - Change of director’s relevant interests in securities 
In the case of a trust, this includes interests in the trust made available by the responsible entity of the trust 
 
Note: In the case of a company, interests which come within paragraph (i) of the definition of “notifiable interest of a director” should 
be disclosed in this part. 
 
Direct or indirect interest Direct and indirect 
Nature of indirect interest 
(including registered holder) 
Note: Provide details of the circumstances giving 
rise to the relevant interest. 
 
J Teperson and M Teperson ATF The Mark Teperson 
Family Trust , of which Mark Teperson is a trustee and 
beneficiary  
Date of change 17 August 2026  
No. of securities held prior to change Fully paid ordinary shares 
 
311,526 ordinary shares (indirectly held) 
 
Share rights  
 
417,908 share rights (representing the deferred 
component of the FY25 STI payment) granted on 30 
October 2025 (the grant was approved by shareholders on 
14 October 2025) 
 
1,696,707 performance rights (FY24 -28) granted on 1 
November 2024 (the grant was approved by shareholders 
on 15 October 2024) 
 
612,980 performance rights (FY23 -FY26) granted on 15 
December 2023 (the grant was approved by shareholders 
on 10 October 2023) 
 
 
 
For personal use only

Appendix 3Y 
Change of Director’s Interest Notice 
 
 
 
+ See chapter 19 for defined terms. 
 
Appendix 3Y Page 2 01/01/2011 
 
155,763 rights granted on 15 December 2023 (the grant 
was approved by shareholders on 10 October 2023)  
Class Fully paid ordinary shares & rights 
Number acquired 417,908 fully paid ordinary shares 
 
Number disposed 417,908 rights, which have vested and been exercised 
Value/Consideration 
Note: If consideration is non- cash, provide details 
and estimated valuation 
 
 
Nil 
 
 
No. of securities held after change Fully paid ordinary shares 
 
729,434 ordinary shares (indirectly held) (change) 
 
Share rights  
 
1,696,707 performance rights (FY24 -28) granted on 1 
November 2024 (the grant was approved by shareholders 
on 15 October 2024) (no change) 
 
612,980 performance rights (FY23 -FY26) granted on 15 
December 2023 (the grant was approved by shareh olders 
on 10 October 2023) (no change) 
 
155,763 rights granted on 15 December 2023 (the grant 
was approved by shareholders on 10 October 2023)  
(no change) 
Nature of change 
Example: on -market trade, off -market trade, 
exercise of options, issue of securities under 
dividend reinvestment plan, participation in buy -
back 
 
417,908 shares issued upon vesting and exercise of rights.   
 
The terms of the rights were described in the Notice of 
2025 Annual General Meeting  (when approved by 
shareholders) and the 2025 a nd 2026  Remuneration 
Reports.  
 
Part 2 – Change of director’s interests in contracts 
 
Note: In the case of a company, interests which come within paragraph (ii) of the definition of “notifiable interest of a director”  should 
be disclosed in this part. 
 
Detail of contract  
Nature of interest 
 
 
Name of registered holder 
(if issued securities) 
 
Date of change  
No. and class of securities to which 
interest related prior to change 
Note: Details are only required for a contract in 
relation to which the interest has changed 
 
 
For personal use only

Appendix 3Y 
Change of Director’s Interest Notice 
 
 
 
+ See chapter 19 for defined terms. 
 
01/01/2011 Appendix 3Y  Page 3 
 
Interest acquired  
Interest disposed  
Value/Consideration 
Note: If consideration is non- cash, provide details 
and an estimated valuation  
 
 
Interest after change  
 
Part 3 – +Closed period 
 
Were the interests in the securities or contracts detailed 
above traded during a +closed period where prior written 
clearance was required? 
No  
If so, was prior written clearance provided to allow the trade 
to proceed during this period? 
Not applicable  
If prior written clearance was provided, on what date was this 
provided? 
Not applicable 
 
 
 
For personal use only",3137dd4f2d7965ccfb6e8af6544f00b13bce392726a70a90c2f088c56c2556f5,pypdf-6.16.1
352,manual_capture,328396.pdf,3994,,BEETALOO ENERGY AUSTRALIA LIMITED,,app_3y,,2026-08-16 23:51:07+00,2026-08-19 14:04:13.797916+00,d70e5f3e1297d8c5ce4ee3460de21be1b7898b4b93c6a682b11199df61305b1b,/home/user/asx-data/raw/d7/0e/d70e5f3e1297d8c5ce4ee3460de21be1b7898b4b93c6a682b11199df61305b1b,unparsed,,,,manual_capture,,,,,pdf_creation,"Appendix 3Y 
Change of Director’s Interest Notice 
 
 
 
+ See chapter 19 for defined terms. 
 
01/01/2011 Appendix 3Y  Page 1 
 
Rule 3.19A.2 
Appendix 3Y 
 
Change of Director’s Interest Notice 
 
Information or documents not available now must be given to ASX as soon as available.  Information and 
documents given to ASX become ASX’s property and may be made public. 
Introduced 30/09/01  Amended 01/01/11 
 
Name of entity                  BEETALOO ENERGY AUSTRALIA LIMITED 
ABN                                   29 002 148 361 
 
We (the entity) give ASX the following information under listing rule 3.19A.2 and as agent for 
the director for the purposes of section 205G of the Corporations Act.   
 
Name of Director KAREN GREEN 
Date of last notice 5 JUNE 2026 
 
Part 1 - Change of director’s relevant interests in securities 
In the case of a trust, this includes interests in the trust made available by the responsible entity of the trust 
 
Note: In the case of a company, interests which come within paragraph (i) of the definition of “notifiable interest of a director” should 
be disclosed in this part. 
 
Direct or indirect interest Direct 
 
Nature of indirect interest 
(including registered holder) 
Note: Provide details of the circumstances giving rise to the relevant 
interest. 
 
N/A 
 
Date of change 12 August 2026 
No. of securities held prior to change Direct  
(a) 274,927 Restricted Rights 
 
Indirect 
(b) 1,774,321 Ordinary Shares 
(c) 396,089 Options 
 
Class (a) Restricted Rights 
Number acquired (a)  150,097 
 
For personal use only

Appendix 3Y 
Change of Director’s Interest Notice 
 
 
 
+ See chapter 19 for defined terms. 
 
Appendix 3Y Page 2 01/01/2011 
 
Number disposed Nil 
Value/Consideration 
Note: If consideration is non -cash, provide details and estimated 
valuation 
 
Issued for nil consideration. Approximate 
value per share is $0.28 
No. of securities held after change Direct  
(a) 425,024 Restricted Rights 
 
Indirect 
(b) 1,774,321 Ordinary Shares 
(c) 396,089 Options 
 
Nature of change 
Example: on-market trade, off-market trade, exercise of options, issue 
of securities under dividend reinvestment plan, participation in buy -
back 
Issue of 150,097 Restricted Rights in lieu of 
cash paid for Directors fees as approved by 
shareholders at the Annual General 
Meeting held on 29 May 2026. 
 
Part 2 – Change of director’s interests in contracts 
 
Note: In the case of a company, interests which come within paragraph (ii) of the definition of “notifiable interest of a director”  should 
be disclosed in this part. 
 
Detail of contract N/A 
Nature of interest 
 
 
N/A 
Name of registered holder 
(if issued securities) 
 
N/A 
Date of change N/A 
No. and class of securities to which 
interest related prior to change 
Note: Details are only required for a contract in 
relation to which the interest has changed 
 
N/A 
Interest acquired N/A 
Interest disposed N/A 
Value/Consideration 
Note: If consideration is non -cash, provide details 
and an estimated valuation  
 
N/A 
Interest after change Nil 
 
Part 3 – +Closed period 
 
For personal use only

Appendix 3Y 
Change of Director’s Interest Notice 
 
 
 
+ See chapter 19 for defined terms. 
 
01/01/2011 Appendix 3Y  Page 3 
 
Were the interests in the securities or contracts detailed 
above traded during a +closed period where prior written 
clearance was required? 
No 
If so, was prior written clearance provided to allow the 
trade to proceed during this period? 
N/A 
If prior written clearance was provided, on what date was 
this provided? 
N/A 
 
 
 
For personal use only",6d112ecfc056c5c5afd1cf89afaeef15287f06a2e8c7a997df3315ffdad96acc,pypdf-6.16.1
353,manual_capture,328515.pdf,4378,,Great Bear Exploration Ltd,,app_3y,,2026-08-17 04:07:32+00,2026-08-19 14:06:07.588259+00,85ddb34dc859bb40e630960c909985e38127154acd7dd40d6e66c3cb9dbdd178,/home/user/asx-data/raw/85/dd/85ddb34dc859bb40e630960c909985e38127154acd7dd40d6e66c3cb9dbdd178,unparsed,,,,manual_capture,,,,,pdf_creation,"Appendix 3Y 
Change of Director’s Interest Notice 
 
 
 
+ See chapter 19 for defined terms. 
 
01/01/2011 Appendix 3Y  Page 1 
 
Rule 3.19A.2 
Appendix 3Y 
 
Change of Director’s Interest Notice 
 
Information or documents not available now must be given to ASX as soon as available.  Information and 
documents given to ASX become ASX’s property and may be made public. 
Introduced 30/09/01 Amended 01/01/11 
 
Name of entity           Great Bear Exploration Ltd  
ABN                              75 117 387 354 
 
We (the entity) give ASX the following information under listing rule 3.19A.2 and as agent f or the 
director for the purposes of section 205G of the Corporations Act.   
 
Name of Director Mr Roderick McIllree 
Date of last notice 11 June 2026 
Date of this notice 17 August 2026 
 
Part 1 - Change of director’s relevant interests in securities 
In the case of a trust, this includes interests in the trust made available by the responsible entity of the trust 
 
Note: In the case of a company, interests which come within paragraph (i) of the definition of “notifiable interest of a director” should be 
disclosed in this part. 
 
Direct or indirect interest Direct  
Nature of indirect interest 
(including registered holder) 
Note: Provide details of the circumstances giving rise to the relevant 
interest. 
 
 
Date of change 17 August 2026 
No. of securities held prior to change 8,701,680 fully paid ordinary (escrowed) 
 
22,692,115 performance rights  
Class Fully paid ordinary shares 
 
Number acquired 3,500,000 fully paid ordinary shares  
Number disposed Nil 
 
Value/Consideration 
Note: If consideration is non-cash, provide details and valuation 
 
$56,000.00 
For personal use only

Appendix 3Y 
Change of Director’s Interest Notice 
 
 
 
+ See chapter 19 for defined terms. 
 
Appendix 3Y Page 2 01/01/2011 
 
No. of securities held after change 3,500,000 fully paid ordinary shares 
 
8,701,680 fully paid ordinary (escrowed) 
 
22,692,115 performance rights  
Nature of change 
Example: on-market trade, off -market trade, exercise of options, issue of 
securities under dividend reinvestment plan, participation in buy-back 
On-market purchase  
 
Part 2 – Change of director’s interests in contracts 
 
Note: In the case of a company, interests which come within paragraph (ii) of the definition of “notifiable interest of a director”  should be 
disclosed in this part. 
 
Detail of contract N/A 
 
Nature of interest 
 
N/A 
Name of registered holder 
(if issued securities) 
 
N/A 
Date of change N/A 
No. and class of securities to which 
interest related prior to change 
Note: Details are only required for a contract in relation 
to which the interest has changed 
 
N/A 
Interest acquired N/A 
Interest disposed N/A 
Value/Consideration 
Note: If consideration is non-cash, provide details and an 
estimated valuation  
 
N/A 
Interest after change N/A 
 
Part 3 – +Closed period 
 
Were the interests in the securities or contracts detailed 
above traded during a +closed period  where prior written 
clearance was required? 
No 
If so, was prior written clearance provided to allow the trade 
to proceed during this period? 
N/A 
If prior written clearance was provided, on what date was this 
provided? 
N/A 
 
 
For personal use only",8c7c91aa707c04c1b94d4cbad84314fb8a5820a472e6c7ef297c573247da94ea,pypdf-6.16.1
354,manual_capture,328542.pdf,4102,,COMET RIDGE LIMITED,,app_3y,,2026-08-17 06:02:15+00,2026-08-19 14:06:07.876976+00,5982e464d2a4abfdc5ba8878979fdee44e02cfa38db4ae9f5a94aec50e583632,/home/user/asx-data/raw/59/82/5982e464d2a4abfdc5ba8878979fdee44e02cfa38db4ae9f5a94aec50e583632,unparsed,,,,manual_capture,,,,,pdf_creation,"Appendix 3Y 
Change of Director’s Interest Notice 
 
 
 
+ See chapter 19 for defined terms. 
 
01/01/2011 Appendix 3Y  Page 1 
 
Rule 3.19A.2 
Appendix 3Y 
 
Change of Director’s Interest Notice 
 
Information or documents not available now must be given to ASX as soon as available.  Information and 
documents given to ASX become ASX’s property and may be made public. 
Introduced 30/09/01  Amended 01/01/11 
 
Name of entity                                      COMET RIDGE LIMITED 
ABN  47 106 092 577 
 
  
We (the entity) give ASX the following information under listing rule 3.19A.2 and as agent for the 
director for the purposes of section 205G of the Corporations Act.   
 
Name of Director TOR MCCAUL 
Date of last notice 16 October 2024    
 
Part 1 - Change of director’s relevant interests in securities 
In the case of a trust, this includes interests in the trust made available by the responsible entity of the trust 
 
Note: In the case of a company, interests which come within paragraph (i) of the definition of “notifiable interest of a director” should be 
disclosed in this part. 
 
Direct or indirect interest Direct and Indirect  
Nature of indirect interest 
(including registered holder) 
Note: Provide details of the circumstances giving rise to the relevant 
interest. 
 
 
Tor Raymond McCaul  
 
Tor and Trudy McCaul Pty Ltd <TR & TJ 
MCCAUL S/F A/C> 
 
Trudy Jasmine McCaul is the spouse of the 
Director  
Date of change  13 August 2026   
No. of securities held prior to change 
Trudy J McCaul: 832,106 Ordinary shares  
 
Tor McCaul: 7,810,227 Ordinary Shares. 
 
Tor and Trudy McCaul Pty Ltd <TR & TJ 
MCCAUL S/F A/C>: 2,160,000 Ordinary 
Shares 
For personal use only

Appendix 3Y 
Change of Director’s Interest Notice 
 
 
 
+ See chapter 19 for defined terms. 
 
Appendix 3Y Page 2 01/01/2011 
 
Class Ordinary Shares  
 
Unlisted Options    
 
Number acquired. 
 673,170 Ordinary fully paid shares 
  
336,585 Unlisted Options  
 
Number disposed Nil   
Value/Consideration 
Note: If consideration is non -cash, provide details and estimated 
valuation 
 
$69,000 ($0.1025 per share) + 1 Free 
attaching Option for every 2 Shares issued 
under the Placement.    
 
 
No. of securities held after change 
Trudy J McCaul: 1,505,276 ordinary shares  
 
Trudy J McCaul: 336,585 Unlisted options  
 
Tor McCaul: 7,810,227 Ordinary Shares. 
 
Tor and Trudy McCaul Pty Ltd <TR & TJ 
MCCAUL S/F A/C>: 2,160,000 Ordinary 
Shares  
Nature of change 
Example: on-market trade, off-market trade, exercise of options, issue 
of securities under dividend reinvestment plan, participation in buy -
back 
 
Participation in the Placement announced 24 
June 2026 with shareholder approval being 
obtained 6 August 2026. 
 
 
Part 2 – Change of director’s interests in contracts N/A 
 
Note: In the case of a company, interests which come within paragraph (ii) of the definition of “notifiable interest of a director”  should be 
disclosed in this part. 
 
Detail of contract  
N/A 
Nature of interest 
 
 
 
Name of registered holder 
(if issued securities) 
 
 
Date of change  
For personal use only

Appendix 3Y 
Change of Director’s Interest Notice 
 
 
 
+ See chapter 19 for defined terms. 
 
01/01/2011 Appendix 3Y  Page 3 
 
No. and class of securities to which 
interest related prior to change 
Note: Details are only required for a contract in 
relation to which the interest has changed 
 
 
Interest acquired  
Interest disposed  
Value/Consideration 
Note: If consideration is non-cash, provide details and 
an estimated valuation  
 
 
Interest after change  
 
Part 3 – +Closed period 
 
Were the interests in the securities or contracts detailed 
above traded during a +closed period where prior written 
clearance was required? 
 
No 
If so, was prior written clearance provided to allow the 
trade to proceed during this period? Not Applicable 
If prior written clearance was provided, on what date was 
this provided? Not Applicable 
 
For personal use only",417309b6be1fdff32cb0d37ae47b7a21e785cde62294eaabe09ec8fd7a7de5a2,pypdf-6.16.1
355,manual_capture,328547.pdf,5131,,Scalare Partners Holdings Limited,,app_3y,,2026-08-17 06:16:00+00,2026-08-19 14:06:08.170913+00,ac7f3facf176b44c4dacc645db0960a587ed888d62524802a43878e340a7ecf4,/home/user/asx-data/raw/ac/7f/ac7f3facf176b44c4dacc645db0960a587ed888d62524802a43878e340a7ecf4,unparsed,,,,manual_capture,,,,,pdf_creation,"Appendix 3Y 
Change of Director’s Interest Notice 
 
 
 
+ See chapter 19 for defined terms. 
 
01/01/2011 Appendix 3Y  Page 1 
 
Rule 3.19A.2 
Appendix 3Y 
 
Change of Director’s Interest Notice 
 
Information or documents not available now must be given to ASX as soon as available.  Information and 
documents given to ASX become ASX’s property and may be made public. 
Introduced 30/09/01  Amended 01/01/11 
 
Name of entity  Scalare Partners Holdings Limited 
ABN  96 629 598 778 
 
We (the entity) give ASX the following information under listing rule 3.19A.2 and as agent for 
the director for the purposes of section 205G of the Corporations Act.   
 
Name of Director Neil Carter 
Date of last notice 9 July 2026 
 
Part 1 - Change of director’s relevant interests in securities 
In the case of a trust, this includes interests in the trust made available by the responsible entity of the trust 
 
Note: In the case of a company, interests which come within paragraph (i) of the definition of “notifiable interest of a director” should 
be disclosed in this part. 
 
Direct or indirect interest (1) Direct  
Nature of indirect interest 
(including registered holder) 
Note: Provide details of the circumstances giving rise to the 
relevant interest. 
 
N/A 
Date of change 14 August 2026 
No. of securities held prior to change (1.1) 952,228 Ordinary Fully Paid Shares 
(1.2) 20,834 Options exercisable at $0.18, 
expiring on 10 September 2027 
Class Ordinary Fully Paid Shares and Options 
Number acquired Nil 
Number disposed (1.1) 936,357 Ordinary Fully Paid Shares 
(1.2) 20,486 Options exercisable at $0.18, 
expiring on 10 September 2027 
Value/Consideration 
Note: If consideration is non -cash, provide details and 
estimated valuation 
 
Nil - Capital reconstruction - 
consolidation 
No. of securities held after change (1.1) 15,871 Ordinary Fully Paid Shares 
(1.2) 348 Options exercisable at $ 10.8 
expiring on 10 September 2027 
For personal use only

Appendix 3Y 
Change of Director’s Interest Notice 
 
 
 
+ See chapter 19 for defined terms. 
 
Appendix 3Y Page 2 01/01/2011 
 
Nature of change 
Example: on -market trade, off -market trade, exercise of 
options, issue of securities under dividend reinvestment plan, 
participation in buy-back 
Capital reconstruction – consolidation 
(no Ordinary Fully Paid Shares  and Options 
sold) 
 
Part 2 – Change of director’s interests in contracts 
 
Note: In the case of a company, interests which come within paragraph (ii) of the definition of “notifiable interest of a director”  should 
be disclosed in this part. 
 
Detail of contract N/A 
Nature of interest 
 
 
N/A 
Name of registered holder 
(if issued securities) 
 
N/A 
Date of change N/A 
No. and class of securities to which 
interest related prior to change 
Note: Details are only required for a contract in 
relation to which the interest has changed 
 
N/A 
Interest acquired N/A 
Interest disposed N/A 
Value/Consideration 
Note: If consideration is non-cash, provide details 
and an estimated valuation  
 
N/A 
Interest after change N/A 
 
Part 3 – +Closed period 
Were the interests in the securities or contracts detailed 
above traded during a +closed period where prior written 
clearance was required? 
N/A 
If so, was prior written clearance provided to allow the 
trade to proceed during this period? 
N/A 
If prior written clearance was provided, on what date was 
this provided? 
N/A 
 
For personal use only",588c8a4bad9d2ccbb21c87a6002d497c644066ceb7108ae8d20243143ee53d54,pypdf-6.16.1
356,manual_capture,328548.pdf,4102,,COMET RIDGE LIMITED,,app_3y,,2026-08-17 06:09:40+00,2026-08-19 14:06:08.431397+00,646e39c449417edaf5b12c07acd60f7bacd67ed0f6bbd44fb2e140c79679dd9f,/home/user/asx-data/raw/64/6e/646e39c449417edaf5b12c07acd60f7bacd67ed0f6bbd44fb2e140c79679dd9f,unparsed,,,,manual_capture,,,,,pdf_creation,"  
Rule 3.19A.2 
Appendix 3Y 
 
Change of Director’s Interest Notice 
 
Information or documents not available now must be given to ASX as soon as available.  Information and 
documents given to ASX become ASX’s property and may be made public. 
Introduced 30/09/01  Amended 01/01/11 
 
Name of entity                                      COMET RIDGE LIMITED 
ABN  47 106 092 577 
 
  
We (the entity) give ASX the following information under listing rule 3.19A.2 and as agent for 
the director for the purposes of section 205G of the Corporations Act.   
 
Name of Director JAMES ALLAN VINCENT MCKAY 
Date of last notice 10 December 2020  
 
Part 1 - Change of director’s relevant interests in securities 
In the case of a trust, this includes interests in the trust made available by the responsible entity of the trust 
 
Note: In the case of a company, interests which come within paragraph (i) of the definition of “notifiable interest of a director” should be 
disclosed in this part. 
 
Direct or indirect interest Indirect  
 
Nature of indirect interest 
(including registered holder) 
Note: Provide details of the circumstances giving rise to the relevant 
interest. 
 
Indirect: 
 
As Trustee and Director of Waterford Atlantic 
Pty Ltd atf The McKay Family Trust; and  
 
As Trustee and Director of McKay Super Pty 
Ltd atf The McKay Super Fund. 
 
As Trustee and Director of VOC Investment 
Pty Ltd <VOC Investment Trust> 
 
As Trustee and Director of Waterford Atlantic 
Pty Ltd atf the WS Trust  
 
 
Date of change 13 August 2026   
For personal use only

Appendix 3Y 
Change of Director’s Interest Notice 
 
 
 
+ See chapter 19 for defined terms. 
 
Appendix 3Y Page 2 01/01/2011 
 
No. of securities held prior to change  
10,673,146 ordinary shares held: Waterford 
Atlantic Pty Ltd ATF The McKay Family Trust 
 
20,253,129 ordinary shares held:McKay 
Super Fund Pty Limited ATF McKay Super 
Fund 
 
7,150,000 ordinary shares held: VOC 
Investment Pty Ltd <VOC Investment Trust> 
 
Class 
Ordinary fully paid shares 
Unlisted Options  
 
Number acquired 673,170 Ordinary fully paid shares  
336,585 Unlisted Options  
 
Number disposed  Nil   
Value/Consideration 
Note: If consideration is non -cash, provide details and estimated 
valuation 
 
$69,000 ($0.1025 per share) + 1 Free 
attaching Option for every 2 Shares issued 
under the Placement.    
No. of securities held after change  
10,673,146 ordinary shares held: Waterford 
Atlantic Pty Ltd ATF The McKay Family Trust 
 
20,253,129 ordinary shares held: McKay 
Super Fund Pty Limited ATF McKay Super 
Fund 
 
7,150,000 ordinary shares held: VOC 
Investment Pty Ltd <VOC Investment Trust> 
 
673,170 ordinary shares held: Waterfrod 
Atlantic Pty Ltd atf the WS Trust  
 
336,585 Unlisted Options held: Waterford 
Atlantic Pty Ltd atf WS Trust  
 
 
 
  
Nature of change 
Example: on-market trade, off-market trade, exercise of options, issue 
of securities under dividend reinvestment plan, participation in buy -
back 
 
Participation in the Placement announced 24 
June 2026 with shareholder approval being 
obtained 6 August 2026. 
 
Part 2 – Change of director’s interests in contracts N/A 
 
Note: In the case of a company, interests which come within paragraph (ii) of the definition of “notifiable interest of a director”  should be 
disclosed in this part. 
 
Detail of contract  
N/A 
For personal use only

Appendix 3Y 
Change of Director’s Interest Notice 
 
 
 
+ See chapter 19 for defined terms. 
 
01/01/2011 Appendix 3Y  Page 3 
 
Nature of interest 
 
 
 
Name of registered holder 
(if issued securities) 
 
 
Date of change  
No. and class of securities to which 
interest related prior to change 
Note: Details are only required for a contract in 
relation to which the interest has changed 
 
 
Interest acquired  
Interest disposed  
Value/Consideration 
Note: If consideration is non -cash, provide details 
and an estimated valuation  
 
 
Interest after change  
 
Part 3 – +Closed period 
 
Were the interests in the securities or contracts detailed 
above traded during a +closed period where prior written 
clearance was required? 
 
No 
If so, was prior written clearance provided to allow the 
trade to proceed during this period? N/A 
If prior written clearance was provided, on what date was 
this provided? N/A 
 
For personal use only",3577a6d2bbeb8aaa8fa49516e066be5ff02acca4343c9e8be49fa775f45ca0ae,pypdf-6.16.1
357,manual_capture,328554.pdf,4102,,Comet Ridge Limited,,app_3y,,2026-08-17 06:21:17+00,2026-08-19 14:06:08.664819+00,bda1f394c44e9024e914a201d4eccac9b806c12573b90e4d51f75ee9ad5bcdcd,/home/user/asx-data/raw/bd/a1/bda1f394c44e9024e914a201d4eccac9b806c12573b90e4d51f75ee9ad5bcdcd,unparsed,,,,manual_capture,,,,,pdf_creation,"Appendix 3Y 
Change of Director’s Interest Notice 
 
 
 
+ See chapter 19 for defined terms. 
 
01/01/2011 Appendix 3Y  Page 1 
 
Rule 3.19A.2 
Appendix 3Y 
 
Change of Director’s Interest Notice 
 
Information or documents not available now must be given to ASX as soon as available.  Information and 
documents given to ASX become ASX’s property and may be made public. 
Introduced 30/09/01 Amended 01/01/11 
 
Name of Entity                           Comet Ridge Limited  
ABN                                                47 106 092 577 
 
We (the entity) give ASX the following information under listing rule 3.19A.2 and as agent for the 
director for the purposes of section 205G of the Corporations Act.   
 
Name of Director James Martin Riley  
Date of last notice 10 December 2020  
 
Part 1 - Change of director’s relevant interests in securities 
In the case of a trust, this includes interests in the trust made available by the responsible entity of the trust 
 
Note: In the case of a company, interests which come within paragraph (i) of the definition of “notifiable interest of a director” should be 
disclosed in this part. 
 
Direct or indirect interest Direct  
Nature of indirect interest 
(including registered holder) 
Note: Provide details of the circumstances giving rise to the relevant 
interest. 
 
 
James Martin Riley 
Date of change 13 August 2026   
No. of securities held prior to change 850,895 Ordinary fully paid shares  
Class  
Ordinary Fully Paid Shares  
Unlisted Options  
 
Number acquired  
321,951 Ordinary fully paid shares 
160,975 Unlisted Options  
Number disposed Nil  
Value/Consideration 
Note: If consideration is non -cash, provide details and estimated 
valuation 
 
$33,000.00 ( $0.1025 per share ) + 1 Free 
attaching Option for every 2 Shares issued 
under the Placement.    
 
For personal use only

Appendix 3Y 
Change of Director’s Interest Notice 
 
 
 
+ See chapter 19 for defined terms. 
 
Appendix 3Y Page 2 01/01/2011 
 
No. of securities held after change  
1,172,846 Ordinary fully paid shares 
160,975 Unlisted Options  
Nature of change 
Example: on-market trade, off-market trade, exercise of options, issue 
of securities under dividend reinvestment plan, participation in buy -
back 
 
Participation in the Placement announced 
24 June 2026  with shareholder approval  
being obtained 6 August 2026. 
 
 
Part 2 – Change of director’s interests in contracts 
 
Note: In the case of a company, interests which come within paragraph (ii) of the definition of “notifiable interest of a director”  should be 
disclosed in this part. 
 
Detail of contract Not Applicable  
Nature of interest 
 
 
 
Name of registered holder 
(if issued securities) 
 
 
Date of change  
No. and class of securities to which 
interest related prior to change 
Note: Details are only required for a contract in 
relation to which the interest has changed 
 
 
Interest acquired  
Interest disposed  
Value/Consideration 
Note: If consideration is non-cash, provide details and 
an estimated valuation  
 
 
Interest after change  
 
Part 3 – +Closed period 
 
Were the interests in the securities or contracts detailed 
above traded during a +closed period where prior written 
clearance was required? 
No  
If so, was prior written clearance provided to allow the 
trade to proceed during this period? 
Not Applicable  
If prior written clearance was provided, on what date was 
this provided? 
Not Applicable  
 
 
For personal use only",60b01dec7030d8afd5a4506948aea589f28562f85e17f20f14b3e8f9ff613fda,pypdf-6.16.1
358,manual_capture,328561.pdf,5131,,Scalare Partners Holdings Limited,,app_3y,,2026-08-16 23:38:22+00,2026-08-19 14:06:09.076383+00,2d0a3e3372ab2b2c011325147135eec30bbca171731b6859406c9b0ac2923d59,/home/user/asx-data/raw/2d/0a/2d0a3e3372ab2b2c011325147135eec30bbca171731b6859406c9b0ac2923d59,unparsed,,,,manual_capture,,,,,pdf_creation," 
 
 
 
Scalare Partners Holdings Limited 
ABN 96 629 598 778 
 
 1 
17 August 2026                                         ASX ANNOUNCEMENT 
  
The Manager 
ASX Limited  
39 Martin Place  
Sydney NSW 2000  
 
 
 
Appendix 3Y – Change of Director’s Interest Notice 
 
Scalare Partners Holdings Limited (ASX: SCP) (the ‘Company’) advises that  it has  identified an 
omission in an earlier Appendix 3Y – Change of Director’s Interest Notice relating to a change that 
occurred on 12 March 2026 . The omission  was identified while consulting with the relevant  
director in connection with  the prepar ation and lodgement of an Appendix 3Y relating to the 
recent capital r econstruction and consolidation. The Company inadvertently failed to lodge an 
Appendix 3Y for the on-market acquisition of 6,100 ordinary fully paid shares in the Company. 
 
The Company considers that it has appropriate policies and procedures in place to support 
compliance with its disclosure obligations under ASX Listing Rules 3.19A and 3.19B. Directors will 
be reminded of their responsibilities and obligations under the Listing Rules at the next Board 
meeting. 
 
Please find enclosed the Appendix 3Y for Mr Bourne.  
 
ENDS 
This announcement has been authorised for release by the Company Secretary 
 
For more information, please contact: 
Carolyn Breeze       
Chief Executive Officer      
Scalare Partners Holdings Limited    
+61 408 606 046       
carolyn.breeze@scalarepartners.com    
 
 
About Scalare Partners 
Scalare Partners Holdings Limited ( ASX: SCP ) exists to empower visionary technology founders to 
transform their ideas into the great businesses of tomorrow.  As a dynamic force in the tech startup 
landscape, we offer a range of products and services to support all founders as they scale their early-
stage businesses. 
 
For personal use only

 
 
 
 
Scalare Partners Holdings Limited 
ABN 96 629 598 778 
 
 2 
We are deeply involved in the broader technology ecosystem, driving change through impactful 
initiatives such as the Tech Ready Women  and the Australian Technologies Competition where we 
partner with government and corporates to support and promote the most promising technology 
businesses and founders. Our focus extends to working with female and culturally diverse founders, 
addressing the unique challenges they encounter in fundraising and scaling their businesses. This 
engagement not only enriches the tech landscape but also creates lucrative revenue and investment 
opportunities for Scalare Partners. 
 
At the heart of our business model is the provision of products and services and expert advice tailored 
to the specific needs of early -stage businesses. We also provide direct investment into selected 
outstanding businesses and with a current emphasis on t he Australian and USA technology sectors, 
we are building a portfolio spanning across diverse geographies, including Australia, USA, New 
Zealand, Singapore, UK, and Europe. Scalare Partners is not just an investor; we are architects of 
growth, collaborators in innovation, and catalysts for positive change in the technology landscape. 
 
For more information visit: www.scalarepartners.com  
For personal use only

Appendix 3Y 
Change of Director’s Interest Notice 
 
 
 
+ See chapter 19 for defined terms. 
 
01/01/2011 Appendix 3Y  Page 1 
 
Rule 3.19A.2 
Appendix 3Y 
 
Change of Director’s Interest Notice 
 
Information or documents not available now must be given to ASX as soon as available.  Information and 
documents given to ASX become ASX’s property and may be made public. 
Introduced 30/09/01  Amended 01/01/11 
 
Name of entity  Scalare Partners Holdings Limited 
ABN  96 629 598 778 
 
We (the entity) give ASX the following information under listing rule 3.19A.2 and as agent for 
the director for the purposes of section 205G of the Corporations Act.   
 
Name of Director Giles Bourne 
Date of last notice 16 July 2026 
 
Part 1 - Change of director’s relevant interests in securities 
In the case of a trust, this includes interests in the trust made available by the responsible entity of the trust 
 
Note: In the case of a company, interests which come within paragraph (i ) of the definition of “notifiable interest of a director” should 
be disclosed in this part. 
 
Direct or indirect interest (1) Direct (GBJR Super Fund Pty Limited) 
(2) Indirect 
Nature of indirect interest 
(including registered holder) 
Note: Provide details of the circumstances giving rise to the 
relevant interest. 
 
(2) Chalke Valley Pty Ltd (Beneficiary) 
Date of change 12 March 2026  
14 August 2026 
 No. of securities held prior to change (1) 550,938 Ordinary Fully Paid Shares 
(2) 11,479,067 Ordinary Fully Paid Shares 
Class Ordinary Fully Paid Shares 
Number acquired (1) 6,100 (12 March 2026) 
Number disposed (1) 547,754 Ordinary Fully Paid Shares 
(2) 11,287,748 Ordinary Fully Paid Shares 
(14 August 2026) 
Value/Consideration 
Note: If consideration is non -cash, provide details and 
estimated valuation 
 
Acquired 6,100 Ordinary Fully Paid Shares 
at $0.0800 per Ordinary Fully Paid Shares. 
 
Disposal related to  capital reconstruction – 
consolidation. 
For personal use only

Appendix 3Y 
Change of Director’s Interest Notice 
 
 
 
+ See chapter 19 for defined terms. 
 
Appendix 3Y Page 2 01/01/2011 
 
No. of securities held after change (1) 9,284 Ordinary Fully Paid Shares 
(2) 191,319 Ordinary Fully Paid Shares 
Nature of change 
Example: on -market trade, off -market trade, exercise of 
options, issue of securities under dividend reinvestment plan, 
participation in buy-back 
Acquired on market.  
 
Disposal re lated to c apital reconstruction – 
consolidation (no Ordinary Fully Paid Shares 
sold) 
 
Part 2 – Change of director’s interests in contracts 
 
Note: In the case of a company, interests which come within paragraph (ii) of the definition of “notifiable interest of a director”  should 
be disclosed in this part. 
 
Detail of contract N/A 
Nature of interest 
 
 
N/A 
Name of registered holder 
(if issued securities) 
 
N/A 
Date of change N/A 
No. and class of securities to which 
interest related prior to change 
Note: Details are only required for a contract in 
relation to which the interest has changed 
 
N/A 
Interest acquired N/A 
Interest disposed N/A 
Value/Consideration 
Note: If consideration is non-cash, provide details 
and an estimated valuation  
 
N/A 
Interest after change N/A 
 
Part 3 – +Closed period 
Were the interests in the securities or contracts detailed 
above traded during a +closed period where prior written 
clearance was required? 
N/A 
If so, was prior written clearance provided to allow the 
trade to proceed during this period? 
N/A 
If prior written clearance was provided, on what date was 
this provided? 
N/A 
 
For personal use only",1a977ab7f2b379a364215b79b240471b48ab261d01285cd700ddb24920e59281,pypdf-6.16.1
369,manual_capture,327604.pdf,,,Aura,,app_3y,,2026-08-13 14:23:27+00,2026-08-19 14:09:07.910328+00,1675bb6bd5f2cf7599dc979958698e1b558d79ab086548a2992ddaa0ee54406c,/home/user/asx-data/raw/16/75/1675bb6bd5f2cf7599dc979958698e1b558d79ab086548a2992ddaa0ee54406c,unparsed,,,,manual_capture,,,,,pdf_creation,"Appendix  3Y  Change  of  Director’s  Interest  Notice   
 
Rule
 
3.19A.2
 
Appendix  3Y   Change  of  Director’s  Interest  Notice   Information  or  documents  not  available  now  must  be  given  to  ASX  as  soon  as  available.   Information  and  
documents
 
given
 
to
 
ASX
 
become
 
ASX’s
 
property
 
and
 
may
 
be
 
made
 
public.
 
Introduced  30/09/01   Amended  01/01/11   
Name  of  entity                            Aura  Consolidated  Group,  Inc.  
ABN                                             695  488  843  
 
We  (the  entity)  give  ASX  the  following  information  under  listing  rule  3.19A.2  and  as  agent  for  the  
director
 
for
 
the
 
purposes
 
of
 
section
 
205G
 
of
 
the
 
Corporations
 
Act.
  
  Name  of  Director  Peter  Pawlowitsch  
Date  of  last  notice  23  July  2026  
 
Part
 
1
 
-
 
Change
 
of
 
director’s
 
relevant
 
interests
 
in
 
securities
 In  the  case  of  a  trust,  this  includes  interests  in  the  trust  made  available  by  the  responsible  entity  of  the  trust   Note:  In  the  case  of  a  company,  interests  which  come  within  paragraph  (i)  of  the  definition  of  “notifiable  interest  of  a  director”  should  be  
disclosed
 
in
 
this
 
part.
 
 Direct  or  indirect  interest  Indirect  
Nature  of  indirect  interest  (including  registered  holder)  Note:  Provide  details  of  the  circumstances  giving  rise  to  the  relevant  interest.   
Mosch  Pty  Ltd   (Director  and  shareholder)   Vault  (WA)  Pty  Ltd   (Beneficiary)   Haven  Super  Pty  Ltd  <Haven  Super  Fund  A/C>  (Director  and  beneficiary)   Date  of  change  13  August  2026  
No.  of  securities  held  prior  to  change  Mosch  Pty  Ltd   446,837  AXQ  Chess  Depositary  Interests  (CDIs)   Vault  (WA)  Pty  Ltd  <Vault  A/C>  346,319  CDIs   Haven  Super  Pty  Ltd  <Haven  Super  Fund  A/C>  57,745  CDIs   Class  Chess  Depositary  Interests  1:1    
 +  See  chapter  19  for  defined  terms.   01/01/2011  Appendix  3Y   Page  1   
For personal use only

Appendix  3Y  Change  of  Director’s  Interest  Notice   
 Number  acquired  32,255   Number  disposed  n/a   Value/Consideration  Note:  If  consideration  is  non-cash,  provide  details  and  estimated  valuation   
A$98,055.20  being  A$3.04  per  CDI.  
No.  of  securities  held  after  change  Mosch  Pty  Ltd   446,837  AXQ  Chess  Depositary  Interests  (CDIs)   Vault  (WA)  Pty  Ltd  <Vault  A/C>  346,319  CDIs   Haven  Super  Pty  Ltd  <Haven  Super  Fund  A/C>  90,000  CDIs   
Nature  of  change  Example:  on-market  trade,  off-market  trade,  exercise  of  options,  issue  of  securities  under  dividend  reinvestment  plan,  participation  in  buy-back  
 On-market  trade.  
 Part  2  –  Change  of  director’s  interests  in  contracts   Note:  In  the  case  of  a  company,  interests  which  come  within  paragraph  (ii)  of  the  definition  of  “notifiable  interest  of  a  director”  should  be  
disclosed
 
in
 
this
 
part.
 
 Detail  of  contract  N/A  
Nature  of  interest    
N/A  
Name  of  registered  holder  (if  issued  securities)   
N/A  
Date  of  change  N/A  No.  and  class  of  securities  to  which  interest  related  prior  to  change  Note:  Details  are  only  required  for  a  contract  in  relation  to  which  the  interest  has  changed   
N/A  
Interest  acquired  N/A  
Interest  disposed  N/A  
Value/Consideration  Note:  If  consideration  is  non-cash,  provide  details  and  an  estimated  valuation    
N/A  
 +  See  chapter  19  for  defined  terms.   Appendix  3Y  Page  2  01/01/2011   
For personal use only

Appendix  3Y  Change  of  Director’s  Interest  Notice   
 Interest  after  change  N/A   Part  3  –  + Closed  period   Were  the  interests  in  the  securities  or  contracts  detailed  above  traded  during  a  + closed  period  where  prior  written  clearance  was  required?  
No  
If  so,  was  prior  written  clearance  provided  to  allow  the  trade  to  proceed  during  this  period?  
N/A  
If  prior  written  clearance  was  provided,  on  what  date  was  this  provided?  
N/A  
 
 +  See  chapter  19  for  defined  terms.   01/01/2011  Appendix  3Y   Page  3   
For personal use only",5b5aaaa32558116e234b10af87f7c613d5aa1839ea058cb8b687770b14d66efe,pypdf-6.16.1
370,manual_capture,327613.pdf,3781,,ALS Limited (Company),,app_3y,,2026-08-13 11:23:11+00,2026-08-19 14:09:08.161308+00,40cac9c140cbac51a0e13a65ffbdbb1019363c113346cb564dd802b24f947bfe,/home/user/asx-data/raw/40/ca/40cac9c140cbac51a0e13a65ffbdbb1019363c113346cb564dd802b24f947bfe,unparsed,,,,manual_capture,,,,,pdf_creation,"Appendix 3Y 
Change of Director’s Interest Notice 
 
 
 
+ See chapter 19 for defined terms. 
 
01/01/2011 Appendix 3Y  Page 1 
 
Rule 3.19A.2 
Appendix 3Y 
 
Change of Director’s Interest Notice 
 
Information or documents not available now must be given to ASX as soon as available.  Information and 
documents given to ASX become ASX’s property and may be made public. 
Introduced 30/09/01  Amended 01/01/11 
 
Name of entity ALS Limited (Company) 
ABN  92 009 657 489 
 
We (the entity) give ASX the following information under listing rule 3.19A.2 and as agent for 
the director for the purposes of section 205G of the Corporations Act.   
 
Name of Director Nigel Garrard 
Date of last notice 20 August 2025 
 
Part 1 - Change of director’s relevant interests in securities 
In the case of a trust, this includes interests in the trust made available by the responsible entity of the trust 
 
Note: In the case of a company, interests which come within paragraph (i) of the definition of “notifiable interest of a director” should 
be disclosed in this part. 
 
Direct or indirect interest Indirect 
Nature of indirect interest 
(including registered holder) 
Note: Provide details of the circumstances giving rise to the relevant 
interest. 
 
Ability to influence sale –  
 
Kaben Nominees Pty Ltd as trustee for the 
Garrard Family Trust 
 
Garrard Family Super Fund Pty Ltd as trustee 
for Garrard Family Superannuation Fund 
 
Garrard Investments Pty Ltd 
 
Date of change 12 August 2026 
No. of securities held prior to change 15,356 ordinary shares – Garrard Family 
Super Fund Pty Ltd as trustee for Garrard 
Family Superannuation Fund  
 
7,700 ordinary shares – Garrard Investments 
Pty Ltd 
 
8,490 ordinary shares – Kaben Nominees Pty 
Ltd as trustee for the Garrard Family Trust 
 
Class Ordinary Shares 
For personal use only

Appendix 3Y 
Change of Director’s Interest Notice 
 
 
 
+ See chapter 19 for defined terms. 
 
Appendix 3Y Page 2 01/01/2011 
 
Number acquired 2,454 
Number disposed Nil    
Value/Consideration 
Note: If consideration is non- cash, provide details and estimated 
valuation 
 
$57,178.20 (2,454 at 23.3000) 
No. of securities held after change 15,356 ordinary shares – Garrard Family 
Super Fund Pty td as trustee for Garrard 
Family Superannuation Fund  
 
7,700 ordinary shares – Garrard Investments 
Pty Ltd 
 
10,944 ordinary shares – Kaben Nominees 
Pty Ltd as trustee for the Garrard Family 
Trust 
Nature of change 
Example: on-market trade, off-market trade, exercise of options, issue 
of securities under dividend reinvestment plan, participation in buy -
back 
On market trade 
 
Part 2 – Change of director’s interests in contracts 
 
Note: In the case of a company, interests which come within paragraph (ii) of the definition of “notifiable interest of a director”  should 
be disclosed in this part. 
 
Detail of contract N/A 
Nature of interest 
 
 
N/A 
Name of registered holder 
(if issued securities) 
 
N/A 
Date of change N/A 
No. and class of securities to which 
interest related prior to change 
Note: Details are only required for a contract in 
relation to which the interest has changed 
 
N/A 
Interest acquired N/A 
Interest disposed N/A 
For personal use only

Appendix 3Y 
Change of Director’s Interest Notice 
 
 
 
+ See chapter 19 for defined terms. 
 
01/01/2011 Appendix 3Y  Page 3 
 
Value/Consideration 
Note: If consideration is non- cash, provide details 
and an estimated valuation  
 
N/A 
Interest after change N/A 
 
 
Part 3 – +Closed period 
 
Were the interests in the securities or contracts detailed 
above traded during a +closed period where prior written 
clearance was required? 
No 
If so, was prior written clearance provided to allow the 
trade to proceed during this period? 
N/A 
If prior written clearance was provided, on what date was 
this provided? 
N/A 
 
 
 
For personal use only",3907fdf1afe0e7c8fbeadfedeb961c21cc479b2c6d834a34182523a08b4bf9ec,pypdf-6.16.1
371,manual_capture,327657.pdf,4663,,Litchfield Minerals Limited,,app_3y,,2026-08-13 21:31:39+00,2026-08-19 14:09:08.420237+00,bd6928c77fc20176f6a4c8ca723c5c9fed484190ca65e27e762628edefe8f4da,/home/user/asx-data/raw/bd/69/bd6928c77fc20176f6a4c8ca723c5c9fed484190ca65e27e762628edefe8f4da,unparsed,,,,manual_capture,,,,,pdf_creation,"Appendix 3Y 
Change of Director’s Interest Notice 
 
 
 
+ See chapter 19 for defined terms. 
 
01/01/2011 Appendix 3Y  Page 1 
 
Rule 3.19A.2 
Appendix 3Y 
 
Change of Director’s Interest Notice 
 
Information or documents not available now must be given to ASX as soon as available.  Information and 
documents given to ASX become ASX’s property and may be made public. 
Introduced 30/09/01  Amended 01/01/11 
 
Name of entity                        Litchfield Minerals Limited 
ABN                                            33 612 660 429 
 
We (the entity) give ASX the following information under listing rule 3.19A.2 and as agent for 
the director for the purposes of section 205G of the Corporations Act.   
 
Name of Director Matthew Pustahya 
Date of last notice 7 November 2025 
 
Part 1 - Change of director’s relevant interests in securities 
In the case of a trust, this includes interests in the trust made available by the responsible entity of the trust 
 
Note: In the case of a company, interests which come within paragraph (i ) of the definition of “notifiable interest of a director” should 
be disclosed in this part. 
 
Direct or indirect interest Indirect 
Nature of indirect interest 
(including registered holder) 
Note: Provide details of the circumstances giving rise to the relevant 
interest. 
 
C21 Investments Pty Ltd 
(Director is a director and controller) 
Brokerage Direct Pty Ltd 
(Director is a director and controller) 
Date of change 13 August 2026 
For personal use only

Appendix 3Y 
Change of Director’s Interest Notice 
 
 
 
+ See chapter 19 for defined terms. 
 
Appendix 3Y Page 2 01/01/2011 
 
No. of securities held prior to change 
 
C21 Investments Pty Ltd 
 
 
 
 
 
BrokerageDirect Pty Ltd 
 
 
 
5,632,000 – fully paid ordinary shares 
1,408,000 – unlisted options exercisable at 
$0.30 on or before 25/10/2026 
 
 
350,000 – fully paid ordinary shares  
250,000 – unlisted options exercisable at 
$0.30 on or before 28/02/2027 
250,000 – unlisted options exercisable at 
$0.35 on or before 28/02/2027 
200,000 – unlisted options exercisable at 
$0.10 on or before 31/08/2027 
 
250,000 – Performance rights – Class A 
500,000 – Performance rights – Class B 
1,000,000 – Performance rights – Class C 
Class Ordinary shares  
Number acquired 
Brokerage Direct Pty Ltd 
 
 
50,000 ordinary shares 
Number disposed 
Brokerage Direct Pty Ltd 
 
 
 
- 
Value/Consideration 
Note: If consideration is non -cash, provide details and estimated 
valuation 
 
$0.195 per share 
No. of securities held after change 
C21 Investments Pty Ltd 
 
 
 
 
Brokerage Direct Pty Ltd 
 
 
5,632,000 – fully paid ordinary shares  
1,408,000 – unlisted options exercisable at 
$0.30 on or before 25/10/2026 
 
 
400,000 – fully paid ordinary shares  
250,000 – unlisted options exercisable at 
$0.30 on or before 28/02/2027 
250,000 – unlisted options exercisable at 
$0.35 on or before 28/02/2027 
200,000 – unlisted options exercisable at 
$0.10 on or before 31/08/2027 
 
250,000 – Performance rights – Class A 
500,000 – Performance rights – Class B 
1,000,000 – Performance rights – Class C  
For personal use only

Appendix 3Y 
Change of Director’s Interest Notice 
 
 
 
+ See chapter 19 for defined terms. 
 
01/01/2011 Appendix 3Y  Page 3 
 
Nature of change 
Example: on -market trade, off -market trade, exercise of options, 
issue of securities under dividend reinvestment plan, participation in 
buy-back 
Placement with attaching options  
approved at a General Meeting 
 
Part 2 – Change of director’s interests in contracts 
 
Note: In the case of a company, interests which come within paragraph (ii) of the definition of “notifiable interest of a director”  should 
be disclosed in this part. 
 
Detail of contract  
Nature of interest 
 
 
 
Name of registered holder 
(if issued securities) 
 
 
Date of change  
No. and class of securities to which 
interest related prior to change 
Note: Details are only required for a contract in 
relation to which the interest has changed 
 
 
Interest acquired  
Interest disposed  
Value/Consideration 
Note: If consideration is non -cash, provide details 
and an estimated valuation  
 
 
Interest after change  
 
Part 3 – +Closed period 
 
Were the interests in the securities or contracts detailed 
above traded during a +closed period  where prior written 
clearance was required? 
No 
If so, was prior written clearance provided to allow the trade 
to proceed during this period? 
 
If prior written clearance was provided, on what date was this 
provided? 
 
 
 
 
For personal use only",2ccf64b0f72224c84d41ccbedf3972c8335c2a8c0daecd869ac8060558af4e20,pypdf-6.16.1
372,manual_capture,327718.pdf,4072,,Collins Foods Limited,,app_3y,,2026-08-13 23:24:09+00,2026-08-19 14:09:08.603927+00,48021c733c74900584f4fa520dec406a26a13037c5de065b258b7de42a395b82,/home/user/asx-data/raw/48/02/48021c733c74900584f4fa520dec406a26a13037c5de065b258b7de42a395b82,unparsed,,,,manual_capture,,,,,pdf_creation,"Appendix 3Y 
Change of Director’s Interest Notice 
 
 
 
+ See chapter 19 for defined terms. 
 
01/01/2011 Appendix 3Y  Page 1 
 
Rule 3.19A.2 
Appendix 3Y 
 
Change of Director’s Interest Notice 
 
Information or documents not available now must be given to ASX as soon as available.  Information and 
documents given to ASX become ASX’s property and may be made public. 
Introduced 30/09/01  Amended 01/01/11 
 
Name of entity Collins Foods Limited 
ABN 13 151 420 781 
 
We (the entity) give ASX the following information under listing rule 3.19A.2 and as agent for the 
director for the purposes of section 205G of the Corporations Act.   
 
Name of Director Mark John Hawthorne 
Date of last notice 3 July 2026 
 
Part 1 - Change of director’s relevant interests in securities 
In the case of a trust, this includes interests in the trust made available by the responsible entity of the trust 
 
Note: In the case of a company, interests which come within paragraph (i) of the definition of “notifiable interest of a director” should be 
disclosed in this part. 
 
Direct or indirect interest Direct 
Nature of indirect interest 
(including registered holder) 
Note: Provide details of the circumstances giving rise to 
the relevant interest. 
Not applicable 
Date of change 11 August 2026 
No. of securities held prior to change Mark John Hawthorne: 30,000 
Horry Family Pty Ltd <Horry Family A/C>: 13,000 
Class Ordinary fully paid shares 
Number acquired Mark John Hawthorne: 568 
Horry Family Pty Ltd <Horry Family A/C>: 246 
Number disposed Nil 
Value/Consideration 
Note: If consideration is non-cash, provide details and 
estimated valuation 
$7.91 per security 
Total: $6,438.74 
No. of securities held after change Mark John Hawthorne: 30,568 
Horry Family Pty Ltd <Horry Family A/C>: 13,246 
Nature of change 
Example: on-market trade, off-market trade, exercise of 
options, issue of securities under dividend reinvestment 
plan, participation in buy-back 
Issue of securities under Dividend Reinvestment Plan 
For personal use only

Appendix 3Y 
Change of Director’s Interest Notice 
 
 
 
+ See chapter 19 for defined terms. 
 
Appendix 3Y Page 2 01/01/2011 
 
 
 
Part 2 – Change of director’s interests in contracts 
 
Note: In the case of a company, interests which come within paragraph (ii) of the definition of “notifiable interest of a director”  should be 
disclosed in this part. 
 
Detail of contract Not applicable 
Nature of interest  
Name of registered holder 
(if issued securities)  
Date of change  
No. and class of securities to which 
interest related prior to change 
Note: Details are only required for a contract in relation 
to which the interest has changed 
 
Interest acquired  
Interest disposed  
Value/Consideration 
Note: If consideration is non-cash, provide details and an 
estimated valuation  
 
Interest after change  
 
Part 3 – +Closed period 
 
Were the interests in the securities or contracts detailed 
above traded during a +closed period where prior written 
clearance was required? 
No 
If so, was prior written clearance provided to allow the trade 
to proceed during this period? Not applicable 
If prior written clearance was provided, on what date was 
this provided? Not applicable 
 
 
 
For personal use only",72e3c3935b258097486b8b8469d1838eb6fa034b3bb4d3d389f55d5640a4f789,pypdf-6.16.1
373,manual_capture,327722.pdf,4072,,Collins Foods Limited,,app_3y,,2026-08-13 23:32:08+00,2026-08-19 14:09:08.903693+00,67fb16fbebd6d206eace57800886ffb8bbd9107851366fcfecdf948cfbaa16fe,/home/user/asx-data/raw/67/fb/67fb16fbebd6d206eace57800886ffb8bbd9107851366fcfecdf948cfbaa16fe,unparsed,,,,manual_capture,,,,,pdf_creation,"Appendix 3Y 
Change of Director’s Interest Notice 
 
 
 
+ See chapter 19 for defined terms. 
 
01/01/2011 Appendix 3Y  Page 1 
 
Rule 3.19A.2 
Appendix 3Y 
 
Change of Director’s Interest Notice 
 
Information or documents not available now must be given to ASX as soon as available.  Information and 
documents given to ASX become ASX’s property and may be made public. 
Introduced 30/09/01  Amended 01/01/11 
 
Name of entity Collins Foods Limited 
ABN 13 151 420 781 
 
We (the entity) give ASX the following information under listing rule 3.19A.2 and as agent for the 
director for the purposes of section 205G of the Corporations Act.   
 
Name of Director Christine Francis Holman 
Date of last notice 6 January 2026 
 
Part 1 - Change of director’s relevant interests in securities 
In the case of a trust, this includes interests in the trust made available by the responsible entity of the trust  
 
Note: In the case of a company, interests which come within paragraph (i) of the definition of “notifiable interest of a director” should be 
disclosed in this part. 
 
Direct or indirect interest Indirect 
Nature of indirect interest 
(including registered holder) 
Note: Provide details of the circumstances giving rise to the relevant 
interest. 
Holman Investment Group P/L 
<The Holman Superfund A/C> 
Christine Holman is a beneficiary 
Date of change 11 August 2026 
No. of securities held prior to change 27,724 
Class Ordinary fully paid shares 
Number acquired 526 
Number disposed Nil 
Value/Consideration 
Note: If consideration is non-cash, provide details and estimated valuation 
$7.91 per security 
Total $4,160.66 
No. of securities held after change 28,250 
Nature of change 
Example: on-market trade, off-market trade, exercise of options, issue of 
securities under dividend reinvestment plan, participation in buy-back 
Issue of securities under Dividend 
Reinvestment Plan 
 
For personal use only

Appendix 3Y 
Change of Director’s Interest Notice 
 
 
 
+ See chapter 19 for defined terms. 
 
Appendix 3Y Page 2 01/01/2011 
 
Part 2 – Change of director’s interests in contracts 
 
Note: In the case of a company, interests which come within paragraph (ii) of the definition of “notifiable interest of a director” should be 
disclosed in this part. 
 
Detail of contract Not applicable 
Nature of interest  
Name of registered holder 
(if issued securities)  
Date of change  
No. and class of securities to which 
interest related prior to change 
Note: Details are only required for a contract in relation 
to which the interest has changed 
 
 
Interest acquired  
Interest disposed  
Value/Consideration 
Note: If consideration is non-cash, provide details and an 
estimated valuation  
 
 
Interest after change  
 
Part 3 – +Closed period 
 
Were the interests in the securities or contracts detailed 
above traded during a +closed period where prior written 
clearance was required? 
No 
If so, was prior written clearance provided to allow the trade 
to proceed during this period? Not applicable 
If prior written clearance was provided, on what date was 
this provided? Not applicable 
 
 
 
For personal use only",114b3c4249251dec9cc436166d3ff15d4aedb30f53599a2d21fd117f1f90fb7e,pypdf-6.16.1
374,manual_capture,327725.pdf,4345,,FMR Resources Ltd,,app_3y,,2026-08-13 22:35:53+00,2026-08-19 14:09:09.361922+00,bc246efb5dae4ba23efacadae20d158787ea5c665170027b506eca33528660dc,/home/user/asx-data/raw/bc/24/bc246efb5dae4ba23efacadae20d158787ea5c665170027b506eca33528660dc,unparsed,,,,manual_capture,,,,,pdf_creation,"Appendix 3Y 
Change of Director’s Interest Notice 
 
 
 
+ See chapter 19 for defined terms. 
 
01/01/2011 Appendix 3Y  Page 1 
 
Rule 3.19A.2 
Appendix 3Y 
 
Change of Director’s Interest Notice 
 
Information or documents not available now must be given to ASX as soon as available.  Information and 
documents given to ASX become ASX’s property and may be made public. 
Introduced 30/09/01  Amended 01/01/11 
 
Name of entity FMR Resources Ltd 
ACN   107 371 497 
 
We (the entity) give ASX the following information under listing rule 3.19A.2 and as agent for 
the director for the purposes of section 205G of the Corporations Act.   
 
Name of Director Patrick Burke  
Date of last notice 4 August 2025 
 
Part 1 - Change of director’s relevant interests in securities 
 
In the case of a trust, this includes interests in the trust made available by the responsible entity of the trust 
 
Note: In the case of a company, interests which come within paragraph (i) of the definition of “notifiable interest of a director” should 
be disclosed in this part. 
 
Direct or indirect interest Indirect 
Nature of indirect interest 
(including registered holder) 
Note: Provide details of the circumstances 
giving rise to the relevant interest. 
Rowan Hall Pty Ltd ATF Rowan Hall Investment Trust (Potential Beneficiary)  
Rowan Hall Pty Ltd ATF Rowan Hall Trading Trust (Potential Beneficiary)  
Date of change (a) 14 August 2026 
(b) and (c) 12 August 2026 
No. of securities held prior to 
change 
Rowan Hall Pty Ltd ATF Rowan Hall Investment Trust 
1,500,000 Options exercisable at $0.25 each and expiring 4 August 2029 
Class (a) Fully Paid Ordinary Shares 
(b) Class I Performance Rights expiring 12 August 2031 
(c) Class J Performance Rights expiring 12 August 2031 
Number acquired (a) 150,000 
(b) 250,000 
(c) 250,000 
Number disposed Nil 
For personal use only

Appendix 3Y 
Change of Director’s Interest Notice 
 
 
 
+ See chapter 19 for defined terms. 
 
Appendix 3Y Page 2 01/01/2011 
 
Value/Consideration 
Note: If consideration is non-cash, provide 
details and estimated valuation 
(a) $51,000 ($0.34 per share) 
(b) and (c) Nil cash consideration – issued as incentives and for director services 
(approximate total value of $158,050 at the time of notice of general meeting) 
No. of securities held after 
change 
Rowan Hall Pty Ltd ATF Rowan Hall Investment Trust 
1,500,000 Options exercisable at $0.25 each and expiring 4 August 2029 
250,000 Class I Performance Rights expiring 12 August 2031 
250,000 Class J Performance Rights expiring 12 August 2031 
Rowan Hall Pty Ltd ATF Rowan Hall Trading Trust 
150,000 Fully Paid Ordinary Shares  
Nature of change 
Example: on-market trade, off-market 
trade, exercise of options, issue of 
securities under dividend reinvestment 
plan, participation in buy-back 
(a) Participation in Placement, as approved by shareholders at the general 
meeting on 10 August 2026. 
(b) and (c) Issue of performance rights as director incentives as approved by 
shareholders at the general meeting on 10 August 2026. 
 
Part 2 – Change of director’s interests in contracts 
 
Note: In the case of a company, interests which come within paragraph (ii) of the definition of “notifiable interest of a director” should 
be disclosed in this part. 
 
Detail of contract N/A 
Nature of interest - 
Name of registered holder 
(if issued securities) 
- 
Date of change - 
No. and class of securities to which interest related prior to change 
Note: Details are only required for a contract in relation to which the interest has changed 
- 
Interest acquired - 
Interest disposed - 
Value/Consideration 
Note: If consideration is non-cash, provide details and an estimated valuation  
- 
Interest after change - 
 
Part 3 – +Closed period 
 
Were the interests in the securities or contracts detailed above traded during a +closed period 
where prior written clearance was required? 
No 
If so, was prior written clearance provided to allow the trade to proceed during this period? - 
If prior written clearance was provided, on what date was this provided? - 
 
For personal use only

Appendix 3Y 
Change of Director’s Interest Notice 
 
 
 
+ See chapter 19 for defined terms. 
 
01/01/2011 Appendix 3Y  Page 1 
 
Rule 3.19A.2 
Appendix 3Y 
 
Change of Director’s Interest Notice 
 
Information or documents not available now must be given to ASX as soon as available.  Information and 
documents given to ASX become ASX’s property and may be made public. 
Introduced 30/09/01  Amended 01/01/11 
 
Name of entity FMR Resources Ltd 
ACN   107 371 497 
 
We (the entity) give ASX the following information under listing rule 3.19A.2 and as agent for 
the director for the purposes of section 205G of the Corporations Act.   
 
Name of Director Oliver Kiddie 
Date of last notice 12 June 2026 
 
Part 1 - Change of director’s relevant interests in securities 
 
In the case of a trust, this includes interests in the trust made available by the responsible entity of the trust 
 
Note: In the case of a company, interests which come within paragraph (i) of the definition of “notifiable interest of a director” should 
be disclosed in this part. 
 
Direct or indirect interest Indirect 
Nature of indirect interest 
(including registered holder) 
Note: Provide details of the circumstances 
giving rise to the relevant interest. 
Horizon Capital (WA) Pty Ltd ATF The Horizon Investment Trust (Director of 
Trustee and Beneficiary) 
Caralabek Pty Ltd ATF Rock Doctor Super Fund Trust (Director and 
Shareholder of Trustee and Beneficiary) 
Date of change (a) 14 August 2026 
(b) and (c) 12 August 2026 
No. of securities held prior to 
change 
Horizon Capital (WA) Pty Ltd ATF The Horizon Investment Trust  
2,000,000 Performance Rights expiring 4 August 2028 
2,000,000 Fully Paid Ordinary Shares 
Class (a) Fully Paid Ordinary Shares 
(b) Class I Performance Rights expiring 12 August 2031 
(c) Class J Performance Rights expiring 12 August 2031 
Number acquired (a) 150,000 
(b) 1,000,000 
(c) 1,000,000 
Number disposed Nil 
For personal use only

Appendix 3Y 
Change of Director’s Interest Notice 
 
 
 
+ See chapter 19 for defined terms. 
 
Appendix 3Y Page 2 01/01/2011 
 
Value/Consideration 
Note: If consideration is non-cash, provide 
details and estimated valuation 
(a) $51,000 ($0.34 per share) 
(b) and (c) Nil cash consideration – issued as incentives and for director services 
(approximate total value of $632,200 at the time of notice of general meeting) 
No. of securities held after 
change 
Horizon Capital (WA) Pty Ltd ATF The Horizon Investment Trust  
2,000,000 Performance Rights expiring 4 August 2028 
1,000,000 Class I Performance Rights expiring 12 August 2031 
1,000,000 Class J Performance Rights expiring 12 August 2031 
2,000,000 Fully Paid Ordinary Shares 
Caralabek Pty Ltd ATF Rock Doctor Super Fund Trust 
150,000 Fully Paid Ordinary Shares 
Nature of change 
Example: on-market trade, off-market 
trade, exercise of options, issue of 
securities under dividend reinvestment 
plan, participation in buy-back 
(a) Participation in Placement, as approved by shareholders at the general 
meeting on 10 August 2026. 
(b) and (c) Issue of performance rights as director incentives as approved by 
shareholders at the general meeting on 10 August 2026. 
 
Part 2 – Change of director’s interests in contracts 
 
Note: In the case of a company, interests which come within paragraph (ii) of the definition of “notifiable interest of a director” should 
be disclosed in this part. 
 
Detail of contract N/A 
Nature of interest - 
Name of registered holder 
(if issued securities) 
- 
Date of change - 
No. and class of securities to which interest related prior to change 
Note: Details are only required for a contract in relation to which the interest has changed 
- 
Interest acquired - 
Interest disposed - 
Value/Consideration 
Note: If consideration is non-cash, provide details and an estimated valuation  
- 
Interest after change - 
 
Part 3 – +Closed period 
 
Were the interests in the securities or contracts detailed above traded during a +closed period 
where prior written clearance was required? 
No 
If so, was prior written clearance provided to allow the trade to proceed during this period? - 
If prior written clearance was provided, on what date was this provided? - 
 
For personal use only

Appendix 3Y 
Change of Director’s Interest Notice 
 
 
 
+ See chapter 19 for defined terms. 
 
01/01/2011 Appendix 3Y  Page 1 
 
Rule 3.19A.2 
Appendix 3Y 
 
Change of Director’s Interest Notice 
 
Information or documents not available now must be given to ASX as soon as available.  Information and 
documents given to ASX become ASX’s property and may be made public. 
Introduced 30/09/01  Amended 01/01/11 
 
Name of entity FMR Resources Ltd 
ACN   107 371 497 
 
We (the entity) give ASX the following information under listing rule 3.19A.2 and as agent for 
the director for the purposes of section 205G of the Corporations Act.   
 
Name of Director Justin Werner  
Date of last notice 28 October 2025 
 
Part 1 - Change of director’s relevant interests in securities 
 
In the case of a trust, this includes interests in the trust made available by the responsible entity of the trust 
 
Note: In the case of a company, interests which come within paragraph (i) of the definition of “notifiable interest of a director” should 
be disclosed in this part. 
 
Direct or indirect interest Indirect 
Nature of indirect interest 
(including registered holder) 
Note: Provide details of the circumstances 
giving rise to the relevant interest. 
Bellambi Enterprises Ltd (Director and shareholder)  
 
Date of change (a) 14 August 2026 
(b) and (c) 12 August 2026 
No. of securities held prior to 
change 
600,000 Fully Paid Ordinary Shares 
1,000,000 Performance Rights expiring 4 August 2028 
Class (a) Fully Paid Ordinary Shares 
(b) Class I Performance Rights expiring 12 August 2031 
(c) Class J Performance Rights expiring 12 August 2031 
Number acquired (a) 150,000 
(b) 250,000 
(c) 250,000 
Number disposed Nil 
For personal use only

Appendix 3Y 
Change of Director’s Interest Notice 
 
 
 
+ See chapter 19 for defined terms. 
 
Appendix 3Y Page 2 01/01/2011 
 
Value/Consideration 
Note: If consideration is non-cash, provide 
details and estimated valuation 
(a) $51,000 ($0.34 per share) 
(b) and (c) Nil cash consideration – issued as incentives and for director services 
(approximate total value of $158,050 at the time of notice of general meeting) 
No. of securities held after 
change 
750,000 Fully Paid Ordinary Shares 
1,000,000 Performance Rights expiring 4 August 2028 
250,000 Class I Performance Rights expiring 12 August 2031 
250,000 Class J Performance Rights expiring 12 August 2031 
Nature of change 
Example: on-market trade, off-market 
trade, exercise of options, issue of 
securities under dividend reinvestment 
plan, participation in buy-back 
(a) Participation in Placement, as approved by shareholders at the general 
meeting on 10 August 2026. 
(b) and (c) Issue of performance rights as director incentives as approved by 
shareholders at the general meeting on 10 August 2026. 
 
Part 2 – Change of director’s interests in contracts 
 
Note: In the case of a company, interests which come within paragraph (ii) of the definition of “notifiable interest of a director” should 
be disclosed in this part. 
 
Detail of contract N/A 
Nature of interest - 
Name of registered holder 
(if issued securities) 
- 
Date of change - 
No. and class of securities to which interest related prior to change 
Note: Details are only required for a contract in relation to which the interest has changed 
- 
Interest acquired - 
Interest disposed - 
Value/Consideration 
Note: If consideration is non-cash, provide details and an estimated valuation  
- 
Interest after change - 
 
Part 3 – +Closed period 
 
Were the interests in the securities or contracts detailed above traded during a +closed period 
where prior written clearance was required? 
No 
If so, was prior written clearance provided to allow the trade to proceed during this period? - 
If prior written clearance was provided, on what date was this provided? - 
 
For personal use only

Appendix 3Y 
Change of Director’s Interest Notice 
 
 
 
+ See chapter 19 for defined terms. 
 
01/01/2011 Appendix 3Y  Page 1 
 
Rule 3.19A.2 
Appendix 3Y 
 
Change of Director’s Interest Notice 
 
Information or documents not available now must be given to ASX as soon as available.  Information and 
documents given to ASX become ASX’s property and may be made public. 
Introduced 30/09/01  Amended 01/01/11 
 
Name of entity FMR Resources Ltd 
ACN   107 371 497 
 
We (the entity) give ASX the following information under listing rule 3.19A.2 and as agent for 
the director for the purposes of section 205G of the Corporations Act.   
 
Name of Director Cameron Peacock  
Date of last notice 27 November 2025 
 
Part 1 - Change of director’s relevant interests in securities 
 
In the case of a trust, this includes interests in the trust made available by the responsible entity of the trust 
 
Note: In the case of a company, interests which come within paragraph (i) of the definition of “notifiable interest of a director” should 
be disclosed in this part. 
 
Direct or indirect interest Indirect 
Nature of indirect interest 
(including registered holder) 
Note: Provide details of the circumstances 
giving rise to the relevant interest. 
Obi-Wan Investments Pty Ltd (Director and Shareholder) 
 
Date of change (a) 14 August 2026 
(b) and (c) 12 August 2026 
No. of securities held prior to 
change 
1,250,000 Fully Paid Ordinary Shares 
1,000,000 Performance Rights expiring 14 November 2028 
Class (a) Fully Paid Ordinary Shares 
(b) Class I Performance Rights expiring 12 August 2031 
(c) Class J Performance Rights expiring 12 August 2031 
Number acquired (a) 500,000 
(b) 250,000 
(c) 250,000 
Number disposed Nil 
For personal use only

Appendix 3Y 
Change of Director’s Interest Notice 
 
 
 
+ See chapter 19 for defined terms. 
 
Appendix 3Y Page 2 01/01/2011 
 
Value/Consideration 
Note: If consideration is non-cash, provide 
details and estimated valuation 
(a) $170,000 ($0.34 per share) 
(b) and (c) Nil cash consideration – issued as incentives and for director services 
(approximate total value of $158,050 at the time of notice of general meeting) 
No. of securities held after 
change 
1,750,000 Fully Paid Ordinary Shares 
1,000,000 Performance Rights expiring 14 November 2028 
250,000 Class I Performance Rights expiring 12 August 2031 
250,000 Class J Performance Rights expiring 12 August 2031 
Nature of change 
Example: on-market trade, off-market 
trade, exercise of options, issue of 
securities under dividend reinvestment 
plan, participation in buy-back 
(a) Participation in Placement, as approved by shareholders at the general 
meeting on 10 August 2026. 
(b) and (c) Issue of performance rights as director incentives as approved by 
shareholders at the general meeting on 10 August 2026. 
 
Part 2 – Change of director’s interests in contracts 
 
Note: In the case of a company, interests which come within paragraph (ii) of the definition of “notifiable interest of a director” should 
be disclosed in this part. 
 
Detail of contract N/A 
Nature of interest - 
Name of registered holder 
(if issued securities) 
- 
Date of change - 
No. and class of securities to which interest related prior to change 
Note: Details are only required for a contract in relation to which the interest has changed 
- 
Interest acquired - 
Interest disposed - 
Value/Consideration 
Note: If consideration is non-cash, provide details and an estimated valuation  
- 
Interest after change - 
 
Part 3 – +Closed period 
 
Were the interests in the securities or contracts detailed above traded during a +closed period 
where prior written clearance was required? 
No 
If so, was prior written clearance provided to allow the trade to proceed during this period? - 
If prior written clearance was provided, on what date was this provided? - 
 
For personal use only",768c5e1f4348c0e4b8eafc26ae6e7ba2ae9cd9d921d4ea894f012833091b563d,pypdf-6.16.1
375,manual_capture,327769.pdf,5020,,PYC THERAPEUTICS LIMITED,,app_3y,,2026-08-13 23:49:56+00,2026-08-19 14:09:09.649776+00,79336a017a6d21e18e3be8541d06c0d1716e2a17bf966d2b88905f01a1ebd45c,/home/user/asx-data/raw/79/33/79336a017a6d21e18e3be8541d06c0d1716e2a17bf966d2b88905f01a1ebd45c,unparsed,,,,manual_capture,,,,,pdf_creation,"Appendix 3Y 
Change of Director’s Interest Notice 
 
 
 
+ See chapter 19 for defined terms. 
 
01/01/2011 Appendix 3Y  Page 1 
 
Rule 3.19A.2 
Appendix 3Y 
 
Change of Director’s Interest Notice 
 
Information or documents not available now must be given to ASX as soon as available.  Information and 
documents given to ASX become ASX’s property and may be made public. 
Introduced 30/09/01  Amended 01/01/11 
 
Name of entity                 PYC THERAPEUTICS LIMITED 
ABN                                     48098391961 
 
We (the entity) give ASX the following information under listing rule 3.19A.2 and as agent for 
the director for the purposes of section 205G of the Corporations Act.   
 
Name of Director Dr Rohan Hockings 
Date of last notice 27 March 2026 
 
Part 1 - Change of director’s relevant interests in securities 
In the case of a trust, this includes interests in the trust made available by the responsible entity of the trust 
 
Note: In the case of a company, interests which come within paragraph (i) of the definition of “notifiable interest of a director” should 
be disclosed in this part. 
 
Direct or indirect interest Direct 
Nature of indirect interest 
(including registered holder) 
Note: Provide details of the circumstances giving 
rise to the relevant interest. 
 
N/A 
Date of change 13 August 2026 
No. of securities held prior to change 295,910 – Ordinary fully paid 
Class PYC: Ordinary fully paid 
Number acquired 7,706,503 Unquoted Options EXP 30 June 27 EX $1.68 
4,598,662 Unquoted Options EXP 30 June 28 EX $1.68 
10,477,965 Unquoted Options EXP 30 June 28 EX $1.68 
Number disposed NIL 
Value/Consideration 
Note: If consideration is non -cash, provide details 
and estimated valuation 
 
NIL 
For personal use only

Appendix 3Y 
Change of Director’s Interest Notice 
 
 
 
+ See chapter 19 for defined terms. 
 
Appendix 3Y Page 2 01/01/2011 
 
No. of securities held after change 295,910 – Ordinary fully paid 
7,706,503 Unquoted Options EXP 30 June 27 EX $1.68 
4,598,662 Unquoted Options EXP 30 June 28 EX $1.68 
10,477,965 Unquoted Options EXP 30 June 28 EX $1.68 
Nature of change 
Example: on -market trade, off -market trade, 
exercise of options, issue of securities under 
dividend reinvestment plan, participation in buy -
back 
Issue of options under employee long term incentive plan and 
approved by shareholders on 15 July 2026. 
 
Part 2 – Change of director’s interests in contracts 
 
Note: In the case of a company, interests which come within paragraph (ii) of the definition of “notifiable interest of a director”  should 
be disclosed in this part. 
 
Detail of contract 13 January 2026 – Offer Invitation under the terms of the 
Company’s Long Term Incentive Plan (existing contract 
1) 
13 August 2026 -Offer Invitation under the terms of the 
Company's Limited Rights Plan (new contract 2) 
Nature of interest 
 
 
Contract 1 - Subject to shareholder approval. To be 
issued 1,500,000 unlisted options exercisable by 
payment of $2.52 each on or before the date that is 48 
months from the date of issue. Fifty percent of the 
options will vest 12 months from the date of issue and 
fifty percent will vest 24 months from the date of issue.  
 
Contract 2 - Subject to shareholder approval at the 
Company's 2026 Annual General Meeting. To be granted 
289,855 Restricted Rights under the PYC Therapeutics 
Limited Rights Plan. The Rights are fully vested on grant 
but are subject to an Exercise Restriction Period end ing 
30 June 2028. Each Right has a nil exercise price and may 
be settled in Shares or cash (or a combination), at the 
discretion of the Board, in accordance with the Rules of 
the Plan 
Name of registered holder 
(if issued securities) 
 
N/A 
Date of change N/A 
No. and class of securities to which 
interest related prior to change 
Note: Details are only required for a contract in 
relation to which the interest has changed 
 
N/A 
Interest acquired N/A 
For personal use only

Appendix 3Y 
Change of Director’s Interest Notice 
 
 
 
+ See chapter 19 for defined terms. 
 
01/01/2011 Appendix 3Y  Page 3 
 
Interest disposed N/A 
Value/Consideration 
Note: If consideration is non -cash, provide details 
and an estimated valuation  
 
N/A 
Interest after change N/A 
 
Part 3 – +Closed period 
 
Were the interests in the securities or contracts detailed above 
traded during a +closed period where prior written clearance 
was required? 
No 
If so, was prior written clearance provided to allow the trade to 
proceed during this period? 
N/A 
If prior written clearance was provided, on what date was this 
provided? 
N/A 
 
 
 
For personal use only",4f07eeaf0c10cd4b3e70811720fd1ae92ad034854734c4c838eed1212efb2bcd,pypdf-6.16.1
376,manual_capture,327777.pdf,4188,,Delta Lithium Limited,,app_3y,,2026-08-14 00:11:50+00,2026-08-19 14:09:09.885747+00,3172b94b894bf46299b2c0dcabd0937812d21abfc77039b08f72a972a8ea2572,/home/user/asx-data/raw/31/72/3172b94b894bf46299b2c0dcabd0937812d21abfc77039b08f72a972a8ea2572,unparsed,,,,manual_capture,,,,,pdf_creation,"Appendix 3Y 
Change of Director’s Interest Notice 
 
 
 
+ See chapter 19 for defined terms. 
 
01/01/2011 Appendix 3Y  Page 1 
 
Rule 3.19A.2 
Appendix 3Y 
 
Change of Director’s Interest Notice 
 
Information or documents not available now must be given to ASX as soon as available.  Information and 
documents given to ASX become ASX’s property and may be made public. 
Introduced 30/09/01  Amended 01/01/11 
 
Name of entity Delta Lithium Limited 
ABN  67 107 244 039 
 
We (the entity) give ASX the following information under listing rule 3.19A.2 and as agent for 
the director for the purposes of section 205G of the Corporations Act.   
 
Name of Director James Croser 
Date of last notice 28 November 2025 
 
Part 1 - Change of director’s relevant interests in securities 
In the case of a trust, this includes interests in the trust made available by the responsible entity of the trust 
 
Note: In the case of a company, interests which come within paragraph (i) of the definition of “notifiable interest of a director” should 
be disclosed in this part. 
 
Direct or indirect interest Indirect 
Nature of indirect interest 
(including registered holder) 
Note: Provide details of the circumstances giving rise to the relevant 
interest. 
 
Mrs Amanda Jane Croser 
<Croser Family A/C> 
(Beneficiary) 
Date of change 12 August 2026 
No. of securities held prior to change 6,632,551 Fully Paid Ordinary Shares 
 
250,000 Performance Rights  
(Vesting upon the 20 day VWAP > $1) 
 
3,900,000 Performance Rights (various vesting 
conditions) 
 
ClassNil  Performance Rights 
 
Number acquired 4,500,000 
Number disposed Nil  
For personal use only

Appendix 3Y 
Change of Director’s Interest Notice 
 
 
 
+ See chapter 19 for defined terms. 
 
Appendix 3Y Page 2 01/01/2011 
 
Value/Consideration 
Note: If consideration is non- cash, provide details and estimated 
valuation 
 
Nil 
As set out in the Notice of Meeting lodged with 
the ASX on 10 July 2026 
No. of securities held after change 6,632,551 Fully Paid Ordinary Shares 
 
250,000 Performance Rights (vesting upon the 
20 day VWAP > $1) 
 
8,400,000 Performance Rights (various vesting 
conditions) 
Nature of change 
Example: on-market trade, off-market trade, exercise of options, issue 
of securities under dividend reinvestment plan, participation in buy -
back 
Issue of per formance rights under the Delta 
Lithium Employee Incentive Plan follo wing 
shareholder approval at the EGM on 12 August 
2026. 
 
Part 2 – Change of director’s interests in contracts 
 
Note: In the case of a company, interests which come within paragraph (ii) of the definition of “notifiable interest of a director”  should 
be disclosed in this part. 
 
Detail of contract - 
Nature of interest 
 
 
- 
Name of registered holder 
(if issued securities) 
 
- 
Date of change - 
No. and class of securities to which 
interest related prior to change 
Note: Details are only required for a contract in 
relation to which the interest has changed 
 
- 
Interest acquired - 
Interest disposed - 
Value/Consideration 
Note: If consideration is non- cash, provide details 
and an estimated valuation  
 
- 
Interest after change - 
 
  
For personal use only

Appendix 3Y 
Change of Director’s Interest Notice 
 
 
 
+ See chapter 19 for defined terms. 
 
01/01/2011 Appendix 3Y  Page 3 
 
Part 3 – +Closed period 
 
Were the interests in the securities or contracts detailed 
above traded during a +closed period where prior written 
clearance was required? 
n/a 
If so, was prior written clearance provided to allow the 
trade to proceed during this period? 
n/a 
If prior written clearance was provided, on what date was 
this provided? 
n/a 
 
 
 
For personal use only",6ec2c8b728f1efb7dd47d724b28532bd67d3b7e4d99c80364e2177e72ca5d329,pypdf-6.16.1
377,manual_capture,327778.pdf,4188,,DELTA LITHIUM LIMITED,,app_3y,,2026-08-14 00:10:52+00,2026-08-19 14:09:10.105906+00,bc7c137e2d4cc108babe9d05cebd223d993e2524b8f58349337c18c83aadcd23,/home/user/asx-data/raw/bc/7c/bc7c137e2d4cc108babe9d05cebd223d993e2524b8f58349337c18c83aadcd23,unparsed,,,,manual_capture,,,,,pdf_creation,"Appendix 3Y 
Change of Director’s Interest Notice 
 
 
 
+ See chapter 19 for defined terms. 
 
01/01/2011 Appendix 3Y  Page 1 
 
Rule 3.19A.2 
Appendix 3Y 
 
Change of Director’s Interest Notice 
 
Information or documents not available now must be given to ASX as soon as available.  
Information and documents given to ASX become ASX’s property and may be 
made public. 
Introduced 30/09/01  Amended 01/01/11 
 
Name of entity DELTA LITHIUM LIMITED 
ABN  67 107 244 039 
 
We (the entity) give ASX the following information under listing rule 3.19A.2 and as agent for 
the director for the purposes of section 205G of the Corporations Act.   
 
Name of Director Nader El Sayed 
Date of last notice 10 November 2025 
 
Part 1 - Change of director’s relevant interests in securities 
In the case of a trust, this includes interests in the trust made available by the responsible entity of the trust 
 
Note: In the case of a company, interests which come within paragraph (i) of the definition of “notifiable interest of a director” should 
be disclosed in this part. 
 
Direct or indirect interest Indirect 
Nature of indirect interest 
(including registered holder) 
Note: Provide details of the circumstances giving rise to the relevant 
interest. 
 
Nameo Pty Ltd 
(Director & Spouse is a shareholder) 
Date of change 12 August 2026 
No. of securities held prior to change 2,751,284 Fully Paid Ordinary Shares 
 
250,000 Performance Rights (vesting upon the 
20 day VWAP >$1) 
 
1,000,000 Unlisted Options Expiring 26/11/2027 
@ $0.40 
 
 
Class Performance Rights 
For personal use only

Appendix 3Y 
Change of Director’s Interest Notice 
 
 
 
+ See chapter 19 for defined terms. 
 
Appendix 3Y Page 2 01/01/2011 
 
Number acquired 1,000,000 Performance Rights (vesting upon 
the 5 day VWAP > $0.35) 
 
1,000,000 Performance Rights (vesting upon 
the 5 day VWAP > $0.50) 
 
Number disposed Nil  
Value/Consideration 
Note: If consideration is non- cash, provide details and estimated 
valuation 
 
Nil 
As set out in the Notice of Meeting lodged with 
the ASX on 10 July 2026 
No. of securities held after change 2,751,284 Fully Paid Ordinary Shares 
 
250,000 Performance Rights (vesting upon the 
20 day VWAP >$1)  
 
1,000,000 Unlisted Options Expiring 26/11/2027 
@ $0.40 
 
1,000,000 Performance Rights (vesting upon 
the 5 day VWAP > $0.35) 
 
1,000,000 Performance Rights (vesting upon 
the 5 day VWAP > $0.50) 
 
Nature of change 
Example: on-market trade, off-market trade, exercise of options, issue 
of securities under dividend reinvestment plan, participation in buy -
back 
Issue of performance rights under the Delta 
Lithium Incentive Plan following shareholder 
approval at the EGM on 12 August 2026. 
 
 
 
Part 2 – Change of director’s interests in contracts 
 
Note: In the case of a company, interests which come within paragraph (ii) of the definition of “notifiable interest of a director”  should 
be disclosed in this part. 
 
Detail of contract - 
Nature of interest 
 
 
- 
Name of registered holder 
(if issued securities) 
 
- 
Date of change - 
For personal use only

Appendix 3Y 
Change of Director’s Interest Notice 
 
 
 
+ See chapter 19 for defined terms. 
 
01/01/2011 Appendix 3Y  Page 3 
 
No. and class of securities to which 
interest related prior to change 
Note: Details are only required for a contract in 
relation to which the interest has changed 
 
- 
Interest acquired - 
Interest disposed - 
Value/Consideration 
Note: If consideration is non- cash, provide details 
and an estimated valuation  
 
- 
Interest after change - 
 
Part 3 – +Closed period 
 
Were the interests in the securities or contracts detailed 
above traded during a +closed period where prior written 
clearance was required? 
N/A 
If so, was prior written clearance provided to allow the 
trade to proceed during this period? 
N/A 
If prior written clearance was provided, on what date was 
this provided? 
N/A 
 
 
 
For personal use only",8f6db112217a52a30a4784ec0aab9ae715f5bf30766685273c67375419b4409f,pypdf-6.16.1
378,manual_capture,327782.pdf,4188,,Delta Lithium Limited,,app_3y,,2026-08-14 01:30:29+00,2026-08-19 14:09:10.32125+00,00f57572f1c04893076f1236d9a7e0898866c5fe9b8fb1c971468622ef1682a6,/home/user/asx-data/raw/00/f5/00f57572f1c04893076f1236d9a7e0898866c5fe9b8fb1c971468622ef1682a6,unparsed,,,,manual_capture,,,,,pdf_creation,"Appendix 3Y 
Change of Director’s Interest Notice 
 
 
 
+ See chapter 19 for defined terms. 
 
01/01/2011 Appendix 3Y  Page 1 
 
Rule 3.19A.2 
Appendix 3Y 
 
Change of Director’s Interest Notice 
 
Information or documents not available now must be given to ASX as soon as available.  Information and 
documents given to ASX become ASX’s property and may be made public. 
Introduced 30/09/01  Amended 01/01/11 
 
Name of entity Delta Lithium Limited 
ABN  67 107 244 039 
 
We (the entity) give ASX the following information under listing rule 3.19A.2 and as agent for 
the director for the purposes of section 205G of the Corporations Act.   
 
Name of Director Steve Kovac 
Date of last notice 27 November 2024 
 
Part 1 - Change of director’s relevant interests in securities 
In the case of a trust, this includes interests in the trust made available by the responsible entity of the trust 
 
Note: In the case of a company, interests which come within paragraph (i) of the definition of “notifiable interest of a director” should 
be disclosed in this part. 
 
Direct or indirect interest Indirect 
Nature of indirect interest 
(including registered holder) 
Note: Provide details of the circumstances giving rise to the relevant 
interest. 
 
Steve Kovac 
<S & J Kovac Family Trust> 
Date of change 12 August 2026 
No. of securities held prior to change 32,549 Shares  
 
1,000,000 Unlisted Options Expiring 26/11/2027 
@ $0.40 
 
Class Performance Rights 
Number acquired 1,000,000 Performance Rights (vesting upon 
the 5 day VWAP > $0.35) 
 
1,000,000 Performance Rights (vesting upon 
the 5 day VWAP > $0.50) 
 Number disposed Nil 
For personal use only

Appendix 3Y 
Change of Director’s Interest Notice 
 
 
 
+ See chapter 19 for defined terms. 
 
Appendix 3Y Page 2 01/01/2011 
 
Value/Consideration 
Note: If consideration is non- cash, provide details and estimated 
valuation 
 
Nil 
As set out in the Notice of Meeting lodged with 
the ASX on 10 July 2026 
No. of securities held after change 32,549 Ordinary Fully Paid Shares  
 
1,000,000 Unlisted Options Expiring 26/11/2027 
@ $0.40 
 
1,000,000 Performance Rights (vesting upon 
the 5 day VWAP > $0.35) 
 
1,000,000 Performance Rights (vesting upon 
the 5 day VWAP > $0.50) 
 
 Nature of change 
Example: on-market trade, off-market trade, exercise of options, issue 
of securities under dividend reinvestment plan, participation in buy -
back 
Performance Rights  issued under the Delta 
Lithium Incentive Plan following S hareholder 
approval at the EGM on 12 August 2026 
 
Part 2 – Change of director’s interests in contracts 
 
Note: In the case of a company, interests which come within paragraph (ii) of the definition of “notifiable interest of a director”  should 
be disclosed in this part. 
 
Detail of contract - 
Nature of interest 
 
 
- 
Name of registered holder 
(if issued securities) 
 
- 
Date of change - 
No. and class of securities to which 
interest related prior to change 
Note: Details are only required for a contract in 
relation to which the interest has changed 
 
- 
Interest acquired - 
Interest disposed - 
Value/Consideration 
Note: If consideration is non- cash, provide details 
and an estimated valuation  
 
- 
Interest after change - 
 
For personal use only

Appendix 3Y 
Change of Director’s Interest Notice 
 
 
 
+ See chapter 19 for defined terms. 
 
01/01/2011 Appendix 3Y  Page 3 
 
 
 
 
Part 3 – +Closed period 
 
Were the interests in the securities or contracts detailed 
above traded during a +closed period where prior written 
clearance was required? 
No 
If so, was prior written clearance provided to allow the 
trade to proceed during this period? 
N/A 
If prior written clearance was provided, on what date was 
this provided? 
N/A 
 
 
 
For personal use only",396ee9035546afc31f36f953117da5e3d3ec9b8ede186de34c47ed419d9cf07d,pypdf-6.16.1
379,manual_capture,327785.pdf,4378,,Great Bear Exploration Ltd (previously Hydrocarbon Dynamics Limited),,app_3y,,2026-08-14 01:36:24+00,2026-08-19 14:09:10.572013+00,fa761cdc8ae37ca1204b9f6304e0c82597815abedf356dd49fcb63dcead64829,/home/user/asx-data/raw/fa/76/fa761cdc8ae37ca1204b9f6304e0c82597815abedf356dd49fcb63dcead64829,unparsed,,,,manual_capture,,,,,pdf_creation,"Appendix 3Y 
Change of Director’s Interest Notice 
 
 
 
+ See chapter 19 for defined terms. 
 
01/01/2011 Appendix 3Y  Page 1 
 
Rule 3.19A.2 
Appendix 3Y 
 
Change of Director’s Interest Notice 
 
Information or documents not available now must be given to ASX as soon as available.  Information and 
documents given to ASX become ASX’s property and may be made public. 
Introduced 30/09/01 Amended 01/01/11 
 
Name of entity           Great Bear Exploration Ltd (previously Hydrocarbon Dynamics Limited) 
 
ABN                              75 117 387 354 
 
We (the entity) give ASX the following information under listing rule 3.19A.2 and as agent f or 
the director for the purposes of section 205G of the Corporations Act.   
 
Name of Director Ray Shorrocks 
Date of last notice 10 June 2026 
Date of this notice 14 August 2026 
 
Part 1 - Change of director’s relevant interests in securities 
In the case of a trust, this includes interests in the trust made available by the responsible entity of the trust 
 
Note: In the case of a company, interests which come within paragraph (i) of the definition of “notifiable interest of a director” should 
be disclosed in this part. 
 
Direct or indirect interest Direct & Indirect 
Nature of indirect interest 
(including registered holder) 
Note: Provide details of the circumstances giving rise to the relevant 
interest. 
 
Spring Street Holdings Pty Ltd – Mr Ray 
Shorrocks is a director of the Company 
Stephanie Tetu – related person 
Date of change 6 August – 7 August 2026 
No. of securities held prior to change Indirect 
Spring Street Holdings - 
8,753,205 fully paid ordinary shares 
 
Stephanie Tetu - 
250,000 fully paid ordinary shares 
 
Direct 
14,564,797 performance rights 24M ESC 
 
Class Fully paid ordinary Shares 
 
For personal use only

Appendix 3Y 
Change of Director’s Interest Notice 
 
 
 
+ See chapter 19 for defined terms. 
 
Appendix 3Y Page 2 01/01/2011 
 
Number acquired 1,458,587 
Number disposed Nil 
 
Value/Consideration 
Note: If consideration is non-cash, provide details and valuation 
 
$22,471 
No. of securities held after change Indirect 
Spring Street Holdings - 
10,211,792 fully paid ordinary shares 
 
Stephanie Tetu - 
250,000 fully paid ordinary shares 
 
Direct 
14,564,797 performance rights 24M ESC 
Nature of change 
Example: on -market trade, off -market trade, exercise of options, 
issue of securities under dividend reinvestment  plan, participation in 
buy-back 
On-market purchase  
 
Part 2 – Change of director’s interests in contracts 
 
Note: In the case of a company, interests which come within paragraph (ii) of the definition of “notifiable interest of a director”  should 
be disclosed in this part. 
 
Detail of contract N/A 
 
Nature of interest 
 
N/A 
Name of registered holder 
(if issued securities) 
 
N/A 
Date of change N/A 
No. and class of securities to which 
interest related prior to change 
Note: Details are only required for a con tract in 
relation to which the interest has changed 
 
N/A 
Interest acquired N/A 
Interest disposed N/A 
For personal use only

Appendix 3Y 
Change of Director’s Interest Notice 
 
 
 
+ See chapter 19 for defined terms. 
 
01/01/2011 Appendix 3Y  Page 3 
 
Value/Consideration 
Note: If consideration is non -cash, provide details 
and an estimated valuation  
 
N/A 
Interest after change N/A 
 
Part 3 – +Closed period 
 
Were the interests in the securities or contracts detailed 
above traded during a +closed period  where prior written 
clearance was required? 
No 
If so, was prior written clearance provided to allow the trade 
to proceed during this period? 
N/A 
If prior written clearance was provided, on what date was this 
provided? 
N/A 
 
 
For personal use only",cf21f4c5add13b5f0abad15db34c29d729e56ec8ee04cf0c0993258e08e2457d,pypdf-6.16.1
380,manual_capture,327811.pdf,4660,,Lunnon Metals Limited,,app_3y,,2026-08-14 03:02:47+00,2026-08-19 14:09:10.779549+00,801cc7f74aee9d5ea794c4e8533dd63e5c4ac440bcb705bb31347415ceede526,/home/user/asx-data/raw/80/1c/801cc7f74aee9d5ea794c4e8533dd63e5c4ac440bcb705bb31347415ceede526,unparsed,,,,manual_capture,,,,,pdf_creation,"Appendix 3Y 
Change of Director’s Interest Notice 
 
 
 
+ See chapter 19 for defined terms. 
 
01/01/2011 Appendix 3Y  Page 1 
 
Rule 3.19A.2 
Appendix 3Y 
 
Change of Director’s Interest Notice 
 
Information or documents not available now must be given to ASX as soon as available.  Information and documents given to ASX  become 
ASX’s property and may be made public. 
Introduced 30/ 09/01  Amended 01/01/11 
 
Name of entity   Lunnon Metals Limited 
ABN  82 600 008 848 
 
We (the entity) give ASX the following information under listing rule 3.19A.2 and as agent for the director for the purposes of 
section 205G of the Corporations Act.   
 
Name of Director Edmund Ainscough 
Date of last notice 13 November 2025 
 
Part 1 - Change of director’s relevant interests in securities 
In the case of a trust, this includes interests in the trust made available by the responsible entity of the trust 
 
Note: In the case of a company, interests which come within paragraph (i) of the definition of “notifiable interest of a director” should be disclosed in this part.  
 
Direct or indirect interest Indirect 
Nature of indirect interest 
(including registered holder) 
Note: Provide details of the circumstances giving rise to the relevant 
interest. 
 
NUB Holdings Pty Ltd ATF The NUB Operating Trust (NUB Holdings).  
Nature of Interest: Director of registered holder and beneficiary of the trust. 
Date of change 7 August 2026 
No. of securities held prior to change 
 
 
 
 
 
 
Direct 
1,700,000 ordinary fully paid shares 
Indirect 
NUB Holdings 
2,047,327 ordinary fully paid shares 
438,202 Unquoted LTI Performance Rights (vesting 30 June 2026, expiring 
31/12/2029) 
132,286 Unquoted STI Performance Rights (vested 30 June 2025, expiring 
30 June 2029) 
1,856,644 Unquoted LTI Performance Rights (vesting 30 June 2027, 
expiring 31 December 2029) 
1,299,710 Unquoted STI Performance Rights (vesting 30 June 2026, 31 
December 2026 and 30 June 2027, expiring 30 June 2030) 
1,299,710 Unquoted LTI Performance Rights (vesting 30 June 2028 and 
expiring 30 June 2030)  
Sobro Holdings 
347,700 ordinary fully paid shares 
For personal use only

Appendix 3Y 
Change of Director’s Interest Notice 
 
 
 
+ See chapter 19 for defined terms. 
 
Appendix 3Y Page 2 01/01/2011 
 
 
Class Unquoted Performance Rights 
Number acquired Nil 
Number disposed 753,293 Unquoted Performance Rights (forfeiture) 
Value/Consideration 
Note: If consideration is non-cash, provide details and estimated valuation  Not Applicable – Forfeited Performance Rights 
No. of securities held after change 
Direct 
1,700,000 ordinary fully paid shares 
Indirect 
NUB Holdings 
2,047,327 ordinary fully paid shares 
195,175 Unquoted LTI Performance Rights (vesting 30 June 2026, expiring 
31/12/2029) 
132,286 Unquoted STI Performance Rights (vested 30 June 2025, expiring 
30 June 2029) 
1,856,644 Unquoted LTI Performance Rights (vesting 30 June 2027, 
expiring 31 December 2029) 
789,444 Unquoted STI Performance Rights (vesting 30 June 2026, 31 
December 2026 and 30 June 2027, expiring 30 June 2030) 
1,299,710 Unquoted LTI Performance Rights (vesting 30 June 2028 and 
expiring 30 June 2030)  
Sobro Holdings 
347,700 ordinary fully paid shares 
Nature of change 
Example: on-market trade, off-market trade, exercise of options, issue of 
securities under dividend reinvestment plan, participation in buy- back 
Forfeiture of Unquoted Performance Rights as the conditions for vesting 
have not been met 
 
For personal use only

Appendix 3Y 
Change of Director’s Interest Notice 
 
 
 
+ See chapter 19 for defined terms. 
 
01/01/2011 Appendix 3Y  Page 3 
 
Part 2 – Change of director’s interests in contracts 
 
Note: In the case of a company, interests which come within paragraph (ii) of the definition of “notifiable interest of a director”  should be disclosed in this part. 
 
Detail of contract N/A 
Nature of interest 
 N/A 
Name of registered holder 
(if issued securities) 
 
N/A 
Date of change N/A 
No. and class of securities to which 
interest related prior to change 
Note: Details are only required for a contract in relation 
to which the interest has changed 
 
N/A 
Interest acquired N/A 
Interest disposed N/A 
Value/Consideration 
Note: If consideration is non-cash, provide details and an 
estimated valuation  
 
N/A 
Interest after change N/A 
 
Part 3 – +Closed period 
 
Were the interests in the securities or contracts detailed 
above traded during a +closed period where prior written 
clearance was required? 
No 
If so, was prior written clearance provided to allow the trade 
to proceed during this period? N/A 
If prior written clearance was provided, on what date was this 
provided? N/A 
 
 
 
For personal use only",df3b0ec59679c9ce9f214abaf5b23ba45e7284bd6ac14cf8f0d6cdceef6ef9b0,pypdf-6.16.1
381,manual_capture,327819.pdf,4430,,Greenvale Energy Limited,,app_3y,,2026-08-14 03:29:39+00,2026-08-19 14:09:11.010375+00,72528fd3fe748ca51af88ce482db00c2eb3f29a29413b4c878522e02d3a43fc3,/home/user/asx-data/raw/72/52/72528fd3fe748ca51af88ce482db00c2eb3f29a29413b4c878522e02d3a43fc3,unparsed,,,,manual_capture,,,,,pdf_creation,"Appendix 3Y 
Change of Director’s Interest Notice 
 
 
 
+ See chapter 19 for defined terms. 
 
01/01/2011 Appendix 3Y  Page 1 
 
Rule 3.19A.2 
Appendix 3Y 
 
Change of Director’s Interest Notice 
 
Information or documents not available now must be given to ASX as soon as available.  Information and 
documents given to ASX become ASX’s property and may be made public. 
Introduced 30/09/01  Amended 01/01/11 
 
Name of entity: Greenvale Energy Limited 
ABN: 54 000 743 555 
 
We (the entity) give ASX the following information under listing rule 3.19A.2 and as agent for 
the director for the purposes of section 205G of the Corporations Act.   
 
Name of Director Alex Cheeseman 
Date of last notice 18 June 2026 
 
Part 1 - Change of director’s relevant interests in securities 
In the case of a trust, this includes interests in the trust made available by the responsible entity of the trust 
 
Note: In the case of a company, interests which come within paragraph (i) of the definition of “notifiable interest of a director” should be 
disclosed in this part. 
 
Direct or indirect interest Indirect 
Nature of indirect interest 
(including registered holder) 
Note: Provide details of the 
circumstances giving rise to the relevant 
interest. 
 
Kanimbla Solutions Pty Ltd (Kanimbla Investments A/C), wife is 
sole director 
 
Date of change 13 August 2026 
No. of securities held prior 
to change 
1,000,000 ordinary shares 
 
227,273 Unlisted Options @0.07 exp 30/11/26 
 
4,000,000 Performance Rights – 15c, expire19/05/2029 
3,000,000 Performance Rights – 20c, expire 19/05/2029 
2,000,000 Performance Rights – 30c, expire 19/05/2029 
2,000,000 Performance Rights – 24 months service, expire 
19/05/2029 
1,000,000 Performance Rights – Strategic Outcome, expire 
19/05/2029 
 
Class Ordinary Shares 
Number acquired 500,000 
Number disposed - 
Value/Consideration 
 
$12,000 
 
For personal use only

Appendix 3Y 
Change of Director’s Interest Notice 
 
 
 
+ See chapter 19 for defined terms. 
 
Appendix 3Y Page 2 01/01/2011 
 
No. of securities held after 
change 
 
 
 
 
 
 
 
 
 
1,500,000 ordinary shares 
 
227,273 Unlisted Options @0.07 exp 30/11/26 
 
4,000,000 Performance Rights – 15c, expire19/05/2029 
3,000,000 Performance Rights – 20c, expire 19/05/2029 
2,000,000 Performance Rights – 30c, expire 19/05/2029 
2,000,000 Performance Rights – 24 months service, expire 
19/05/2029 
1,000,000 Performance Rights – Strategic Outcome, expire 
19/05/2029 
 
Nature of change 
Example: on -market trade, off -market 
trade, exercise of options, issue of 
securities under dividend reinvestment 
plan, participation in buy-back 
On market purchase  
 
Part 2 – Change of director’s interests in contracts 
 
Note: In the case of a company, interests which come within paragraph (ii) of the definition of “notifiable interest of a director”  should be 
disclosed in this part. 
 
Detail of contract N/A 
Nature of interest 
 
 
N/A 
Name of registered holder 
(if issued securities) 
 
N/A 
Date of change N/A 
No. and class of securities 
to which interest related 
prior to change 
Note: Details are only required for a 
contract in relation to which the interest 
has changed 
 
N/A 
Interest acquired N/A 
Interest disposed N/A 
Value/Consideration 
Note: If consideration is non -cash, 
provide details and an estimated 
valuation  
 
N/A 
Interest after change N/A 
 
For personal use only

Appendix 3Y 
Change of Director’s Interest Notice 
 
 
 
+ See chapter 19 for defined terms. 
 
01/01/2011 Appendix 3Y  Page 3 
 
 
Part 3 – +Closed period 
 
Were the interests in the securities or contracts detailed 
above traded during a +closed period where prior written 
clearance was required? 
No 
If so, was prior written clearance provided to allow the trade 
to proceed during this period? 
N/A 
If prior written clearance was provided, on what date was this 
provided? 
N/A 
 
 
 
For personal use only",97ea0c89c29b1d661621c4019d6c5f47d5e7bc7e3ea3742b2c593a0d079bcc0a,pypdf-6.16.1
382,manual_capture,327850.pdf,5466,,Xpedra Resources Limited,,other,,2026-08-14 04:31:43+00,2026-08-19 14:09:11.252351+00,08ec456f06cfa3a06c3e5bf6627b578854f2973d4ca38b5ebf536580bc1d701e,/home/user/asx-data/raw/08/ec/08ec456f06cfa3a06c3e5bf6627b578854f2973d4ca38b5ebf536580bc1d701e,not_applicable,,,,manual_capture,,,,,pdf_creation,"Appendix 3X 
Initial Director’s Interest Notice 
 
 
 
+ See chapter 19 for defined terms. 
 
11/3/2002 
 Appendix 3X  Page 1 
Rule 3.19A.1 
Appendix 3X 
 
Initial Director’s Interest Notice 
 
Information or documents not available now must be given to ASX as soon as available.  Information and 
documents given to ASX become ASX’s property and may be made public. 
Introduced 30/9/2001. 
 
Name of entity    Xpedra Resources Limited 
ABN                        88 076 390 451 
 
We (the entity) give ASX the following information under listing rule 3.19A.1 and as 
agent for the director for the purposes of section 205G of the Corporations Act.   
 
Name of Director Kevin Joyce  
Date of appointment 14 August 2026 
 
Part 1 - Director’s relevant interests in securities of which the director is the registered 
holder 
In the case of a trust, this includes interests in the trust made available by the responsible entity of the trust 
 
Note: In the case of a company, interests which come within paragraph (i) of the definition of “notifiable interest of a director” should be 
disclosed in this part. 
 
 
Number & class of securities 
 
N/A 
 
 
 
 
 
 
 
 
 
 
 
 
  
For personal use only

Appendix 3X 
Initial Director’s Interest Notice 
 
 
 
+ See chapter 19 for defined terms. 
 
Appendix 3X Page 2 11/3/2002 
Part 2 – Director’s relevant interests in securities of which the director is not the 
registered holder 
In the case of a trust, this includes interests in the trust made available by the responsible entity of the trust 
 
Name of holder & nature of 
interest 
Note: Provide details of the circumstances giving rise 
to the relevant interest. 
 
JOYWOODS ENTERPRISES PTY LTD 
<JOYCE & WOODS SUPER FUND 
A/C> 
 
Director of trustee and beneficiary of 
fund  
 
 
 
 
 
 
Number & class of Securities 
 
 
 
1,071,429 fully paid ordinary shares  
 
 
 
Part 3 – Director’s interests in contracts 
 
Note: In the case of a company, interests which come within paragraph (ii) of the definition of “notifiable interest of a director” should be 
disclosed in this part. 
 
Detail of contract N/A 
Nature of interest 
 
 
N/A 
Name of registered holder 
(if issued securities) 
 
N/A 
No. and class of securities to which 
interest relates 
 
 
N/A 
 
For personal use only",0e859845e393a8222edf44579813103728080c6df7db17ae0c213721296831e5,pypdf-6.16.1
383,manual_capture,327864.pdf,5428,,Western Gold Resources Limited,,app_3y,,2026-08-14 04:50:33+00,2026-08-19 14:09:11.466021+00,785726a478e366a613a4f89e6e1dd86aa59ac5150ac152bd049b6f367819a450,/home/user/asx-data/raw/78/57/785726a478e366a613a4f89e6e1dd86aa59ac5150ac152bd049b6f367819a450,unparsed,,,,manual_capture,,,,,pdf_creation,"Appendix 3Y 
Change of Director’s Interest Notice 
 
 
 
+ See chapter 19 for defined terms. 
 
01/01/2011 Appendix 3Y  Page 1 
 
Rule 3.19A.2 
Appendix 3Y 
 
Change of Director’s Interest Notice 
 
Information or documents not available now must be given to ASX as soon as available.  Information and 
documents given to ASX become ASX’s property and may be made public. 
Introduced 30/09/01  Amended 01/01/11 
 
Name of entity    Western Gold Resources Limited 
ABN                        54 139 627 446 
 
We (the entity) give ASX the following information under listing rule 3.19A.2 and as agent for 
the director for the purposes of section 205G of the Corporations Act.   
 
Name of Director Ryan Mount 
Date of last notice 18 July 2025 
 
Part 1 - Change of director’s relevant interests in securities 
In the case of a trust, this includes interests in the trust made available by the responsible entity of the trust 
 
Note: In the case of a company, interests which come within paragraph (i ) of the definition of “notifiable interest of a director” should be 
disclosed in this part. 
 
Direct or indirect interest Direct 
Nature of indirect interest 
(including registered holder) 
Note: Provide details of the circumstances giving rise to the relevant 
interest. 
 
N/A 
Date of change 13 August 2026 
No. of securities held prior to change 4,000,000 Performance Rights Exp 27/6/30 
 
Class Performance Rights  
Number acquired 800,000 Ordinary Fully Paid Shares 
 
Number disposed Nil 
Value/Consideration 
Note: If consideration is non -cash, provide details and estimated 
valuation 
 
Nil  
No. of securities held after change 800,000 Ordinary Fully Paid Shares 
3,200,000 Performance Rights Exp 27/6/30 
 
For personal use only

Appendix 3Y 
Change of Director’s Interest Notice 
 
 
 
+ See chapter 19 for defined terms. 
 
Appendix 3Y Page 2 01/01/2011 
 
Nature of change 
Example: on-market trade, off-market trade, exercise of options, issue 
of securities under dividend reinvestment plan, participation in buy -
back 
Shareholders approv ed the issue of these 
performance rights  at the Extraordinary 
General Meeting  held on 27 June 2025 . T1 
performance securities vested on 27 June 2026. 
 
Part 2 – Change of director’s interests in contracts 
 
Note: In the case of a company, interests which come within paragraph (ii) of the definition of “notifiable interest of a director”  should be 
disclosed in this part. 
 
Detail of contract N/A 
Nature of interest 
 
N/A 
Name of registered holder 
(if issued securities) 
 
N/A 
Date of change N/A 
No. and class of securities to which 
interest related prior to change 
Note: Details are only required for a contract in 
relation to which the interest has changed 
 
N/A 
Interest acquired N/A 
Interest disposed N/A 
Value/Consideration 
Note: If consideration is non -cash, provide details 
and an estimated valuation  
 
N/A 
Interest after change N/A 
 
Part 3 – +Closed period 
 
Were the interests in the securities or contracts detailed 
above traded during a +closed period where prior written 
clearance was required? 
N/A 
If so, was prior written clearance provided to allow the 
trade to proceed during this period? 
N/A 
If prior written clearance was provided, on what date was 
this provided? 
N/A 
 
For personal use only",6ddef55b0d5ba19b0aee379f9fabd11f9a2168401a6a15ebb3211ace5b75626c,pypdf-6.16.1
