entity_id,acn,abn,entity_kind,created_at,arbn
3661,684147484,42684147484,company,2026-08-18 03:38:17.304061+00,
3662,138803620,57138803620,company,2026-08-18 03:38:17.304061+00,
3663,120332925,92120332925,company,2026-08-18 03:38:17.304061+00,
3664,604406377,87604406377,company,2026-08-18 03:38:17.304061+00,
3665,104028042,14104028042,company,2026-08-18 03:38:17.304061+00,
3666,616062072,52616062072,company,2026-08-18 03:38:17.304061+00,
3667,093391774,39093391774,company,2026-08-18 03:38:17.304061+00,
3668,600717539,64600717539,company,2026-08-18 03:38:17.304061+00,
3669,650096094,95650096094,company,2026-08-18 03:38:17.304061+00,
3670,,,foreign,2026-08-18 03:38:17.304061+00,629412942
3671,,,foreign,2026-08-18 03:38:17.304061+00,697927647
3672,078388155,39078388155,company,2026-08-18 03:38:17.304061+00,
3673,103827836,50103827836,company,2026-08-18 03:38:17.304061+00,
3674,650899844,38650899844,company,2026-08-18 03:38:17.304061+00,
3675,145590110,43145590110,company,2026-08-18 03:38:17.304061+00,
3676,161684831,31161684831,company,2026-08-18 03:38:17.304061+00,
3677,617506279,29617506279,company,2026-08-18 03:38:17.304061+00,
3678,073716793,21073716793,company,2026-08-18 03:38:17.304061+00,
3679,,,foreign,2026-08-18 03:38:17.304061+00,692243646
3680,072964179,80072964179,company,2026-08-18 03:38:17.304061+00,
3681,168232577,51168232577,company,2026-08-18 03:38:17.304061+00,
3682,,,foreign,2026-08-18 03:38:17.304061+00,601582129
3683,127215132,17127215132,company,2026-08-18 03:38:17.304061+00,
3684,060156452,11060156452,company,2026-08-18 03:38:17.304061+00,
3685,008637643,95008637643,company,2026-08-18 03:38:17.304061+00,
3686,,,foreign,2026-08-18 03:38:17.304061+00,158331965
3687,601164505,44601164505,company,2026-08-18 03:38:17.304061+00,
3688,106879690,79106879690,company,2026-08-18 03:38:17.304061+00,
3689,625744907,54625744907,company,2026-08-18 03:38:17.304061+00,
3690,,,foreign,2026-08-18 03:38:17.304061+00,681342334
3691,010892270,15010892270,company,2026-08-18 03:38:17.304061+00,
3692,,,foreign,2026-08-18 03:38:17.304061+00,677586935
3693,141335364,77141335364,company,2026-08-18 03:38:17.304061+00,
3694,674455442,52674455442,company,2026-08-18 03:38:17.304061+00,
3695,612912393,45612912393,company,2026-08-18 03:38:17.304061+00,
3696,104555455,19104555455,company,2026-08-18 03:38:17.304061+00,
3697,009159077,,company,2026-08-18 03:38:17.304061+00,
3698,008031034,48008031034,company,2026-08-18 03:38:17.304061+00,
3699,132090192,29132090192,company,2026-08-18 03:38:17.304061+00,
3700,629543193,11629543193,company,2026-08-18 03:38:17.304061+00,
3701,080604619,31080604619,company,2026-08-18 03:38:17.304061+00,
3702,616795245,59616795245,company,2026-08-18 03:38:17.304061+00,
3703,099107623,66099107623,company,2026-08-18 03:38:17.304061+00,
3704,139494885,14139494885,company,2026-08-18 03:38:17.304061+00,
3705,636138988,78636138988,company,2026-08-18 03:38:17.304061+00,
3706,625231941,17625231941,company,2026-08-18 03:38:17.304061+00,
3707,124893465,36124893465,company,2026-08-18 03:38:17.304061+00,
3708,645711128,94645711128,company,2026-08-18 03:38:17.304061+00,
3709,658906159,15658906159,company,2026-08-18 03:38:17.304061+00,
3710,146035690,49146035690,company,2026-08-18 03:38:17.304061+00,
3711,167595897,25167595897,company,2026-08-18 03:38:17.304061+00,
3712,082001152,72082001152,company,2026-08-18 03:38:17.304061+00,
3713,113025808,67113025808,company,2026-08-18 03:38:17.304061+00,
3714,102320329,50102320329,company,2026-08-18 03:38:17.304061+00,
3715,086778476,14086778476,company,2026-08-18 03:38:17.304061+00,
3716,123129162,29123129162,company,2026-08-18 03:38:17.304061+00,
3717,618616916,56618616916,company,2026-08-18 03:38:17.304061+00,
3718,654049699,76654049699,company,2026-08-18 03:38:17.304061+00,
3719,008719015,96008719015,company,2026-08-18 03:38:17.304061+00,
3720,147375451,50147375451,company,2026-08-18 03:38:17.304061+00,
3721,061503375,75061503375,company,2026-08-18 03:38:17.304061+00,
3722,070028625,75070028625,company,2026-08-18 03:38:17.304061+00,
3723,605352510,24605352510,company,2026-08-18 03:38:17.304061+00,
3724,001287510,70001287510,company,2026-08-18 03:38:17.304061+00,
3725,009058646,50009058646,company,2026-08-18 03:38:17.304061+00,
3726,010195972,74010195972,company,2026-08-18 03:38:17.304061+00,
3727,115927681,62115927681,company,2026-08-18 03:38:17.304061+00,
3728,003188930,47003188930,company,2026-08-18 03:38:17.304061+00,
3729,653383478,84653383478,company,2026-08-18 03:38:17.304061+00,
3730,093977336,19093977336,company,2026-08-18 03:38:17.304061+00,
3731,096170295,93096170295,company,2026-08-18 03:38:17.304061+00,
3732,095907565,20095907565,company,2026-08-18 03:38:17.304061+00,
3733,166705595,18166705595,company,2026-08-18 03:38:17.304061+00,
3734,108958274,20108958274,company,2026-08-18 03:38:17.304061+00,
3735,116296541,48116296541,company,2026-08-18 03:38:17.304061+00,
3736,008924570,50008924570,company,2026-08-18 03:38:17.304061+00,
3737,066385822,11066385822,company,2026-08-18 03:38:17.304061+00,
3738,004147120,56004147120,company,2026-08-18 03:38:17.304061+00,
3739,063366487,82063366487,company,2026-08-18 03:38:17.304061+00,
3740,,,foreign,2026-08-18 03:38:17.304061+00,609017969
3741,633936526,75633936526,company,2026-08-18 03:38:17.304061+00,
3742,075860472,30075860472,company,2026-08-18 03:38:17.304061+00,
3743,140575604,79140575604,company,2026-08-18 03:38:17.304061+00,
3744,068516665,37068516665,company,2026-08-18 03:38:17.304061+00,
3745,115061375,74115061375,company,2026-08-18 03:38:17.304061+00,
3746,637578753,78637578753,company,2026-08-18 03:38:17.304061+00,
3747,128256888,94128256888,company,2026-08-18 03:38:17.304061+00,
3748,073391189,27073391189,company,2026-08-18 03:38:17.304061+00,
3749,108208760,67108208760,company,2026-08-18 03:38:17.304061+00,
3750,145327617,17145327617,company,2026-08-18 03:38:17.304061+00,
3751,057046607,36057046607,company,2026-08-18 03:38:17.304061+00,
3752,123668717,31123668717,company,2026-08-18 03:38:17.304061+00,
3753,121033396,51121033396,company,2026-08-18 03:38:17.304061+00,
3754,113758900,69113758900,company,2026-08-18 03:38:17.304061+00,
3755,155473304,30155473304,company,2026-08-18 03:38:17.304061+00,
3756,,,foreign,2026-08-18 03:38:17.304061+00,085819156
3757,687262479,66687262479,company,2026-08-18 03:38:17.304061+00,
3758,,,foreign,2026-08-18 03:38:17.304061+00,648673714
3759,122058708,12122058708,company,2026-08-18 03:38:17.304061+00,
3760,,,other,2026-08-18 03:38:17.304061+00,
3761,147131977,30147131977,company,2026-08-18 03:38:17.304061+00,
3762,113452896,11113452896,company,2026-08-18 03:38:17.304061+00,
3763,,,other,2026-08-18 03:38:17.304061+00,
3764,,,foreign,2026-08-18 03:38:17.304061+00,000312685
3765,060309104,12060309104,company,2026-08-18 03:38:17.304061+00,
3766,064820408,91064820408,company,2026-08-18 03:38:17.304061+00,
3767,125140105,66125140105,company,2026-08-18 03:38:17.304061+00,
3768,000003725,93000003725,company,2026-08-18 03:38:17.304061+00,
3769,122417243,46122417243,company,2026-08-18 03:38:17.304061+00,
3770,070859522,29070859522,company,2026-08-18 03:38:17.304061+00,
3771,139847555,90139847555,company,2026-08-18 03:38:17.304061+00,
3772,602857983,55602857983,company,2026-08-18 03:38:17.304061+00,
3773,090987250,35090987250,company,2026-08-18 03:38:17.304061+00,
3774,620545664,94620545664,company,2026-08-18 03:38:17.304061+00,
3775,143142410,77143142410,company,2026-08-18 03:38:17.304061+00,
3776,004201307,40004201307,company,2026-08-18 03:38:17.304061+00,
3777,604986914,23604986914,company,2026-08-18 03:38:17.304061+00,
3778,000689216,35000689216,company,2026-08-18 03:38:17.304061+00,
3779,002818368,44002818368,company,2026-08-18 03:38:17.304061+00,
3780,,,foreign,2026-08-18 03:38:17.304061+00,123316781
3781,009657489,92009657489,company,2026-08-18 03:38:17.304061+00,
3782,149026308,72149026308,company,2026-08-18 03:38:17.304061+00,
3783,691236549,31691236549,company,2026-08-18 03:38:17.304061+00,
3784,637802496,37637802496,company,2026-08-18 03:38:17.304061+00,
3785,141075201,56141075201,company,2026-08-18 03:38:17.304061+00,
3786,124444122,17124444122,company,2026-08-18 03:38:17.304061+00,
3787,120973775,15120973775,company,2026-08-18 03:38:17.304061+00,
3788,110599650,11110599650,company,2026-08-18 03:38:17.304061+00,
3789,,,foreign,2026-08-18 03:38:17.304061+00,646114749
3790,113883560,50113883560,company,2026-08-18 03:38:17.304061+00,
3791,,,foreign,2026-08-18 03:38:17.304061+00,630385278
3792,112609846,49112609846,company,2026-08-18 03:38:17.304061+00,
3793,073990735,57073990735,company,2026-08-18 03:38:17.304061+00,
3794,108476384,37108476384,company,2026-08-18 03:38:17.304061+00,
3795,122162396,15122162396,company,2026-08-18 03:38:17.304061+00,
3796,079080158,17079080158,company,2026-08-18 03:38:17.304061+00,
3797,079354519,49079354519,company,2026-08-18 03:38:17.304061+00,
3798,139730500,25139730500,company,2026-08-18 03:38:17.304061+00,
3799,124792132,33124792132,company,2026-08-18 03:38:17.304061+00,
3800,153103925,94153103925,company,2026-08-18 03:38:17.304061+00,
3801,111304119,69111304119,company,2026-08-18 03:38:17.304061+00,
3802,078480136,60078480136,company,2026-08-18 03:38:17.304061+00,
3803,004085330,89004085330,company,2026-08-18 03:38:17.304061+00,
3804,079845855,54079845855,company,2026-08-18 03:38:17.304061+00,
3805,145239872,41145239872,company,2026-08-18 03:38:17.304061+00,
3806,106304787,46106304787,company,2026-08-18 03:38:17.304061+00,
3807,659510791,16659510791,company,2026-08-18 03:38:17.304061+00,
3808,134358964,88134358964,company,2026-08-18 03:38:17.304061+00,
3809,114061433,83114061433,company,2026-08-18 03:38:17.304061+00,
3810,125222924,96125222924,company,2026-08-18 03:38:17.304061+00,
3811,004400891,99004400891,company,2026-08-18 03:38:17.304061+00,
3812,091344704,99091344704,company,2026-08-18 03:38:17.304061+00,
3813,149390394,58149390394,company,2026-08-18 03:38:17.304061+00,
3814,009680013,87009680013,company,2026-08-18 03:38:17.304061+00,
3815,080277998,56080277998,company,2026-08-18 03:38:17.304061+00,
3816,,,other,2026-08-18 03:38:17.304061+00,
3817,138878298,60138878298,company,2026-08-18 03:38:17.304061+00,
3818,004160927,50004160927,company,2026-08-18 03:38:17.304061+00,
3819,089206986,49089206986,company,2026-08-18 03:38:17.304061+00,
3820,091542451,35091542451,company,2026-08-18 03:38:17.304061+00,
3821,634457506,23634457506,company,2026-08-18 03:38:17.304061+00,
3822,099247408,71099247408,company,2026-08-18 03:38:17.304061+00,
3823,153361525,96153361525,company,2026-08-18 03:38:17.304061+00,
3824,142485470,50142485470,company,2026-08-18 03:38:17.304061+00,
3825,632645302,73632645302,company,2026-08-18 03:38:17.304061+00,
3826,123098671,79123098671,company,2026-08-18 03:38:17.304061+00,
3827,010474067,50010474067,company,2026-08-18 03:38:17.304061+00,
3828,006708756,31006708756,company,2026-08-18 03:38:17.304061+00,
3829,001746710,52001746710,company,2026-08-18 03:38:17.304061+00,
3830,124780276,89124780276,company,2026-08-18 03:38:17.304061+00,
3831,602365186,89602365186,company,2026-08-18 03:38:17.304061+00,
3832,007519520,35007519520,company,2026-08-18 03:38:17.304061+00,
3833,086839992,92086839992,company,2026-08-18 03:38:17.304061+00,
3834,614289342,30614289342,company,2026-08-18 03:38:17.304061+00,
3835,622990809,31622990809,company,2026-08-18 03:38:17.304061+00,
3836,003254395,16003254395,company,2026-08-18 03:38:17.304061+00,
3837,003453503,,company,2026-08-18 03:38:17.304061+00,
3838,149850457,53149850457,company,2026-08-18 03:38:17.304061+00,
3839,080933455,22080933455,company,2026-08-18 03:38:17.304061+00,
3840,107051749,80107051749,company,2026-08-18 03:38:17.304061+00,
3841,,,foreign,2026-08-18 03:38:17.304061+00,638867473
3842,006710774,39006710774,company,2026-08-18 03:38:17.304061+00,
3843,646034460,39646034460,company,2026-08-18 03:38:17.304061+00,
3844,009250266,73009250266,company,2026-08-18 03:38:17.304061+00,
3845,614505261,54614505261,company,2026-08-18 03:38:17.304061+00,
3846,094747510,92094747510,company,2026-08-18 03:38:17.304061+00,
3847,645578454,24645578454,company,2026-08-18 03:38:17.304061+00,
3848,,,other,2026-08-18 03:38:17.304061+00,
3849,136636005,46136636005,company,2026-08-18 03:38:17.304061+00,
3850,000375048,66000375048,company,2026-08-18 03:38:17.304061+00,
3851,119699982,72119699982,company,2026-08-18 03:38:17.304061+00,
3852,164718361,50164718361,company,2026-08-18 03:38:17.304061+00,
3853,008624691,98008624691,company,2026-08-18 03:38:17.304061+00,
3854,142925684,37142925684,company,2026-08-18 03:38:17.304061+00,
3855,168269752,26168269752,company,2026-08-18 03:38:17.304061+00,
3856,654662638,34654662638,company,2026-08-18 03:38:17.304061+00,
3857,125301206,45125301206,company,2026-08-18 03:38:17.304061+00,
3858,119200592,11119200592,company,2026-08-18 03:38:17.304061+00,
3859,080699065,37080699065,company,2026-08-18 03:38:17.304061+00,
3860,,,other,2026-08-18 03:38:17.304061+00,
3861,009220053,32009220053,company,2026-08-18 03:38:17.304061+00,
3862,685756209,54685756209,company,2026-08-18 03:38:17.304061+00,
3863,609262937,34609262937,company,2026-08-18 03:38:17.304061+00,
3864,650673500,78650673500,company,2026-08-18 03:38:17.304061+00,
3865,636569634,24636569634,company,2026-08-18 03:38:17.304061+00,
3866,165160841,16165160841,company,2026-08-18 03:38:17.304061+00,
3867,118913232,52118913232,company,2026-08-18 03:38:17.304061+00,
3868,604368443,27604368443,company,2026-08-18 03:38:17.304061+00,
3869,000000715,60000000715,company,2026-08-18 03:38:17.304061+00,
3870,140164496,67140164496,company,2026-08-18 03:38:17.304061+00,
3871,650477286,17650477286,company,2026-08-18 03:38:17.304061+00,
3872,651349638,13651349638,company,2026-08-18 03:38:17.304061+00,
3873,004268679,37004268679,company,2026-08-18 03:38:17.304061+00,
3874,122892719,27122892719,company,2026-08-18 03:38:17.304061+00,
3875,085806284,77085806284,company,2026-08-18 03:38:17.304061+00,
3876,009448980,26009448980,company,2026-08-18 03:38:17.304061+00,
3877,073914191,68073914191,company,2026-08-18 03:38:17.304061+00,
3878,156377141,88156377141,company,2026-08-18 03:38:17.304061+00,
3879,064089318,67064089318,company,2026-08-18 03:38:17.304061+00,
3880,648988783,57648988783,company,2026-08-18 03:38:17.304061+00,
3881,056482403,32056482403,company,2026-08-18 03:38:17.304061+00,
3882,052179932,78052179932,company,2026-08-18 03:38:17.304061+00,
3883,,,foreign,2026-08-18 03:38:17.304061+00,641288155
3884,116221740,90116221740,company,2026-08-18 03:38:17.304061+00,
3885,127131604,83127131604,company,2026-08-18 03:38:17.304061+00,
3886,,,foreign,2026-08-18 03:38:17.304061+00,677960235
3887,131715645,38131715645,company,2026-08-18 03:38:17.304061+00,
3888,645960550,75645960550,company,2026-08-18 03:38:17.304061+00,
3889,635470843,29635470843,company,2026-08-18 03:38:17.304061+00,
3890,108096251,85108096251,company,2026-08-18 03:38:17.304061+00,
3891,617821771,33617821771,company,2026-08-18 03:38:17.304061+00,
3892,123993233,64123993233,company,2026-08-18 03:38:17.304061+00,
3893,009063834,40009063834,company,2026-08-18 03:38:17.304061+00,
3894,665921273,50665921273,company,2026-08-18 03:38:17.304061+00,
3895,009260315,62009260315,company,2026-08-18 03:38:17.304061+00,
3896,114198471,98114198471,company,2026-08-18 03:38:17.304061+00,
3897,,,foreign,2026-08-18 03:38:17.304061+00,695488843
3898,624005741,53624005741,company,2026-08-18 03:38:17.304061+00,
3899,126540547,35126540547,company,2026-08-18 03:38:17.304061+00,
3900,130933309,68130933309,company,2026-08-18 03:38:17.304061+00,
3901,,,foreign,2026-08-18 03:38:17.304061+00,619213437
3902,078510988,63078510988,company,2026-08-18 03:38:17.304061+00,
3903,146335622,14146335622,company,2026-08-18 03:38:17.304061+00,
3904,147133364,79147133364,company,2026-08-18 03:38:17.304061+00,
3905,633925505,63633925505,company,2026-08-18 03:38:17.304061+00,
3906,641565139,86641565139,company,2026-08-18 03:38:17.304061+00,
3907,153199912,80153199912,company,2026-08-18 03:38:17.304061+00,
3908,008694817,13008694817,company,2026-08-18 03:38:17.304061+00,
3909,652901703,53652901703,company,2026-08-18 03:38:17.304061+00,
3910,087651849,63087651849,company,2026-08-18 03:38:17.304061+00,
3911,009570030,41009570030,company,2026-08-18 03:38:17.304061+00,
3912,128533693,58128533693,company,2026-08-18 03:38:17.304061+00,
3913,647124641,19647124641,company,2026-08-18 03:38:17.304061+00,
3914,620896282,63620896282,company,2026-08-18 03:38:17.304061+00,
3915,150714739,63150714739,company,2026-08-18 03:38:17.304061+00,
3916,010568804,39010568804,company,2026-08-18 03:38:17.304061+00,
3917,120646924,21120646924,company,2026-08-18 03:38:17.304061+00,
3918,,,foreign,2026-08-18 03:38:17.304061+00,143211867
3919,089221634,82089221634,company,2026-08-18 03:38:17.304061+00,
3920,119611559,64119611559,company,2026-08-18 03:38:17.304061+00,
3921,160017390,33160017390,company,2026-08-18 03:38:17.304061+00,
3922,142051223,51142051223,company,2026-08-18 03:38:17.304061+00,
3923,008108218,87008108218,company,2026-08-18 03:38:17.304061+00,
3924,068049178,11068049178,company,2026-08-18 03:38:17.304061+00,
3925,009264699,20009264699,company,2026-08-18 03:38:17.304061+00,
3926,164521395,21164521395,company,2026-08-18 03:38:17.304061+00,
3927,,,foreign,2026-08-18 03:38:17.304061+00,141335686
3928,083194763,59083194763,company,2026-08-18 03:38:17.304061+00,
3929,,,foreign,2026-08-18 03:38:17.304061+00,649704656
3930,008358503,81008358503,company,2026-08-18 03:38:17.304061+00,
3931,633442618,36633442618,company,2026-08-18 03:38:17.304061+00,
3932,130148560,14130148560,company,2026-08-18 03:38:17.304061+00,
3933,110439686,99110439686,company,2026-08-18 03:38:17.304061+00,
3934,,,foreign,2026-08-18 03:38:17.304061+00,619060552
3935,071735950,32071735950,company,2026-08-18 03:38:17.304061+00,
3936,614854045,62614854045,company,2026-08-18 03:38:17.304061+00,
3937,683066613,68683066613,company,2026-08-18 03:38:17.304061+00,
3938,652352228,74652352228,company,2026-08-18 03:38:17.304061+00,
3939,004028077,49004028077,company,2026-08-18 03:38:17.304061+00,
3940,650470947,52650470947,company,2026-08-18 03:38:17.304061+00,
3941,627364014,51627364014,company,2026-08-18 03:38:17.304061+00,
3942,098674545,22098674545,company,2026-08-18 03:38:17.304061+00,
3943,086399144,60086399144,company,2026-08-18 03:38:17.304061+00,
3944,659846901,90659846901,company,2026-08-18 03:38:17.304061+00,
3945,106719868,23106719868,company,2026-08-18 03:38:17.304061+00,
3946,094551336,59094551336,company,2026-08-18 03:38:17.304061+00,
3947,052468569,40052468569,company,2026-08-18 03:38:17.304061+00,
3948,116825793,20116825793,company,2026-08-18 03:38:17.304061+00,
3949,084464193,97084464193,company,2026-08-18 03:38:17.304061+00,
3950,054800378,14054800378,company,2026-08-18 03:38:17.304061+00,
3951,164122785,90164122785,company,2026-08-18 03:38:17.304061+00,
3952,074728019,15074728019,company,2026-08-18 03:38:17.304061+00,
3953,685311577,73685311577,company,2026-08-18 03:38:17.304061+00,
3954,085905997,80085905997,company,2026-08-18 03:38:17.304061+00,
3955,,,foreign,2026-08-18 03:38:17.304061+00,647860124
3956,602638531,87602638531,company,2026-08-18 03:38:17.304061+00,
3957,107159713,43107159713,company,2026-08-18 03:38:17.304061+00,
3958,646716681,67646716681,company,2026-08-18 03:38:17.304061+00,
3959,113017128,34113017128,company,2026-08-18 03:38:17.304061+00,
3960,632893611,72632893611,company,2026-08-18 03:38:17.304061+00,
3961,627071121,42627071121,company,2026-08-18 03:38:17.304061+00,
3962,009230835,75009230835,company,2026-08-18 03:38:17.304061+00,
3963,144590858,81144590858,company,2026-08-18 03:38:17.304061+00,
3964,,,foreign,2026-08-18 03:38:17.304061+00,642228804
3965,149582687,29149582687,company,2026-08-18 03:38:17.304061+00,
3966,,,foreign,2026-08-18 03:38:17.304061+00,007497869
3967,116834336,38116834336,company,2026-08-18 03:38:17.304061+00,
3968,095466961,28095466961,company,2026-08-18 03:38:17.304061+00,
3969,009656740,32009656740,company,2026-08-18 03:38:17.304061+00,
3970,009109755,70009109755,company,2026-08-18 03:38:17.304061+00,
3971,009104330,57009104330,company,2026-08-18 03:38:17.304061+00,
3972,,,foreign,2026-08-18 03:38:17.304061+00,689372003
3973,095912002,41095912002,company,2026-08-18 03:38:17.304061+00,
3974,644263516,60644263516,company,2026-08-18 03:38:17.304061+00,
3975,009436908,47009436908,company,2026-08-18 03:38:17.304061+00,
3976,007617969,20007617969,company,2026-08-18 03:38:17.304061+00,
3977,649154870,88649154870,company,2026-08-18 03:38:17.304061+00,
3978,086933431,90086933431,company,2026-08-18 03:38:17.304061+00,
3979,609901377,72609901377,company,2026-08-18 03:38:17.304061+00,
3980,108787720,15108787720,company,2026-08-18 03:38:17.304061+00,
3981,,,foreign,2026-08-18 03:38:17.304061+00,164306905
3982,151159812,64151159812,company,2026-08-18 03:38:17.304061+00,
3983,130651437,71130651437,company,2026-08-18 03:38:17.304061+00,
3984,149230811,73149230811,company,2026-08-18 03:38:17.304061+00,
3985,088412748,50088412748,company,2026-08-18 03:38:17.304061+00,
3986,000011058,16000011058,company,2026-08-18 03:38:17.304061+00,
3987,655515110,46655515110,company,2026-08-18 03:38:17.304061+00,
3988,687537775,38687537775,company,2026-08-18 03:38:17.304061+00,
3989,642501228,40642501228,company,2026-08-18 03:38:17.304061+00,
3990,614534226,96614534226,company,2026-08-18 03:38:17.304061+00,
3991,091979172,45091979172,company,2026-08-18 03:38:17.304061+00,
3992,626751620,41626751620,company,2026-08-18 03:38:17.304061+00,
3993,601048275,38601048275,company,2026-08-18 03:38:17.304061+00,
3994,002148361,29002148361,company,2026-08-18 03:38:17.304061+00,
3995,124408751,65124408751,company,2026-08-18 03:38:17.304061+00,
3996,644182883,42644182883,company,2026-08-18 03:38:17.304061+00,
3997,100727491,44100727491,company,2026-08-18 03:38:17.304061+00,
3998,060094742,63060094742,company,2026-08-18 03:38:17.304061+00,
3999,645324992,44645324992,company,2026-08-18 03:38:17.304061+00,
4000,654970751,17654970751,company,2026-08-18 03:38:17.304061+00,
4001,125049550,86125049550,company,2026-08-18 03:38:17.304061+00,
4002,090625353,82090625353,company,2026-08-18 03:38:17.304061+00,
4003,655732246,43655732246,company,2026-08-18 03:38:17.304061+00,
4004,164391128,54164391128,company,2026-08-18 03:38:17.304061+00,
4005,146935131,37146935131,company,2026-08-18 03:38:17.304061+00,
4006,009154349,81009154349,company,2026-08-18 03:38:17.304061+00,
4007,,,other,2026-08-18 03:38:17.304061+00,
4008,118896021,89118896021,company,2026-08-18 03:38:17.304061+00,
4009,648890126,27648890126,company,2026-08-18 03:38:17.304061+00,
4010,645218453,47645218453,company,2026-08-18 03:38:17.304061+00,
4011,613131141,76613131141,company,2026-08-18 03:38:17.304061+00,
4012,122957322,84122957322,company,2026-08-18 03:38:17.304061+00,
4013,004213692,78004213692,company,2026-08-18 03:38:17.304061+00,
4014,108146694,35108146694,company,2026-08-18 03:38:17.304061+00,
4015,052507507,72052507507,company,2026-08-18 03:38:17.304061+00,
4016,106282777,99106282777,company,2026-08-18 03:38:17.304061+00,
4017,603949739,25603949739,company,2026-08-18 03:38:17.304061+00,
4018,091687740,86091687740,company,2026-08-18 03:38:17.304061+00,
4019,074444018,91074444018,company,2026-08-18 03:38:17.304061+00,
4020,164301197,53164301197,company,2026-08-18 03:38:17.304061+00,
4021,119450243,49119450243,company,2026-08-18 03:38:17.304061+00,
4022,140087261,13140087261,company,2026-08-18 03:38:17.304061+00,
4023,101049334,23101049334,company,2026-08-18 03:38:17.304061+00,
4024,123123124,48123123124,company,2026-08-18 03:38:17.304061+00,
4025,626241067,75626241067,company,2026-08-18 03:38:17.304061+00,
4026,115465462,45115465462,company,2026-08-18 03:38:17.304061+00,
4027,115131667,32115131667,company,2026-08-18 03:38:17.304061+00,
4028,152189369,59152189369,company,2026-08-18 03:38:17.304061+00,
4029,107670673,95107670673,company,2026-08-18 03:38:17.304061+00,
4030,637559847,13637559847,company,2026-08-18 03:38:17.304061+00,
4031,150762351,34150762351,company,2026-08-18 03:38:17.304061+00,
4032,009237736,69009237736,company,2026-08-18 03:38:17.304061+00,
4033,619196539,64619196539,company,2026-08-18 03:38:17.304061+00,
4034,087822455,95087822455,company,2026-08-18 03:38:17.304061+00,
4035,061289218,85061289218,company,2026-08-18 03:38:17.304061+00,
4036,169441874,40169441874,company,2026-08-18 03:38:17.304061+00,
4037,092697151,33092697151,company,2026-08-18 03:38:17.304061+00,
4038,604797033,48604797033,company,2026-08-18 03:38:17.304061+00,
4039,069141546,39069141546,company,2026-08-18 03:38:17.304061+00,
4040,057569169,43057569169,company,2026-08-18 03:38:17.304061+00,
4041,,,other,2026-08-18 03:38:17.304061+00,
4042,,,other,2026-08-18 03:38:17.304061+00,
4043,,,other,2026-08-18 03:38:17.304061+00,
4044,007590605,77007590605,company,2026-08-18 03:38:17.304061+00,
4045,108649421,68108649421,company,2026-08-18 03:38:17.304061+00,
4046,112870096,17112870096,company,2026-08-18 03:38:17.304061+00,
4047,627359166,37627359166,company,2026-08-18 03:38:17.304061+00,
4048,,,other,2026-08-18 03:38:17.304061+00,
4049,600818157,17600818157,company,2026-08-18 03:38:17.304061+00,
4050,116095802,83116095802,company,2026-08-18 03:38:17.304061+00,
4051,628881603,51628881603,company,2026-08-18 03:38:17.304061+00,
4052,123591382,45123591382,company,2026-08-18 03:38:17.304061+00,
4053,,,foreign,2026-08-18 03:38:17.304061+00,080480477
4054,098238585,71098238585,company,2026-08-18 03:38:17.304061+00,
4055,097247464,59097247464,company,2026-08-18 03:38:17.304061+00,
4056,106842371,85106842371,company,2026-08-18 03:38:17.304061+00,
4057,083090895,16083090895,company,2026-08-18 03:38:17.304061+00,
4058,122958810,51122958810,company,2026-08-18 03:38:17.304061+00,
4059,090975723,80090975723,company,2026-08-18 03:38:17.304061+00,
4060,,,other,2026-08-18 03:38:17.304061+00,
4061,,,foreign,2026-08-18 03:38:17.304061+00,692999929
4062,647333962,83647333962,company,2026-08-18 03:38:17.304061+00,
4063,638835828,68638835828,company,2026-08-18 03:38:17.304061+00,
4064,116648956,47116648956,company,2026-08-18 03:38:17.304061+00,
4065,646203465,61646203465,company,2026-08-18 03:38:17.304061+00,
4066,656965589,43656965589,company,2026-08-18 03:38:17.304061+00,
4067,,,other,2026-08-18 03:38:17.304061+00,
4068,000020262,85000020262,company,2026-08-18 03:38:17.304061+00,
4069,,,other,2026-08-18 03:38:17.304061+00,
4070,067185899,37067185899,company,2026-08-18 03:38:17.304061+00,
4071,082541437,55082541437,company,2026-08-18 03:38:17.304061+00,
4072,151420781,13151420781,company,2026-08-18 03:38:17.304061+00,
4073,066153982,60066153982,company,2026-08-18 03:38:17.304061+00,
4074,009162949,95009162949,company,2026-08-18 03:38:17.304061+00,
4075,095718317,91095718317,company,2026-08-18 03:38:17.304061+00,
4076,644675909,65644675909,company,2026-08-18 03:38:17.304061+00,
4077,003622866,85003622866,company,2026-08-18 03:38:17.304061+00,
4078,,,other,2026-08-18 03:38:17.304061+00,
4079,008778925,69008778925,company,2026-08-18 03:38:17.304061+00,
4080,119484016,77119484016,company,2026-08-18 03:38:17.304061+00,
4081,648091418,20648091418,company,2026-08-18 03:38:17.304061+00,
4082,127035358,13127035358,company,2026-08-18 03:38:17.304061+00,
4083,115027033,13115027033,company,2026-08-18 03:38:17.304061+00,
4084,652994726,91652994726,company,2026-08-18 03:38:17.304061+00,
4085,009076233,99009076233,company,2026-08-18 03:38:17.304061+00,
4086,121700105,84121700105,company,2026-08-18 03:38:17.304061+00,
4087,653132828,17653132828,company,2026-08-18 03:38:17.304061+00,
4088,006854897,95006854897,company,2026-08-18 03:38:17.304061+00,
4089,,,other,2026-08-18 03:38:17.304061+00,
4090,644982123,88644982123,company,2026-08-18 03:38:17.304061+00,
4091,610855064,62610855064,company,2026-08-18 03:38:17.304061+00,
4092,112893491,80112893491,company,2026-08-18 03:38:17.304061+00,
4093,,,other,2026-08-18 03:38:17.304061+00,
4094,119057457,49119057457,company,2026-08-18 03:38:17.304061+00,
4095,647935948,12647935948,company,2026-08-18 03:38:17.304061+00,
4096,,,foreign,2026-08-18 03:38:17.304061+00,152485848
4097,614466607,90614466607,company,2026-08-18 03:38:17.304061+00,
4098,625763957,49625763957,company,2026-08-18 03:38:17.304061+00,
4099,,,other,2026-08-18 03:38:17.304061+00,
4100,100854788,58100854788,company,2026-08-18 03:38:17.304061+00,
4101,002618073,96002618073,company,2026-08-18 03:38:17.304061+00,
4102,106092577,47106092577,company,2026-08-18 03:38:17.304061+00,
4103,004089936,11004089936,company,2026-08-18 03:38:17.304061+00,
4104,635371363,66635371363,company,2026-08-18 03:38:17.304061+00,
4105,655717169,13655717169,company,2026-08-18 03:38:17.304061+00,
4106,126490855,54126490855,company,2026-08-18 03:38:17.304061+00,
4107,145951622,86145951622,company,2026-08-18 03:38:17.304061+00,
4108,647594956,16647594956,company,2026-08-18 03:38:17.304061+00,
4109,641813587,33641813587,company,2026-08-18 03:38:17.304061+00,
4110,627735531,72627735531,company,2026-08-18 03:38:17.304061+00,
4111,005485825,71005485825,company,2026-08-18 03:38:17.304061+00,
4112,071397487,45071397487,company,2026-08-18 03:38:17.304061+00,
4113,,,other,2026-08-18 03:38:17.304061+00,
4114,,,other,2026-08-18 03:38:17.304061+00,
4115,113252234,81113252234,company,2026-08-18 03:38:17.304061+00,
4116,153144211,57153144211,company,2026-08-18 03:38:17.304061+00,
4117,009118861,27009118861,company,2026-08-18 03:38:17.304061+00,
4118,122976818,81122976818,company,2026-08-18 03:38:17.304061+00,
4119,,,foreign,2026-08-18 03:38:17.304061+00,656246678
4120,119678385,51119678385,company,2026-08-18 03:38:17.304061+00,
4121,,,foreign,2026-08-18 03:38:17.304061+00,628199468
4122,145184667,12145184667,company,2026-08-18 03:38:17.304061+00,
4123,624970725,96624970725,company,2026-08-18 03:38:17.304061+00,
4124,,,foreign,2026-08-18 03:38:17.304061+00,673751490
4125,051588348,99051588348,company,2026-08-18 03:38:17.304061+00,
4126,124314085,93124314085,company,2026-08-18 03:38:17.304061+00,
4127,150214636,91150214636,company,2026-08-18 03:38:17.304061+00,
4128,009213754,58009213754,company,2026-08-18 03:38:17.304061+00,
4129,131207611,17131207611,company,2026-08-18 03:38:17.304061+00,
4130,090919476,86090919476,company,2026-08-18 03:38:17.304061+00,
4131,009468099,40009468099,company,2026-08-18 03:38:17.304061+00,
4132,130618683,74130618683,company,2026-08-18 03:38:17.304061+00,
4133,060397177,30060397177,company,2026-08-18 03:38:17.304061+00,
4134,083254308,72083254308,company,2026-08-18 03:38:17.304061+00,
4135,612267857,83612267857,company,2026-08-18 03:38:17.304061+00,
4136,681662224,15681662224,company,2026-08-18 03:38:17.304061+00,
4137,645474166,75645474166,company,2026-08-18 03:38:17.304061+00,
4138,143005341,36143005341,company,2026-08-18 03:38:17.304061+00,
4139,066383971,45066383971,company,2026-08-18 03:38:17.304061+00,
4140,112731638,31112731638,company,2026-08-18 03:38:17.304061+00,
4141,006045790,46006045790,company,2026-08-18 03:38:17.304061+00,
4142,126990832,11126990832,company,2026-08-18 03:38:17.304061+00,
4143,089644119,88089644119,company,2026-08-18 03:38:17.304061+00,
4144,140706618,32140706618,company,2026-08-18 03:38:17.304061+00,
4145,002700361,34002700361,company,2026-08-18 03:38:17.304061+00,
4146,672407171,19672407171,company,2026-08-18 03:38:17.304061+00,
4147,002688851,60002688851,company,2026-08-18 03:38:17.304061+00,
4148,635842143,16635842143,company,2026-08-18 03:38:17.304061+00,
4149,120069089,41120069089,company,2026-08-18 03:38:17.304061+00,
4150,106248248,83106248248,company,2026-08-18 03:38:17.304061+00,
4151,009259081,47009259081,company,2026-08-18 03:38:17.304061+00,
4152,101155220,74101155220,company,2026-08-18 03:38:17.304061+00,
4153,117372540,36117372540,company,2026-08-18 03:38:17.304061+00,
4154,146287809,80146287809,company,2026-08-18 03:38:17.304061+00,
4155,102912783,22102912783,company,2026-08-18 03:38:17.304061+00,
4156,004240313,68004240313,company,2026-08-18 03:38:17.304061+00,
4157,609094653,80609094653,company,2026-08-18 03:38:17.304061+00,
4158,622728189,80622728189,company,2026-08-18 03:38:17.304061+00,
4159,116931250,74116931250,company,2026-08-18 03:38:17.304061+00,
4160,008670102,37008670102,company,2026-08-18 03:38:17.304061+00,
4161,118912495,54118912495,company,2026-08-18 03:38:17.304061+00,
4162,002678640,48002678640,company,2026-08-18 03:38:17.304061+00,
4163,104037372,98104037372,company,2026-08-18 03:38:17.304061+00,
4164,119749647,47119749647,company,2026-08-18 03:38:17.304061+00,
4165,006340567,32006340567,company,2026-08-18 03:38:17.304061+00,
4166,112898825,87112898825,company,2026-08-18 03:38:17.304061+00,
4167,112866869,91112866869,company,2026-08-18 03:38:17.304061+00,
4168,649276808,87649276808,company,2026-08-18 03:38:17.304061+00,
4169,147324847,50147324847,company,2026-08-18 03:38:17.304061+00,
4170,614347269,28614347269,company,2026-08-18 03:38:17.304061+00,
4171,648476699,23648476699,company,2026-08-18 03:38:17.304061+00,
4172,129249243,45129249243,company,2026-08-18 03:38:17.304061+00,
4173,643302032,76643302032,company,2026-08-18 03:38:17.304061+00,
4174,649177677,13649177677,company,2026-08-18 03:38:17.304061+00,
4175,009575035,59009575035,company,2026-08-18 03:38:17.304061+00,
4176,000969362,95000969362,company,2026-08-18 03:38:17.304061+00,
4177,091908726,54091908726,company,2026-08-18 03:38:17.304061+00,
4178,638111127,62638111127,company,2026-08-18 03:38:17.304061+00,
4179,614756642,12614756642,company,2026-08-18 03:38:17.304061+00,
4180,658510242,75658510242,company,2026-08-18 03:38:17.304061+00,
4181,009799553,74009799553,company,2026-08-18 03:38:17.304061+00,
4182,003184932,61003184932,company,2026-08-18 03:38:17.304061+00,
4183,002802646,71002802646,company,2026-08-18 03:38:17.304061+00,
4184,052354837,67052354837,company,2026-08-18 03:38:17.304061+00,
4185,,,other,2026-08-18 03:38:17.304061+00,
4186,006862693,38006862693,company,2026-08-18 03:38:17.304061+00,
4187,159084107,76159084107,company,2026-08-18 03:38:17.304061+00,
4188,107244039,67107244039,company,2026-08-18 03:38:17.304061+00,
4189,664007621,56664007621,company,2026-08-18 03:38:17.304061+00,
4190,617947172,84617947172,company,2026-08-18 03:38:17.304061+00,
4191,151996566,49151996566,company,2026-08-18 03:38:17.304061+00,
4192,010489326,16010489326,company,2026-08-18 03:38:17.304061+00,
4193,,,other,2026-08-18 03:38:17.304061+00,
4194,004080264,42004080264,company,2026-08-18 03:38:17.304061+00,
4195,,,foreign,2026-08-18 03:38:17.304061+00,645163873
4196,003872848,97003872848,company,2026-08-18 03:38:17.304061+00,
4197,,,foreign,2026-08-18 03:38:17.304061+00,689370894
4198,119031864,40119031864,company,2026-08-18 03:38:17.304061+00,
4199,608915859,26608915859,company,2026-08-18 03:38:17.304061+00,
4200,641743348,88641743348,company,2026-08-18 03:38:17.304061+00,
4201,061267061,33061267061,company,2026-08-18 03:38:17.304061+00,
4202,603018131,38603018131,company,2026-08-18 03:38:17.304061+00,
4203,680419345,25680419345,company,2026-08-18 03:38:17.304061+00,
4204,010545267,31010545267,company,2026-08-18 03:38:17.304061+00,
4205,119904880,84119904880,company,2026-08-18 03:38:17.304061+00,
4206,149105653,63149105653,company,2026-08-18 03:38:17.304061+00,
4207,125264575,71125264575,company,2026-08-18 03:38:17.304061+00,
4208,089145424,64089145424,company,2026-08-18 03:38:17.304061+00,
4209,169944334,99169944334,company,2026-08-18 03:38:17.304061+00,
4210,640432819,14640432819,company,2026-08-18 03:38:17.304061+00,
4211,141614075,94141614075,company,2026-08-18 03:38:17.304061+00,
4212,129742409,15129742409,company,2026-08-18 03:38:17.304061+00,
4213,122180205,28122180205,company,2026-08-18 03:38:17.304061+00,
4214,612182368,85612182368,company,2026-08-18 03:38:17.304061+00,
4215,001285230,18001285230,company,2026-08-18 03:38:17.304061+00,
4216,,,other,2026-08-18 03:38:17.304061+00,
4217,,,other,2026-08-18 03:38:17.304061+00,
4218,620888548,46620888548,company,2026-08-18 03:38:17.304061+00,
4219,,,other,2026-08-18 03:38:17.304061+00,
4220,006391948,97006391948,company,2026-08-18 03:38:17.304061+00,
4221,659154480,37659154480,company,2026-08-18 03:38:17.304061+00,
4222,119711929,46119711929,company,2026-08-18 03:38:17.304061+00,
4223,124782038,34124782038,company,2026-08-18 03:38:17.304061+00,
4224,137363636,90137363636,company,2026-08-18 03:38:17.304061+00,
4225,,,foreign,2026-08-18 03:38:17.304061+00,166840973
4226,,,foreign,2026-08-18 03:38:17.304061+00,654147127
4227,,,foreign,2026-08-18 03:38:17.304061+00,003064962
4228,050542553,98050542553,company,2026-08-18 03:38:17.304061+00,
4229,167689821,30167689821,company,2026-08-18 03:38:17.304061+00,
4230,009805298,98009805298,company,2026-08-18 03:38:17.304061+00,
4231,009120405,28009120405,company,2026-08-18 03:38:17.304061+00,
4232,109200900,58109200900,company,2026-08-18 03:38:17.304061+00,
4233,108962152,85108962152,company,2026-08-18 03:38:17.304061+00,
4234,159767843,77159767843,company,2026-08-18 03:38:17.304061+00,
4235,149637016,60149637016,company,2026-08-18 03:38:17.304061+00,
4236,126678037,70126678037,company,2026-08-18 03:38:17.304061+00,
4237,111005282,82111005282,company,2026-08-18 03:38:17.304061+00,
4238,656722397,17656722397,company,2026-08-18 03:38:17.304061+00,
4239,692331838,71692331838,company,2026-08-18 03:38:17.304061+00,
4240,091524515,97091524515,company,2026-08-18 03:38:17.304061+00,
4241,097241159,15097241159,company,2026-08-18 03:38:17.304061+00,
4242,000013427,89000013427,company,2026-08-18 03:38:17.304061+00,
4243,117330757,15117330757,company,2026-08-18 03:38:17.304061+00,
4244,002679469,38002679469,company,2026-08-18 03:38:17.304061+00,
4245,112188815,89112188815,company,2026-08-18 03:38:17.304061+00,
4246,142901353,48142901353,company,2026-08-18 03:38:17.304061+00,
4247,001666600,71001666600,company,2026-08-18 03:38:17.304061+00,
4248,004336636,34004336636,company,2026-08-18 03:38:17.304061+00,
4249,616435753,98616435753,company,2026-08-18 03:38:17.304061+00,
4250,138468756,49138468756,company,2026-08-18 03:38:17.304061+00,
4251,091951978,26091951978,company,2026-08-18 03:38:17.304061+00,
4252,621541204,34621541204,company,2026-08-18 03:38:17.304061+00,
4253,,,foreign,2026-08-18 03:38:17.304061+00,625522250
4254,650503325,65650503325,company,2026-08-18 03:38:17.304061+00,
4255,004401496,51004401496,company,2026-08-18 03:38:17.304061+00,
4256,119978013,48119978013,company,2026-08-18 03:38:17.304061+00,
4257,625085734,96625085734,company,2026-08-18 03:38:17.304061+00,
4258,111306533,63111306533,company,2026-08-18 03:38:17.304061+00,
4259,154618989,55154618989,company,2026-08-18 03:38:17.304061+00,
4260,104757904,93104757904,company,2026-08-18 03:38:17.304061+00,
4261,,,foreign,2026-08-18 03:38:17.304061+00,627968567
4262,006024764,56006024764,company,2026-08-18 03:38:17.304061+00,
4263,009795046,72009795046,company,2026-08-18 03:38:17.304061+00,
4264,142411390,71142411390,company,2026-08-18 03:38:17.304061+00,
4265,127291927,50127291927,company,2026-08-18 03:38:17.304061+00,
4266,620388230,38620388230,company,2026-08-18 03:38:17.304061+00,
4267,,,foreign,2026-08-18 03:38:17.304061+00,672254027
4268,163765991,78163765991,company,2026-08-18 03:38:17.304061+00,
4269,109815796,47109815796,company,2026-08-18 03:38:17.304061+00,
4270,123567073,43123567073,company,2026-08-18 03:38:17.304061+00,
4271,087595980,64087595980,company,2026-08-18 03:38:17.304061+00,
4272,076583018,37076583018,company,2026-08-18 03:38:17.304061+00,
4273,092708364,95092708364,company,2026-08-18 03:38:17.304061+00,
4274,616831684,59616831684,company,2026-08-18 03:38:17.304061+00,
4275,142366541,85142366541,company,2026-08-18 03:38:17.304061+00,
4276,614508039,33614508039,company,2026-08-18 03:38:17.304061+00,
4277,645144314,50645144314,company,2026-08-18 03:38:17.304061+00,
4278,098952277,88098952277,company,2026-08-18 03:38:17.304061+00,
4279,115009106,77115009106,company,2026-08-18 03:38:17.304061+00,
4280,607797615,22607797615,company,2026-08-18 03:38:17.304061+00,
4281,108398983,16108398983,company,2026-08-18 03:38:17.304061+00,
4282,009188694,50009188694,company,2026-08-18 03:38:17.304061+00,
4283,008550865,71008550865,company,2026-08-18 03:38:17.304061+00,
4284,,,foreign,2026-08-18 03:38:17.304061+00,643840519
4285,602043265,24602043265,company,2026-08-18 03:38:17.304061+00,
4286,079681244,28079681244,company,2026-08-18 03:38:17.304061+00,
4287,092471513,32092471513,company,2026-08-18 03:38:17.304061+00,
4288,,,foreign,2026-08-18 03:38:17.304061+00,156640532
4289,151155207,39151155207,company,2026-08-18 03:38:17.304061+00,
4290,118463004,85118463004,company,2026-08-18 03:38:17.304061+00,
4291,141450624,45141450624,company,2026-08-18 03:38:17.304061+00,
4292,648703548,53648703548,company,2026-08-18 03:38:17.304061+00,
4293,620278800,19620278800,company,2026-08-18 03:38:17.304061+00,
4294,106523611,89106523611,company,2026-08-18 03:38:17.304061+00,
4295,610168191,66610168191,company,2026-08-18 03:38:17.304061+00,
4296,084669036,74084669036,company,2026-08-18 03:38:17.304061+00,
4297,667611752,52667611752,company,2026-08-18 03:38:17.304061+00,
4298,009144503,66009144503,company,2026-08-18 03:38:17.304061+00,
4299,000005103,51000005103,company,2026-08-18 03:38:17.304061+00,
4300,010550357,87010550357,company,2026-08-18 03:38:17.304061+00,
4301,009124994,34009124994,company,2026-08-18 03:38:17.304061+00,
4302,621479794,34621479794,company,2026-08-18 03:38:17.304061+00,
4303,167320470,56167320470,company,2026-08-18 03:38:17.304061+00,
4304,108230995,51108230995,company,2026-08-18 03:38:17.304061+00,
4305,120658497,61120658497,company,2026-08-18 03:38:17.304061+00,
4306,007702927,15007702927,company,2026-08-18 03:38:17.304061+00,
4307,000364465,53000364465,company,2026-08-18 03:38:17.304061+00,
4308,608363604,83608363604,company,2026-08-18 03:38:17.304061+00,
4309,651893097,87651893097,company,2026-08-18 03:38:17.304061+00,
4310,009117293,41009117293,company,2026-08-18 03:38:17.304061+00,
4311,000332918,65000332918,company,2026-08-18 03:38:17.304061+00,
4312,090000276,58090000276,company,2026-08-18 03:38:17.304061+00,
4313,,,other,2026-08-18 03:38:17.304061+00,
4314,059950337,91059950337,company,2026-08-18 03:38:17.304061+00,
4315,,,other,2026-08-18 03:38:17.304061+00,
4316,144733595,35144733595,company,2026-08-18 03:38:17.304061+00,
4317,698452229,73698452229,company,2026-08-18 03:38:17.304061+00,
4318,656811719,70656811719,company,2026-08-18 03:38:17.304061+00,
4319,609183959,25609183959,company,2026-08-18 03:38:17.304061+00,
4320,639887219,68639887219,company,2026-08-18 03:38:17.304061+00,
4321,137387350,52137387350,company,2026-08-18 03:38:17.304061+00,
4322,125323622,68125323622,company,2026-08-18 03:38:17.304061+00,
4323,004080460,88004080460,company,2026-08-18 03:38:17.304061+00,
4324,,,other,2026-08-18 03:38:17.304061+00,
4325,110336733,96110336733,company,2026-08-18 03:38:17.304061+00,
4326,644122216,82644122216,company,2026-08-18 03:38:17.304061+00,
4327,606110838,52606110838,company,2026-08-18 03:38:17.304061+00,
4328,074969056,18074969056,company,2026-08-18 03:38:17.304061+00,
4329,007870760,50007870760,company,2026-08-18 03:38:17.304061+00,
4330,063935553,97063935553,company,2026-08-18 03:38:17.304061+00,
4331,139522553,64139522553,company,2026-08-18 03:38:17.304061+00,
4332,091608025,27091608025,company,2026-08-18 03:38:17.304061+00,
4333,602423610,41602423610,company,2026-08-18 03:38:17.304061+00,
4334,009121644,25009121644,company,2026-08-18 03:38:17.304061+00,
4335,009081770,67009081770,company,2026-08-18 03:38:17.304061+00,
4336,127734196,52127734196,company,2026-08-18 03:38:17.304061+00,
4337,,,foreign,2026-08-18 03:38:17.304061+00,639599554
4338,141959042,66141959042,company,2026-08-18 03:38:17.304061+00,
4339,003377188,25003377188,company,2026-08-18 03:38:17.304061+00,
4340,159858509,65159858509,company,2026-08-18 03:38:17.304061+00,
4341,124734961,99124734961,company,2026-08-18 03:38:17.304061+00,
4342,002594872,57002594872,company,2026-08-18 03:38:17.304061+00,
4343,005470799,56005470799,company,2026-08-18 03:38:17.304061+00,
4344,160818986,28160818986,company,2026-08-18 03:38:17.304061+00,
4345,107371497,29107371497,company,2026-08-18 03:38:17.304061+00,
4346,057335672,98057335672,company,2026-08-18 03:38:17.304061+00,
4347,621685701,89621685701,company,2026-08-18 03:38:17.304061+00,
4348,106760418,52106760418,company,2026-08-18 03:38:17.304061+00,
4349,637156275,76637156275,company,2026-08-18 03:38:17.304061+00,
4350,615414849,28615414849,company,2026-08-18 03:38:17.304061+00,
4351,,,foreign,2026-08-18 03:38:17.304061+00,098026281
4352,131557901,85131557901,company,2026-08-18 03:38:17.304061+00,
4353,610035535,24610035535,company,2026-08-18 03:38:17.304061+00,
4354,157765896,64157765896,company,2026-08-18 03:38:17.304061+00,
4355,009113473,97009113473,company,2026-08-18 03:38:17.304061+00,
4356,080590030,42080590030,company,2026-08-18 03:38:17.304061+00,
4357,647899698,41647899698,company,2026-08-18 03:38:17.304061+00,
4358,,,foreign,2026-08-18 03:38:17.304061+00,664944147
4359,143777397,27143777397,company,2026-08-18 03:38:17.304061+00,
4360,093855791,98093855791,company,2026-08-18 03:38:17.304061+00,
4361,080135913,99080135913,company,2026-08-18 03:38:17.304061+00,
4362,627145260,39627145260,company,2026-08-18 03:38:17.304061+00,
4363,665528307,23665528307,company,2026-08-18 03:38:17.304061+00,
4364,095684389,96095684389,company,2026-08-18 03:38:17.304061+00,
4365,009205261,69009205261,company,2026-08-18 03:38:17.304061+00,
4366,645790281,35645790281,company,2026-08-18 03:38:17.304061+00,
4367,075760655,75075760655,company,2026-08-18 03:38:17.304061+00,
4368,141804104,32141804104,company,2026-08-18 03:38:17.304061+00,
4369,010472858,43010472858,company,2026-08-18 03:38:17.304061+00,
4370,645022233,18645022233,company,2026-08-18 03:38:17.304061+00,
4371,004681734,40004681734,company,2026-08-18 03:38:17.304061+00,
4372,614538402,35614538402,company,2026-08-18 03:38:17.304061+00,
4373,002261565,72002261565,company,2026-08-18 03:38:17.304061+00,
4374,104114132,70104114132,company,2026-08-18 03:38:17.304061+00,
4375,082263778,80082263778,company,2026-08-18 03:38:17.304061+00,
4376,617322488,49617322488,company,2026-08-18 03:38:17.304061+00,
4377,114400609,33114400609,company,2026-08-18 03:38:17.304061+00,
4378,117387354,75117387354,company,2026-08-18 03:38:17.304061+00,
4379,124752745,91124752745,company,2026-08-18 03:38:17.304061+00,
4380,611695955,70611695955,company,2026-08-18 03:38:17.304061+00,
4381,605542229,52605542229,company,2026-08-18 03:38:17.304061+00,
4382,,,other,2026-08-18 03:38:17.304061+00,
4383,118788846,12118788846,company,2026-08-18 03:38:17.304061+00,
4384,063075178,65063075178,company,2026-08-18 03:38:17.304061+00,
4385,,,other,2026-08-18 03:38:17.304061+00,
4386,087334370,90087334370,company,2026-08-18 03:38:17.304061+00,
4387,166479189,95166479189,company,2026-08-18 03:38:17.304061+00,
4388,655868803,47655868803,company,2026-08-18 03:38:17.304061+00,
4389,660374649,11660374649,company,2026-08-18 03:38:17.304061+00,
4390,054570777,12054570777,company,2026-08-18 03:38:17.304061+00,
4391,123828553,95123828553,company,2026-08-18 03:38:17.304061+00,
4392,141425292,81141425292,company,2026-08-18 03:38:17.304061+00,
4393,114787469,22114787469,company,2026-08-18 03:38:17.304061+00,
4394,109047618,84109047618,company,2026-08-18 03:38:17.304061+00,
4395,603812997,64603812997,company,2026-08-18 03:38:17.304061+00,
4396,008740672,45008740672,company,2026-08-18 03:38:17.304061+00,
4397,073653175,22073653175,company,2026-08-18 03:38:17.304061+00,
4398,668338618,17668338618,company,2026-08-18 03:38:17.304061+00,
4399,169640144,13169640144,company,2026-08-18 03:38:17.304061+00,
4400,,,foreign,2026-08-18 03:38:17.304061+00,652693877
4401,647468899,74647468899,company,2026-08-18 03:38:17.304061+00,
4402,129158550,51129158550,company,2026-08-18 03:38:17.304061+00,
4403,626093150,58626093150,company,2026-08-18 03:38:17.304061+00,
4404,007066033,65007066033,company,2026-08-18 03:38:17.304061+00,
4405,116632958,98116632958,company,2026-08-18 03:38:17.304061+00,
4406,,,other,2026-08-18 03:38:17.304061+00,
4407,091377892,75091377892,company,2026-08-18 03:38:17.304061+00,
4408,064957419,11064957419,company,2026-08-18 03:38:17.304061+00,
4409,149349646,87149349646,company,2026-08-18 03:38:17.304061+00,
4410,063975431,51063975431,company,2026-08-18 03:38:17.304061+00,
4411,124772041,72124772041,company,2026-08-18 03:38:17.304061+00,
4412,,,other,2026-08-18 03:38:17.304061+00,
4413,008402391,31008402391,company,2026-08-18 03:38:17.304061+00,
4414,115845942,79115845942,company,2026-08-18 03:38:17.304061+00,
4415,057186035,60057186035,company,2026-08-18 03:38:17.304061+00,
4416,,,foreign,2026-08-18 03:38:17.304061+00,149509599
4417,121542738,12121542738,company,2026-08-18 03:38:17.304061+00,
4418,000002111,22000002111,company,2026-08-18 03:38:17.304061+00,
4419,620283561,86620283561,company,2026-08-18 03:38:17.304061+00,
4420,000010471,68000010471,company,2026-08-18 03:38:17.304061+00,
4421,124093901,33124093901,company,2026-08-18 03:38:17.304061+00,
4422,003208393,57003208393,company,2026-08-18 03:38:17.304061+00,
4423,,,other,2026-08-18 03:38:17.304061+00,
4424,,,foreign,2026-08-18 03:38:17.304061+00,651066330
4425,670840301,44670840301,company,2026-08-18 03:38:17.304061+00,
4426,648958561,14648958561,company,2026-08-18 03:38:17.304061+00,
4427,633779950,13633779950,company,2026-08-18 03:38:17.304061+00,
4428,009132405,80009132405,company,2026-08-18 03:38:17.304061+00,
4429,693778853,43693778853,company,2026-08-18 03:38:17.304061+00,
4430,000743555,54000743555,company,2026-08-18 03:38:17.304061+00,
4431,008677852,23008677852,company,2026-08-18 03:38:17.304061+00,
4432,621105995,52621105995,company,2026-08-18 03:38:17.304061+00,
4433,148168825,37148168825,company,2026-08-18 03:38:17.304061+00,
4434,095913205,30095913205,company,2026-08-18 03:38:17.304061+00,
4435,648657649,,company,2026-08-18 03:38:17.304061+00,
4436,140316463,97140316463,company,2026-08-18 03:38:17.304061+00,
4437,123631470,53123631470,company,2026-08-18 03:38:17.304061+00,
4438,009212328,17009212328,company,2026-08-18 03:38:17.304061+00,
4439,125688940,47125688940,company,2026-08-18 03:38:17.304061+00,
4440,,,foreign,2026-08-18 03:38:17.304061+00,169195751
4441,606841801,38606841801,company,2026-08-18 03:38:17.304061+00,
4442,007547480,30007547480,company,2026-08-18 03:38:17.304061+00,
4443,611717036,95611717036,company,2026-08-18 03:38:17.304061+00,
4444,168653521,90168653521,company,2026-08-18 03:38:17.304061+00,
4445,109933995,31109933995,company,2026-08-18 03:38:17.304061+00,
4446,,,other,2026-08-18 03:38:17.304061+00,
4447,102622051,54102622051,company,2026-08-18 03:38:17.304061+00,
4448,125554743,25125554743,company,2026-08-18 03:38:17.304061+00,
4449,000689725,51000689725,company,2026-08-18 03:38:17.304061+00,
4450,079432796,68079432796,company,2026-08-18 03:38:17.304061+00,
4451,645531219,73645531219,company,2026-08-18 03:38:17.304061+00,
4452,141128841,83141128841,company,2026-08-18 03:38:17.304061+00,
4453,122911399,43122911399,company,2026-08-18 03:38:17.304061+00,
4454,077435520,39077435520,company,2026-08-18 03:38:17.304061+00,
4455,009157439,44009157439,company,2026-08-18 03:38:17.304061+00,
4456,660009165,78660009165,company,2026-08-18 03:38:17.304061+00,
4457,130955725,91130955725,company,2026-08-18 03:38:17.304061+00,
4458,103629107,90103629107,company,2026-08-18 03:38:17.304061+00,
4459,094515992,24094515992,company,2026-08-18 03:38:17.304061+00,
4460,,,other,2026-08-18 03:38:17.304061+00,
4461,,,other,2026-08-18 03:38:17.304061+00,
4462,143932110,61143932110,company,2026-08-18 03:38:17.304061+00,
4463,153918257,51153918257,company,2026-08-18 03:38:17.304061+00,
4464,607921246,60607921246,company,2026-08-18 03:38:17.304061+00,
4465,,,foreign,2026-08-18 03:38:17.304061+00,627849576
4466,004297116,73004297116,company,2026-08-18 03:38:17.304061+00,
4467,095117981,63095117981,company,2026-08-18 03:38:17.304061+00,
4468,609543213,53609543213,company,2026-08-18 03:38:17.304061+00,
4469,062067878,41062067878,company,2026-08-18 03:38:17.304061+00,
4470,154890730,72154890730,company,2026-08-18 03:38:17.304061+00,
4471,091214998,60091214998,company,2026-08-18 03:38:17.304061+00,
4472,064530516,24064530516,company,2026-08-18 03:38:17.304061+00,
4473,009138738,27009138738,company,2026-08-18 03:38:17.304061+00,
4474,628753220,61628753220,company,2026-08-18 03:38:17.304061+00,
4475,138990593,94138990593,company,2026-08-18 03:38:17.304061+00,
4476,626295314,65626295314,company,2026-08-18 03:38:17.304061+00,
4477,650439580,15650439580,company,2026-08-18 03:38:17.304061+00,
4478,642994214,48642994214,company,2026-08-18 03:38:17.304061+00,
4479,095092158,87095092158,company,2026-08-18 03:38:17.304061+00,
4480,,,foreign,2026-08-18 03:38:17.304061+00,645036595
4481,123133166,20123133166,company,2026-08-18 03:38:17.304061+00,
4482,620385677,83620385677,company,2026-08-18 03:38:17.304061+00,
4483,644430839,67644430839,company,2026-08-18 03:38:17.304061+00,
4484,118065704,79118065704,company,2026-08-18 03:38:17.304061+00,
4485,648991039,35648991039,company,2026-08-18 03:38:17.304061+00,
4486,614175923,27614175923,company,2026-08-18 03:38:17.304061+00,
4487,090996455,90090996455,company,2026-08-18 03:38:17.304061+00,
4488,085545973,93085545973,company,2026-08-18 03:38:17.304061+00,
4489,657249995,68657249995,company,2026-08-18 03:38:17.304061+00,
4490,124891685,87124891685,company,2026-08-18 03:38:17.304061+00,
4491,122574583,75122574583,company,2026-08-18 03:38:17.304061+00,
4492,003237545,54003237545,company,2026-08-18 03:38:17.304061+00,
4493,647831883,26647831883,company,2026-08-18 03:38:17.304061+00,
4494,165079201,55165079201,company,2026-08-18 03:38:17.304061+00,
4495,079319314,64079319314,company,2026-08-18 03:38:17.304061+00,
4496,060369048,84060369048,company,2026-08-18 03:38:17.304061+00,
4497,116829675,68116829675,company,2026-08-18 03:38:17.304061+00,
4498,009799455,51009799455,company,2026-08-18 03:38:17.304061+00,
4499,144044600,40144044600,company,2026-08-18 03:38:17.304061+00,
4500,656098583,77656098583,company,2026-08-18 03:38:17.304061+00,
4501,090739923,60090739923,company,2026-08-18 03:38:17.304061+00,
4502,010653862,42010653862,company,2026-08-18 03:38:17.304061+00,
4503,008108227,89008108227,company,2026-08-18 03:38:17.304061+00,
4504,095047920,71095047920,company,2026-08-18 03:38:17.304061+00,
4505,616305027,42616305027,company,2026-08-18 03:38:17.304061+00,
4506,140449725,90140449725,company,2026-08-18 03:38:17.304061+00,
4507,639626949,98639626949,company,2026-08-18 03:38:17.304061+00,
4508,622484397,84622484397,company,2026-08-18 03:38:17.304061+00,
4509,074009091,14074009091,company,2026-08-18 03:38:17.304061+00,
4510,603107044,83603107044,company,2026-08-18 03:38:17.304061+00,
4511,009129560,67009129560,company,2026-08-18 03:38:17.304061+00,
4512,006522970,66006522970,company,2026-08-18 03:38:17.304061+00,
4513,130832816,55130832816,company,2026-08-18 03:38:17.304061+00,
4514,117676463,59117676463,company,2026-08-18 03:38:17.304061+00,
4515,009089696,97009089696,company,2026-08-18 03:38:17.304061+00,
4516,096870978,80096870978,company,2026-08-18 03:38:17.304061+00,
4517,668228742,85668228742,company,2026-08-18 03:38:17.304061+00,
4518,,,foreign,2026-08-18 03:38:17.304061+00,144728307
4519,624579326,56624579326,company,2026-08-18 03:38:17.304061+00,
4520,606252644,62606252644,company,2026-08-18 03:38:17.304061+00,
4521,002724334,43002724334,company,2026-08-18 03:38:17.304061+00,
4522,092786304,46092786304,company,2026-08-18 03:38:17.304061+00,
4523,009070384,58009070384,company,2026-08-18 03:38:17.304061+00,
4524,,,foreign,2026-08-18 03:38:17.304061+00,615503145
4525,641183842,48641183842,company,2026-08-18 03:38:17.304061+00,
4526,649345308,21649345308,company,2026-08-18 03:38:17.304061+00,
4527,008675018,34008675018,company,2026-08-18 03:38:17.304061+00,
4528,063977579,57063977579,company,2026-08-18 03:38:17.304061+00,
4529,060774227,36060774227,company,2026-08-18 03:38:17.304061+00,
4530,063114045,80063114045,company,2026-08-18 03:38:17.304061+00,
4531,008947813,78008947813,company,2026-08-18 03:38:17.304061+00,
4532,096687839,60096687839,company,2026-08-18 03:38:17.304061+00,
4533,609482180,73609482180,company,2026-08-18 03:38:17.304061+00,
4534,009237889,90009237889,company,2026-08-18 03:38:17.304061+00,
4535,,,foreign,2026-08-18 03:38:17.304061+00,633106019
4536,009179551,99009179551,company,2026-08-18 03:38:17.304061+00,
4537,,,other,2026-08-18 03:38:17.304061+00,
4538,648183297,87648183297,company,2026-08-18 03:38:17.304061+00,
4539,147413956,52147413956,company,2026-08-18 03:38:17.304061+00,
4540,162709506,39162709506,company,2026-08-18 03:38:17.304061+00,
4541,098564606,76098564606,company,2026-08-18 03:38:17.304061+00,
4542,111772359,62111772359,company,2026-08-18 03:38:17.304061+00,
4543,102747133,28102747133,company,2026-08-18 03:38:17.304061+00,
4544,107424519,30107424519,company,2026-08-18 03:38:17.304061+00,
4545,149796332,84149796332,company,2026-08-18 03:38:17.304061+00,
4546,000144561,65000144561,company,2026-08-18 03:38:17.304061+00,
4547,089705144,65089705144,company,2026-08-18 03:38:17.304061+00,
4548,111178351,12111178351,company,2026-08-18 03:38:17.304061+00,
4549,169015838,49169015838,company,2026-08-18 03:38:17.304061+00,
4550,119062261,52119062261,company,2026-08-18 03:38:17.304061+00,
4551,618935372,84618935372,company,2026-08-18 03:38:17.304061+00,
4552,128698108,51128698108,company,2026-08-18 03:38:17.304061+00,
4553,060313359,47060313359,company,2026-08-18 03:38:17.304061+00,
4554,003588449,76003588449,company,2026-08-18 03:38:17.304061+00,
4555,613927361,51613927361,company,2026-08-18 03:38:17.304061+00,
4556,648219050,41648219050,company,2026-08-18 03:38:17.304061+00,
4557,089224402,73089224402,company,2026-08-18 03:38:17.304061+00,
4558,101955088,45101955088,company,2026-08-18 03:38:17.304061+00,
4559,115338979,90115338979,company,2026-08-18 03:38:17.304061+00,
4560,094730417,76094730417,company,2026-08-18 03:38:17.304061+00,
4561,150956773,21150956773,company,2026-08-18 03:38:17.304061+00,
4562,632145334,29632145334,company,2026-08-18 03:38:17.304061+00,
4563,083646477,84083646477,company,2026-08-18 03:38:17.304061+00,
4564,126398294,89126398294,company,2026-08-18 03:38:17.304061+00,
4565,091302975,90091302975,company,2026-08-18 03:38:17.304061+00,
4566,122826242,31122826242,company,2026-08-18 03:38:17.304061+00,
4567,151900855,39151900855,company,2026-08-18 03:38:17.304061+00,
4568,155285528,49155285528,company,2026-08-18 03:38:17.304061+00,
4569,093220136,80093220136,company,2026-08-18 03:38:17.304061+00,
4570,088257729,63088257729,company,2026-08-18 03:38:17.304061+00,
4571,612862727,71612862727,company,2026-08-18 03:38:17.304061+00,
4572,062879583,55062879583,company,2026-08-18 03:38:17.304061+00,
4573,,,other,2026-08-18 03:38:17.304061+00,
4574,009189128,66009189128,company,2026-08-18 03:38:17.304061+00,
4575,064121133,52064121133,company,2026-08-18 03:38:17.304061+00,
4576,105991740,51105991740,company,2026-08-18 03:38:17.304061+00,
4577,645778892,94645778892,company,2026-08-18 03:38:17.304061+00,
4578,095006090,55095006090,company,2026-08-18 03:38:17.304061+00,
4579,084918481,65084918481,company,2026-08-18 03:38:17.304061+00,
4580,009116269,80009116269,company,2026-08-18 03:38:17.304061+00,
4581,645666164,80645666164,company,2026-08-18 03:38:17.304061+00,
4582,,,other,2026-08-18 03:38:17.304061+00,
4583,688022139,56688022139,company,2026-08-18 03:38:17.304061+00,
4584,107001338,53107001338,company,2026-08-18 03:38:17.304061+00,
4585,116054301,56116054301,company,2026-08-18 03:38:17.304061+00,
4586,635910271,38635910271,company,2026-08-18 03:38:17.304061+00,
4587,088267190,16088267190,company,2026-08-18 03:38:17.304061+00,
4588,,,foreign,2026-08-18 03:38:17.304061+00,645457763
4589,000837472,42000837472,company,2026-08-18 03:38:17.304061+00,
4590,120580618,50120580618,company,2026-08-18 03:38:17.304061+00,
4591,629675216,96629675216,company,2026-08-18 03:38:17.304061+00,
4592,082658080,52082658080,company,2026-08-18 03:38:17.304061+00,
4593,612447293,96612447293,company,2026-08-18 03:38:17.304061+00,
4594,,,other,2026-08-18 03:38:17.304061+00,
4595,,,other,2026-08-18 03:38:17.304061+00,
4596,141647529,45141647529,company,2026-08-18 03:38:17.304061+00,
4597,647322790,35647322790,company,2026-08-18 03:38:17.304061+00,
4598,,,foreign,2026-08-18 03:38:17.304061+00,077559525
4599,109078257,49109078257,company,2026-08-18 03:38:17.304061+00,
4600,095009742,47095009742,company,2026-08-18 03:38:17.304061+00,
4601,653279371,85653279371,company,2026-08-18 03:38:17.304061+00,
4602,,,foreign,2026-08-18 03:38:17.304061+00,139836918
4603,003415889,73003415889,company,2026-08-18 03:38:17.304061+00,
4604,619137576,17619137576,company,2026-08-18 03:38:17.304061+00,
4605,647904014,53647904014,company,2026-08-18 03:38:17.304061+00,
4606,619314055,99619314055,company,2026-08-18 03:38:17.304061+00,
4607,604777862,96604777862,company,2026-08-18 03:38:17.304061+00,
4608,619538671,48619538671,company,2026-08-18 03:38:17.304061+00,
4609,650210067,59650210067,company,2026-08-18 03:38:17.304061+00,
4610,007698106,20007698106,company,2026-08-18 03:38:17.304061+00,
4611,,,foreign,2026-08-18 03:38:17.304061+00,621843614
4612,124908363,25124908363,company,2026-08-18 03:38:17.304061+00,
4613,000090997,24000090997,company,2026-08-18 03:38:17.304061+00,
4614,112389910,49112389910,company,2026-08-18 03:38:17.304061+00,
4615,100714181,67100714181,company,2026-08-18 03:38:17.304061+00,
4616,007561837,67007561837,company,2026-08-18 03:38:17.304061+00,
4617,,,foreign,2026-08-18 03:38:17.304061+00,606168594
4618,009148529,44009148529,company,2026-08-18 03:38:17.304061+00,
4619,155231575,39155231575,company,2026-08-18 03:38:17.304061+00,
4620,696412138,59696412138,company,2026-08-18 03:38:17.304061+00,
4621,,,other,2026-08-18 03:38:17.304061+00,
4622,111728842,25111728842,company,2026-08-18 03:38:17.304061+00,
4623,150026850,33150026850,company,2026-08-18 03:38:17.304061+00,
4624,050064287,13050064287,company,2026-08-18 03:38:17.304061+00,
4625,656005122,40656005122,company,2026-08-18 03:38:17.304061+00,
4626,110884252,82110884252,company,2026-08-18 03:38:17.304061+00,
4627,,,foreign,2026-08-18 03:38:17.304061+00,154146755
4628,115768986,61115768986,company,2026-08-18 03:38:17.304061+00,
4629,061642733,81061642733,company,2026-08-18 03:38:17.304061+00,
4630,057636692,24057636692,company,2026-08-18 03:38:17.304061+00,
4631,003200664,59003200664,company,2026-08-18 03:38:17.304061+00,
4632,119759349,43119759349,company,2026-08-18 03:38:17.304061+00,
4633,125010353,31125010353,company,2026-08-18 03:38:17.304061+00,
4634,637512415,30637512415,company,2026-08-18 03:38:17.304061+00,
4635,630476970,66630476970,company,2026-08-18 03:38:17.304061+00,
4636,,,other,2026-08-18 03:38:17.304061+00,
4637,060966145,22060966145,company,2026-08-18 03:38:17.304061+00,
4638,647135108,94647135108,company,2026-08-18 03:38:17.304061+00,
4639,,,foreign,2026-08-18 03:38:17.304061+00,052123930
4640,,,other,2026-08-18 03:38:17.304061+00,
4641,125611574,59125611574,company,2026-08-18 03:38:17.304061+00,
4642,604747391,83604747391,company,2026-08-18 03:38:17.304061+00,
4643,,,foreign,2026-08-18 03:38:17.304061+00,696815595
4644,695286938,13695286938,company,2026-08-18 03:38:17.304061+00,
4645,138085551,49138085551,company,2026-08-18 03:38:17.304061+00,
4646,650398897,43650398897,company,2026-08-18 03:38:17.304061+00,
4647,615586215,44615586215,company,2026-08-18 03:38:17.304061+00,
4648,103323173,63103323173,company,2026-08-18 03:38:17.304061+00,
4649,078675153,11078675153,company,2026-08-18 03:38:17.304061+00,
4650,090772222,53090772222,company,2026-08-18 03:38:17.304061+00,
4651,000753640,51000753640,company,2026-08-18 03:38:17.304061+00,
4652,634839857,12634839857,company,2026-08-18 03:38:17.304061+00,
4653,126129413,29126129413,company,2026-08-18 03:38:17.304061+00,
4654,079471980,49079471980,company,2026-08-18 03:38:17.304061+00,
4655,004247214,62004247214,company,2026-08-18 03:38:17.304061+00,
4656,629672144,48629672144,company,2026-08-18 03:38:17.304061+00,
4657,,,other,2026-08-18 03:38:17.304061+00,
4658,644564241,20644564241,company,2026-08-18 03:38:17.304061+00,
4659,656057215,82656057215,company,2026-08-18 03:38:17.304061+00,
4660,600008848,82600008848,company,2026-08-18 03:38:17.304061+00,
4661,009173611,52009173611,company,2026-08-18 03:38:17.304061+00,
4662,050117023,50050117023,company,2026-08-18 03:38:17.304061+00,
4663,612660429,33612660429,company,2026-08-18 03:38:17.304061+00,
4664,665642820,94665642820,company,2026-08-18 03:38:17.304061+00,
4665,,,foreign,2026-08-18 03:38:17.304061+00,666710836
4666,119992175,38119992175,company,2026-08-18 03:38:17.304061+00,
4667,602304503,34602304503,company,2026-08-18 03:38:17.304061+00,
4668,147867301,90147867301,company,2026-08-18 03:38:17.304061+00,
4669,653574219,88653574219,company,2026-08-18 03:38:17.304061+00,
4670,107385884,69107385884,company,2026-08-18 03:38:17.304061+00,
4671,104600544,62104600544,company,2026-08-18 03:38:17.304061+00,
4672,072692365,74072692365,company,2026-08-18 03:38:17.304061+00,
4673,,,other,2026-08-18 03:38:17.304061+00,
4674,645596238,16645596238,company,2026-08-18 03:38:17.304061+00,
4675,000759535,88000759535,company,2026-08-18 03:38:17.304061+00,
4676,623418539,47623418539,company,2026-08-18 03:38:17.304061+00,
4677,127026528,32127026528,company,2026-08-18 03:38:17.304061+00,
4678,077729572,26077729572,company,2026-08-18 03:38:17.304061+00,
4679,644924569,64644924569,company,2026-08-18 03:38:17.304061+00,
4680,118153825,39118153825,company,2026-08-18 03:38:17.304061+00,
4681,148878782,22148878782,company,2026-08-18 03:38:17.304061+00,
4682,682515304,52682515304,company,2026-08-18 03:38:17.304061+00,
4683,009027178,82009027178,company,2026-08-18 03:38:17.304061+00,
4684,009066648,27009066648,company,2026-08-18 03:38:17.304061+00,
4685,098556159,83098556159,company,2026-08-18 03:38:17.304061+00,
4686,644571826,75644571826,company,2026-08-18 03:38:17.304061+00,
4687,646466435,78646466435,company,2026-08-18 03:38:17.304061+00,
4688,635359965,34635359965,company,2026-08-18 03:38:17.304061+00,
4689,644548434,98644548434,company,2026-08-18 03:38:17.304061+00,
4690,001894033,28001894033,company,2026-08-18 03:38:17.304061+00,
4691,651057822,67651057822,company,2026-08-18 03:38:17.304061+00,
4692,007817192,26007817192,company,2026-08-18 03:38:17.304061+00,
4693,125943240,56125943240,company,2026-08-18 03:38:17.304061+00,
4694,,,other,2026-08-18 03:38:17.304061+00,
4695,159340397,51159340397,company,2026-08-18 03:38:17.304061+00,
4696,142008428,68142008428,company,2026-08-18 03:38:17.304061+00,
4697,615598322,32615598322,company,2026-08-18 03:38:17.304061+00,
4698,007634406,93007634406,company,2026-08-18 03:38:17.304061+00,
4699,110777056,17110777056,company,2026-08-18 03:38:17.304061+00,
4700,006569124,60006569124,company,2026-08-18 03:38:17.304061+00,
4701,617096652,82617096652,company,2026-08-18 03:38:17.304061+00,
4702,056712228,72056712228,company,2026-08-18 03:38:17.304061+00,
4703,106732487,48106732487,company,2026-08-18 03:38:17.304061+00,
4704,066447952,43066447952,company,2026-08-18 03:38:17.304061+00,
4705,691038481,33691038481,company,2026-08-18 03:38:17.304061+00,
4706,092817171,69092817171,company,2026-08-18 03:38:17.304061+00,
4707,127297170,51127297170,company,2026-08-18 03:38:17.304061+00,
4708,,,foreign,2026-08-18 03:38:17.304061+00,683017094
4709,143928625,74143928625,company,2026-08-18 03:38:17.304061+00,
4710,008905388,98008905388,company,2026-08-18 03:38:17.304061+00,
4711,064755237,89064755237,company,2026-08-18 03:38:17.304061+00,
4712,004068419,98004068419,company,2026-08-18 03:38:17.304061+00,
4713,,,foreign,2026-08-18 03:38:17.304061+00,162804668
4714,142361608,70142361608,company,2026-08-18 03:38:17.304061+00,
4715,106866442,28106866442,company,2026-08-18 03:38:17.304061+00,
4716,617345123,52617345123,company,2026-08-18 03:38:17.304061+00,
4717,632150817,74632150817,company,2026-08-18 03:38:17.304061+00,
4718,107985651,64107985651,company,2026-08-18 03:38:17.304061+00,
4719,080939135,23080939135,company,2026-08-18 03:38:17.304061+00,
4720,088196383,24088196383,company,2026-08-18 03:38:17.304061+00,
4721,120047556,33120047556,company,2026-08-18 03:38:17.304061+00,
4722,119270816,38119270816,company,2026-08-18 03:38:17.304061+00,
4723,650124324,85650124324,company,2026-08-18 03:38:17.304061+00,
4724,,,foreign,2026-08-18 03:38:17.304061+00,151800396
4725,604970390,53604970390,company,2026-08-18 03:38:17.304061+00,
4726,121977884,32121977884,company,2026-08-18 03:38:17.304061+00,
4727,108437592,59108437592,company,2026-08-18 03:38:17.304061+00,
4728,655643039,18655643039,company,2026-08-18 03:38:17.304061+00,
4729,632994542,84632994542,company,2026-08-18 03:38:17.304061+00,
4730,010441666,51010441666,company,2026-08-18 03:38:17.304061+00,
4731,,,other,2026-08-18 03:38:17.304061+00,
4732,108102432,34108102432,company,2026-08-18 03:38:17.304061+00,
4733,003170376,70003170376,company,2026-08-18 03:38:17.304061+00,
4734,008670817,87008670817,company,2026-08-18 03:38:17.304061+00,
4735,123156089,61123156089,company,2026-08-18 03:38:17.304061+00,
4736,610937598,25610937598,company,2026-08-18 03:38:17.304061+00,
4737,630453664,24630453664,company,2026-08-18 03:38:17.304061+00,
4738,677683055,81677683055,company,2026-08-18 03:38:17.304061+00,
4739,650766911,34650766911,company,2026-08-18 03:38:17.304061+00,
4740,118549910,33118549910,company,2026-08-18 03:38:17.304061+00,
4741,103011436,93103011436,company,2026-08-18 03:38:17.304061+00,
4742,085290928,31085290928,company,2026-08-18 03:38:17.304061+00,
4743,611963225,80611963225,company,2026-08-18 03:38:17.304061+00,
4744,678095273,65678095273,company,2026-08-18 03:38:17.304061+00,
4745,102642366,53102642366,company,2026-08-18 03:38:17.304061+00,
4746,008982474,38008982474,company,2026-08-18 03:38:17.304061+00,
4747,110150055,25110150055,company,2026-08-18 03:38:17.304061+00,
4748,625128770,33625128770,company,2026-08-18 03:38:17.304061+00,
4749,609225023,89609225023,company,2026-08-18 03:38:17.304061+00,
4750,156269993,17156269993,company,2026-08-18 03:38:17.304061+00,
4751,636747414,29636747414,company,2026-08-18 03:38:17.304061+00,
4752,117763443,45117763443,company,2026-08-18 03:38:17.304061+00,
4753,163173224,47163173224,company,2026-08-18 03:38:17.304061+00,
4754,113900020,44113900020,company,2026-08-18 03:38:17.304061+00,
4755,107233983,74107233983,company,2026-08-18 03:38:17.304061+00,
4756,141175493,93141175493,company,2026-08-18 03:38:17.304061+00,
4757,162863121,74162863121,company,2026-08-18 03:38:17.304061+00,
4758,008988547,28008988547,company,2026-08-18 03:38:17.304061+00,
4759,628953122,20628953122,company,2026-08-18 03:38:17.304061+00,
4760,685591280,39685591280,company,2026-08-18 03:38:17.304061+00,
4761,156217971,81156217971,company,2026-08-18 03:38:17.304061+00,
4762,009147924,92009147924,company,2026-08-18 03:38:17.304061+00,
4763,,,other,2026-08-18 03:38:17.304061+00,
4764,,,foreign,2026-08-18 03:38:17.304061+00,659671762
4765,607301959,46607301959,company,2026-08-18 03:38:17.304061+00,
4766,642404797,13642404797,company,2026-08-18 03:38:17.304061+00,
4767,080890259,47080890259,company,2026-08-18 03:38:17.304061+00,
4768,,,foreign,2026-08-18 03:38:17.304061+00,600486646
4769,009485625,73009485625,company,2026-08-18 03:38:17.304061+00,
4770,158307549,28158307549,company,2026-08-18 03:38:17.304061+00,
4771,142375522,13142375522,company,2026-08-18 03:38:17.304061+00,
4772,122169279,94122169279,company,2026-08-18 03:38:17.304061+00,
4773,616200312,94616200312,company,2026-08-18 03:38:17.304061+00,
4774,092304964,93092304964,company,2026-08-18 03:38:17.304061+00,
4775,,,other,2026-08-18 03:38:17.304061+00,
4776,148938532,83148938532,company,2026-08-18 03:38:17.304061+00,
4777,151185867,81151185867,company,2026-08-18 03:38:17.304061+00,
4778,007761186,88007761186,company,2026-08-18 03:38:17.304061+00,
4779,625237658,12625237658,company,2026-08-18 03:38:17.304061+00,
4780,109431870,68109431870,company,2026-08-18 03:38:17.304061+00,
4781,119641986,66119641986,company,2026-08-18 03:38:17.304061+00,
4782,007254346,54007254346,company,2026-08-18 03:38:17.304061+00,
4783,149206333,31149206333,company,2026-08-18 03:38:17.304061+00,
4784,612100464,82612100464,company,2026-08-18 03:38:17.304061+00,
4785,099883922,30099883922,company,2026-08-18 03:38:17.304061+00,
4786,082593235,42082593235,company,2026-08-18 03:38:17.304061+00,
4787,645885463,27645885463,company,2026-08-18 03:38:17.304061+00,
4788,150386995,29150386995,company,2026-08-18 03:38:17.304061+00,
4789,112073480,32112073480,company,2026-08-18 03:38:17.304061+00,
4790,169302309,90169302309,company,2026-08-18 03:38:17.304061+00,
4791,610319769,77610319769,company,2026-08-18 03:38:17.304061+00,
4792,106340667,14106340667,company,2026-08-18 03:38:17.304061+00,
4793,153273735,21153273735,company,2026-08-18 03:38:17.304061+00,
4794,006797173,58006797173,company,2026-08-18 03:38:17.304061+00,
4795,147799951,43147799951,company,2026-08-18 03:38:17.304061+00,
4796,,,other,2026-08-18 03:38:17.304061+00,
4797,142490579,96142490579,company,2026-08-18 03:38:17.304061+00,
4798,010597672,57010597672,company,2026-08-18 03:38:17.304061+00,
4799,119085602,14119085602,company,2026-08-18 03:38:17.304061+00,
4800,133623962,26133623962,company,2026-08-18 03:38:17.304061+00,
4801,115832963,76115832963,company,2026-08-18 03:38:17.304061+00,
4802,609268279,44609268279,company,2026-08-18 03:38:17.304061+00,
4803,004044937,12004044937,company,2026-08-18 03:38:17.304061+00,
4804,169448837,49169448837,company,2026-08-18 03:38:17.304061+00,
4805,004749508,65004749508,company,2026-08-18 03:38:17.304061+00,
4806,111587163,42111587163,company,2026-08-18 03:38:17.304061+00,
4807,095076896,11095076896,company,2026-08-18 03:38:17.304061+00,
4808,649817425,80649817425,company,2026-08-18 03:38:17.304061+00,
4809,601676377,13601676377,company,2026-08-18 03:38:17.304061+00,
4810,161106510,58161106510,company,2026-08-18 03:38:17.304061+00,
4811,000403896,82000403896,company,2026-08-18 03:38:17.304061+00,
4812,650967703,12650967703,company,2026-08-18 03:38:17.304061+00,
4813,122203892,60122203892,company,2026-08-18 03:38:17.304061+00,
4814,,,foreign,2026-08-18 03:38:17.304061+00,669938550
4815,127620482,83127620482,company,2026-08-18 03:38:17.304061+00,
4816,,,foreign,2026-08-18 03:38:17.304061+00,111496130
4817,652438385,38652438385,company,2026-08-18 03:38:17.304061+00,
4818,137606476,52137606476,company,2026-08-18 03:38:17.304061+00,
4819,112618238,31112618238,company,2026-08-18 03:38:17.304061+00,
4820,101585737,47101585737,company,2026-08-18 03:38:17.304061+00,
4821,,,foreign,2026-08-18 03:38:17.304061+00,642861774
4822,649545068,35649545068,company,2026-08-18 03:38:17.304061+00,
4823,009126238,50009126238,company,2026-08-18 03:38:17.304061+00,
4824,099098192,27099098192,company,2026-08-18 03:38:17.304061+00,
4825,010653844,38010653844,company,2026-08-18 03:38:17.304061+00,
4826,603664268,49603664268,company,2026-08-18 03:38:17.304061+00,
4827,125633856,51125633856,company,2026-08-18 03:38:17.304061+00,
4828,653749145,78653749145,company,2026-08-18 03:38:17.304061+00,
4829,127510589,44127510589,company,2026-08-18 03:38:17.304061+00,
4830,155855986,82155855986,company,2026-08-18 03:38:17.304061+00,
4831,,,other,2026-08-18 03:38:17.304061+00,
4832,085782994,,company,2026-08-18 03:38:17.304061+00,
4833,643293716,93643293716,company,2026-08-18 03:38:17.304061+00,
4834,099116631,89099116631,company,2026-08-18 03:38:17.304061+00,
4835,647455105,13647455105,company,2026-08-18 03:38:17.304061+00,
4836,087648708,85087648708,company,2026-08-18 03:38:17.304061+00,
4837,062959540,15062959540,company,2026-08-18 03:38:17.304061+00,
4838,002814235,41002814235,company,2026-08-18 03:38:17.304061+00,
4839,606556183,98606556183,company,2026-08-18 03:38:17.304061+00,
4840,608966123,50608966123,company,2026-08-18 03:38:17.304061+00,
4841,068958752,79068958752,company,2026-08-18 03:38:17.304061+00,
4842,609594005,83609594005,company,2026-08-18 03:38:17.304061+00,
4843,107531822,31107531822,company,2026-08-18 03:38:17.304061+00,
4844,149970445,77149970445,company,2026-08-18 03:38:17.304061+00,
4845,102832995,13102832995,company,2026-08-18 03:38:17.304061+00,
4846,107617381,47107617381,company,2026-08-18 03:38:17.304061+00,
4847,633461453,84633461453,company,2026-08-18 03:38:17.304061+00,
4848,092832892,43092832892,company,2026-08-18 03:38:17.304061+00,
4849,095843020,97095843020,company,2026-08-18 03:38:17.304061+00,
4850,610205402,73610205402,company,2026-08-18 03:38:17.304061+00,
4851,059326519,66059326519,company,2026-08-18 03:38:17.304061+00,
4852,119966353,61119966353,company,2026-08-18 03:38:17.304061+00,
4853,163225090,54163225090,company,2026-08-18 03:38:17.304061+00,
4854,091323312,37091323312,company,2026-08-18 03:38:17.304061+00,
4855,094006023,35094006023,company,2026-08-18 03:38:17.304061+00,
4856,,,foreign,2026-08-18 03:38:17.304061+00,696085346
4857,,,foreign,2026-08-18 03:38:17.304061+00,664390827
4858,622817421,37622817421,company,2026-08-18 03:38:17.304061+00,
4859,624421085,97624421085,company,2026-08-18 03:38:17.304061+00,
4860,157690830,54157690830,company,2026-08-18 03:38:17.304061+00,
4861,118300217,95118300217,company,2026-08-18 03:38:17.304061+00,
4862,620145404,84620145404,company,2026-08-18 03:38:17.304061+00,
4863,622979275,72622979275,company,2026-08-18 03:38:17.304061+00,
4864,,,foreign,2026-08-18 03:38:17.304061+00,163882933
4865,611845820,90611845820,company,2026-08-18 03:38:17.304061+00,
4866,105012066,75105012066,company,2026-08-18 03:38:17.304061+00,
4867,,,foreign,2026-08-18 03:38:17.304061+00,649325128
4868,117140235,80117140235,company,2026-08-18 03:38:17.304061+00,
4869,122074006,96122074006,company,2026-08-18 03:38:17.304061+00,
4870,655182497,86655182497,company,2026-08-18 03:38:17.304061+00,
4871,143582521,35143582521,company,2026-08-18 03:38:17.304061+00,
4872,651575898,60651575898,company,2026-08-18 03:38:17.304061+00,
4873,,,foreign,2026-08-18 03:38:17.304061+00,625401818
4874,,,foreign,2026-08-18 03:38:17.304061+00,613922071
4875,,,foreign,2026-08-18 03:38:17.304061+00,612823864
4876,122203196,89122203196,company,2026-08-18 03:38:17.304061+00,
4877,073155781,99073155781,company,2026-08-18 03:38:17.304061+00,
4878,067298088,45067298088,company,2026-08-18 03:38:17.304061+00,
4879,100038266,69100038266,company,2026-08-18 03:38:17.304061+00,
4880,,,foreign,2026-08-18 03:38:17.304061+00,617539367
4881,118897135,57118897135,company,2026-08-18 03:38:17.304061+00,
4882,050539350,16050539350,company,2026-08-18 03:38:17.304061+00,
4883,654593290,18654593290,company,2026-08-18 03:38:17.304061+00,
4884,644358403,86644358403,company,2026-08-18 03:38:17.304061+00,
4885,654839602,34654839602,company,2026-08-18 03:38:17.304061+00,
4886,009065650,86009065650,company,2026-08-18 03:38:17.304061+00,
4887,000031292,99000031292,company,2026-08-18 03:38:17.304061+00,
4888,116151636,73116151636,company,2026-08-18 03:38:17.304061+00,
4889,009344058,32009344058,company,2026-08-18 03:38:17.304061+00,
4890,107555046,56107555046,company,2026-08-18 03:38:17.304061+00,
4891,000742843,77000742843,company,2026-08-18 03:38:17.304061+00,
4892,165602273,12165602273,company,2026-08-18 03:38:17.304061+00,
4893,077771987,81077771987,company,2026-08-18 03:38:17.304061+00,
4894,123084453,79123084453,company,2026-08-18 03:38:17.304061+00,
4895,000307988,92000307988,company,2026-08-18 03:38:17.304061+00,
4896,166495441,33166495441,company,2026-08-18 03:38:17.304061+00,
4897,635890390,18635890390,company,2026-08-18 03:38:17.304061+00,
4898,619330648,,company,2026-08-18 03:38:17.304061+00,
4899,648187651,68648187651,company,2026-08-18 03:38:17.304061+00,
4900,644588787,45644588787,company,2026-08-18 03:38:17.304061+00,
4901,616507334,82616507334,company,2026-08-18 03:38:17.304061+00,
4902,,,foreign,2026-08-18 03:38:17.304061+00,081028337
4903,602195380,69602195380,company,2026-08-18 03:38:17.304061+00,
4904,650435895,88650435895,company,2026-08-18 03:38:17.304061+00,
4905,,,other,2026-08-18 03:38:17.304061+00,
4906,,,other,2026-08-18 03:38:17.304061+00,
4907,148966545,91148966545,company,2026-08-18 03:38:17.304061+00,
4908,004275165,55004275165,company,2026-08-18 03:38:17.304061+00,
4909,662908938,48662908938,company,2026-08-18 03:38:17.304061+00,
4910,,,foreign,2026-08-18 03:38:17.304061+00,686478875
4911,000051696,30000051696,company,2026-08-18 03:38:17.304061+00,
4912,004145868,24004145868,company,2026-08-18 03:38:17.304061+00,
4913,098939274,76098939274,company,2026-08-18 03:38:17.304061+00,
4914,008084848,97008084848,company,2026-08-18 03:38:17.304061+00,
4915,113824141,89113824141,company,2026-08-18 03:38:17.304061+00,
4916,649477734,96649477734,company,2026-08-18 03:38:17.304061+00,
4917,630538957,65630538957,company,2026-08-18 03:38:17.304061+00,
4918,091192871,11091192871,company,2026-08-18 03:38:17.304061+00,
4919,643244544,63643244544,company,2026-08-18 03:38:17.304061+00,
4920,643844544,98643844544,company,2026-08-18 03:38:17.304061+00,
4921,160885343,,company,2026-08-18 03:38:17.304061+00,
4922,123055363,97123055363,company,2026-08-18 03:38:17.304061+00,
4923,006708792,39006708792,company,2026-08-18 03:38:17.304061+00,
4924,,,foreign,2026-08-18 03:38:17.304061+00,696435917
4925,169346963,94169346963,company,2026-08-18 03:38:17.304061+00,
4926,647470415,83647470415,company,2026-08-18 03:38:17.304061+00,
4927,621179351,68621179351,company,2026-08-18 03:38:17.304061+00,
4928,645149211,57645149211,company,2026-08-18 03:38:17.304061+00,
4929,609609047,91609609047,company,2026-08-18 03:38:17.304061+00,
4930,059300426,43059300426,company,2026-08-18 03:38:17.304061+00,
4931,,,other,2026-08-18 03:38:17.304061+00,
4932,146035127,21146035127,company,2026-08-18 03:38:17.304061+00,
4933,003029543,95003029543,company,2026-08-18 03:38:17.304061+00,
4934,,,other,2026-08-18 03:38:17.304061+00,
4935,127171877,11127171877,company,2026-08-18 03:38:17.304061+00,
4936,061681098,47061681098,company,2026-08-18 03:38:17.304061+00,
4937,,,other,2026-08-18 03:38:17.304061+00,
4938,,,foreign,2026-08-18 03:38:17.304061+00,653308144
4939,154516533,82154516533,company,2026-08-18 03:38:17.304061+00,
4940,062409303,67062409303,company,2026-08-18 03:38:17.304061+00,
4941,095060745,41095060745,company,2026-08-18 03:38:17.304061+00,
4942,099555290,88099555290,company,2026-08-18 03:38:17.304061+00,
4943,646792949,80646792949,company,2026-08-18 03:38:17.304061+00,
4944,009487674,70009487674,company,2026-08-18 03:38:17.304061+00,
4945,009289481,43009289481,company,2026-08-18 03:38:17.304061+00,
4946,616909310,41616909310,company,2026-08-18 03:38:17.304061+00,
4947,112682158,13112682158,company,2026-08-18 03:38:17.304061+00,
4948,064551426,76064551426,company,2026-08-18 03:38:17.304061+00,
4949,644734921,53644734921,company,2026-08-18 03:38:17.304061+00,
4950,166064875,17166064875,company,2026-08-18 03:38:17.304061+00,
4951,006189331,84006189331,company,2026-08-18 03:38:17.304061+00,
4952,119007939,25119007939,company,2026-08-18 03:38:17.304061+00,
4953,115229984,86115229984,company,2026-08-18 03:38:17.304061+00,
4954,139255771,82139255771,company,2026-08-18 03:38:17.304061+00,
4955,000091305,25000091305,company,2026-08-18 03:38:17.304061+00,
4956,107462966,13107462966,company,2026-08-18 03:38:17.304061+00,
4957,601406419,68601406419,company,2026-08-18 03:38:17.304061+00,
4958,125931964,56125931964,company,2026-08-18 03:38:17.304061+00,
4959,655033677,52655033677,company,2026-08-18 03:38:17.304061+00,
4960,169979971,78169979971,company,2026-08-18 03:38:17.304061+00,
4961,615443037,94615443037,company,2026-08-18 03:38:17.304061+00,
4962,131843868,79131843868,company,2026-08-18 03:38:17.304061+00,
4963,626966943,78626966943,company,2026-08-18 03:38:17.304061+00,
4964,063144865,71063144865,company,2026-08-18 03:38:17.304061+00,
4965,654004403,37654004403,company,2026-08-18 03:38:17.304061+00,
4966,616746215,63616746215,company,2026-08-18 03:38:17.304061+00,
4967,008720223,15008720223,company,2026-08-18 03:38:17.304061+00,
4968,,,foreign,2026-08-18 03:38:17.304061+00,619770277
4969,637198531,16637198531,company,2026-08-18 03:38:17.304061+00,
4970,621103535,62621103535,company,2026-08-18 03:38:17.304061+00,
4971,112425788,95112425788,company,2026-08-18 03:38:17.304061+00,
4972,643435492,11643435492,company,2026-08-18 03:38:17.304061+00,
4973,154789554,73154789554,company,2026-08-18 03:38:17.304061+00,
4974,006194752,25006194752,company,2026-08-18 03:38:17.304061+00,
4975,663888891,97663888891,company,2026-08-18 03:38:17.304061+00,
4976,,,foreign,2026-08-18 03:38:17.304061+00,659040669
4977,006727966,64006727966,company,2026-08-18 03:38:17.304061+00,
4978,103003505,44103003505,company,2026-08-18 03:38:17.304061+00,
4979,100325184,22100325184,company,2026-08-18 03:38:17.304061+00,
4980,101714989,55101714989,company,2026-08-18 03:38:17.304061+00,
4981,003207467,30003207467,company,2026-08-18 03:38:17.304061+00,
4982,614676578,27614676578,company,2026-08-18 03:38:17.304061+00,
4983,083866862,96083866862,company,2026-08-18 03:38:17.304061+00,
4984,009200079,84009200079,company,2026-08-18 03:38:17.304061+00,
4985,644736247,73644736247,company,2026-08-18 03:38:17.304061+00,
4986,008665834,56008665834,company,2026-08-18 03:38:17.304061+00,
4987,615173076,39615173076,company,2026-08-18 03:38:17.304061+00,
4988,112971874,36112971874,company,2026-08-18 03:38:17.304061+00,
4989,003964181,65003964181,company,2026-08-18 03:38:17.304061+00,
4990,167522901,37167522901,company,2026-08-18 03:38:17.304061+00,
4991,094317665,55094317665,company,2026-08-18 03:38:17.304061+00,
4992,098405826,74098405826,company,2026-08-18 03:38:17.304061+00,
4993,000431827,86000431827,company,2026-08-18 03:38:17.304061+00,
4994,110868409,63110868409,company,2026-08-18 03:38:17.304061+00,
4995,653330413,19653330413,company,2026-08-18 03:38:17.304061+00,
4996,659161412,57659161412,company,2026-08-18 03:38:17.304061+00,
4997,006788754,70006788754,company,2026-08-18 03:38:17.304061+00,
4998,009196810,69009196810,company,2026-08-18 03:38:17.304061+00,
4999,009211474,95009211474,company,2026-08-18 03:38:17.304061+00,
5000,079971618,16079971618,company,2026-08-18 03:38:17.304061+00,
5001,106808986,27106808986,company,2026-08-18 03:38:17.304061+00,
5002,009127020,58009127020,company,2026-08-18 03:38:17.304061+00,
5003,124354329,30124354329,company,2026-08-18 03:38:17.304061+00,
5004,115593005,45115593005,company,2026-08-18 03:38:17.304061+00,
5005,091035353,29091035353,company,2026-08-18 03:38:17.304061+00,
5006,150597541,30150597541,company,2026-08-18 03:38:17.304061+00,
5007,106806884,17106806884,company,2026-08-18 03:38:17.304061+00,
5008,006569106,56006569106,company,2026-08-18 03:38:17.304061+00,
5009,128806977,27128806977,company,2026-08-18 03:38:17.304061+00,
5010,109213470,53109213470,company,2026-08-18 03:38:17.304061+00,
5011,087741571,33087741571,company,2026-08-18 03:38:17.304061+00,
5012,612076169,,company,2026-08-18 03:38:17.304061+00,
5013,623130987,49623130987,company,2026-08-18 03:38:17.304061+00,
5014,105326850,85105326850,company,2026-08-18 03:38:17.304061+00,
5015,147346334,62147346334,company,2026-08-18 03:38:17.304061+00,
5016,615674185,57615674185,company,2026-08-18 03:38:17.304061+00,
5017,629193764,23629193764,company,2026-08-18 03:38:17.304061+00,
5018,075877075,20075877075,company,2026-08-18 03:38:17.304061+00,
5019,161615783,76161615783,company,2026-08-18 03:38:17.304061+00,
5020,098391961,48098391961,company,2026-08-18 03:38:17.304061+00,
5021,655057588,46655057588,company,2026-08-18 03:38:17.304061+00,
5022,009661901,16009661901,company,2026-08-18 03:38:17.304061+00,
5023,008485014,28008485014,company,2026-08-18 03:38:17.304061+00,
5024,167966770,13167966770,company,2026-08-18 03:38:17.304061+00,
5025,624448693,93624448693,company,2026-08-18 03:38:17.304061+00,
5026,008101979,41008101979,company,2026-08-18 03:38:17.304061+00,
5027,643212104,72643212104,company,2026-08-18 03:38:17.304061+00,
5028,125368658,61125368658,company,2026-08-18 03:38:17.304061+00,
5029,,,other,2026-08-18 03:38:17.304061+00,
5030,081688164,58081688164,company,2026-08-18 03:38:17.304061+00,
5031,147106974,55147106974,company,2026-08-18 03:38:17.304061+00,
5032,655560740,93655560740,company,2026-08-18 03:38:17.304061+00,
5033,149318749,61149318749,company,2026-08-18 03:38:17.304061+00,
5034,647877889,57647877889,company,2026-08-18 03:38:17.304061+00,
5035,108560069,12108560069,company,2026-08-18 03:38:17.304061+00,
5036,611998200,22611998200,company,2026-08-18 03:38:17.304061+00,
5037,643902943,29643902943,company,2026-08-18 03:38:17.304061+00,
5038,143194165,39143194165,company,2026-08-18 03:38:17.304061+00,
5039,,,foreign,2026-08-18 03:38:17.304061+00,671716457
5040,649096917,70649096917,company,2026-08-18 03:38:17.304061+00,
5041,115857988,38115857988,company,2026-08-18 03:38:17.304061+00,
5042,113385425,57113385425,company,2026-08-18 03:38:17.304061+00,
5043,096781716,57096781716,company,2026-08-18 03:38:17.304061+00,
5044,124849065,73124849065,company,2026-08-18 03:38:17.304061+00,
5045,136815891,44136815891,company,2026-08-18 03:38:17.304061+00,
5046,649292080,75649292080,company,2026-08-18 03:38:17.304061+00,
5047,628003538,54628003538,company,2026-08-18 03:38:17.304061+00,
5048,,,other,2026-08-18 03:38:17.304061+00,
5049,103367684,34103367684,company,2026-08-18 03:38:17.304061+00,
5050,009161522,68009161522,company,2026-08-18 03:38:17.304061+00,
5051,090169154,42090169154,company,2026-08-18 03:38:17.304061+00,
5052,000762345,92000762345,company,2026-08-18 03:38:17.304061+00,
5053,632137216,25632137216,company,2026-08-18 03:38:17.304061+00,
5054,068349066,54068349066,company,2026-08-18 03:38:17.304061+00,
5055,647703839,13647703839,company,2026-08-18 03:38:17.304061+00,
5056,105578756,65105578756,company,2026-08-18 03:38:17.304061+00,
5057,125203054,11125203054,company,2026-08-18 03:38:17.304061+00,
5058,004313133,49004313133,company,2026-08-18 03:38:17.304061+00,
5059,648834771,50648834771,company,2026-08-18 03:38:17.304061+00,
5060,,,other,2026-08-18 03:38:17.304061+00,
5061,,,other,2026-08-18 03:38:17.304061+00,
5062,110005822,12110005822,company,2026-08-18 03:38:17.304061+00,
5063,,,other,2026-08-18 03:38:17.304061+00,
5064,,,other,2026-08-18 03:38:17.304061+00,
5065,106840082,31106840082,company,2026-08-18 03:38:17.304061+00,
5066,058010692,82058010692,company,2026-08-18 03:38:17.304061+00,
5067,619660721,91619660721,company,2026-08-18 03:38:17.304061+00,
5068,635219484,58635219484,company,2026-08-18 03:38:17.304061+00,
5069,617614598,64617614598,company,2026-08-18 03:38:17.304061+00,
5070,,,other,2026-08-18 03:38:17.304061+00,
5071,116800269,30116800269,company,2026-08-18 03:38:17.304061+00,
5072,001288768,57001288768,company,2026-08-18 03:38:17.304061+00,
5073,114553392,44114553392,company,2026-08-18 03:38:17.304061+00,
5074,006762492,96006762492,company,2026-08-18 03:38:17.304061+00,
5075,619459335,59619459335,company,2026-08-18 03:38:17.304061+00,
5076,006708765,33006708765,company,2026-08-18 03:38:17.304061+00,
5077,143042022,91143042022,company,2026-08-18 03:38:17.304061+00,
5078,099862129,52099862129,company,2026-08-18 03:38:17.304061+00,
5079,006911744,59006911744,company,2026-08-18 03:38:17.304061+00,
5080,004458404,96004458404,company,2026-08-18 03:38:17.304061+00,
5081,611976517,53611976517,company,2026-08-18 03:38:17.304061+00,
5082,128512907,36128512907,company,2026-08-18 03:38:17.304061+00,
5083,003348730,14003348730,company,2026-08-18 03:38:17.304061+00,
5084,618678701,17618678701,company,2026-08-18 03:38:17.304061+00,
5085,006639514,41006639514,company,2026-08-18 03:38:17.304061+00,
5086,622055216,43622055216,company,2026-08-18 03:38:17.304061+00,
5087,613410398,14613410398,company,2026-08-18 03:38:17.304061+00,
5088,095034003,55095034003,company,2026-08-18 03:38:17.304061+00,
5089,,,foreign,2026-08-18 03:38:17.304061+00,064514852
5090,008045083,97008045083,company,2026-08-18 03:38:17.304061+00,
5091,617789732,99617789732,company,2026-08-18 03:38:17.304061+00,
5092,001717540,51001717540,company,2026-08-18 03:38:17.304061+00,
5093,119568106,40119568106,company,2026-08-18 03:38:17.304061+00,
5094,169102523,69169102523,company,2026-08-18 03:38:17.304061+00,
5095,004669658,41004669658,company,2026-08-18 03:38:17.304061+00,
5096,062063692,25062063692,company,2026-08-18 03:38:17.304061+00,
5097,135531341,90135531341,company,2026-08-18 03:38:17.304061+00,
5098,614848216,23614848216,company,2026-08-18 03:38:17.304061+00,
5099,114187978,92114187978,company,2026-08-18 03:38:17.304061+00,
5100,165522887,83165522887,company,2026-08-18 03:38:17.304061+00,
5101,099116275,94099116275,company,2026-08-18 03:38:17.304061+00,
5102,625330878,30625330878,company,2026-08-18 03:38:17.304061+00,
5103,129188450,33129188450,company,2026-08-18 03:38:17.304061+00,
5104,002527906,34002527906,company,2026-08-18 03:38:17.304061+00,
5105,097982235,79097982235,company,2026-08-18 03:38:17.304061+00,
5106,649632744,81649632744,company,2026-08-18 03:38:17.304061+00,
5107,009174761,28009174761,company,2026-08-18 03:38:17.304061+00,
5108,651974980,13651974980,company,2026-08-18 03:38:17.304061+00,
5109,097088689,39097088689,company,2026-08-18 03:38:17.304061+00,
5110,,,foreign,2026-08-18 03:38:17.304061+00,164362850
5111,650066158,16650066158,company,2026-08-18 03:38:17.304061+00,
5112,148214260,74148214260,company,2026-08-18 03:38:17.304061+00,
5113,617799738,63617799738,company,2026-08-18 03:38:17.304061+00,
5114,610855877,46610855877,company,2026-08-18 03:38:17.304061+00,
5115,009173602,50009173602,company,2026-08-18 03:38:17.304061+00,
5116,651852470,73651852470,company,2026-08-18 03:38:17.304061+00,
5117,107202602,53107202602,company,2026-08-18 03:38:17.304061+00,
5118,606695854,74606695854,company,2026-08-18 03:38:17.304061+00,
5119,,,foreign,2026-08-18 03:38:17.304061+00,690969638
5120,615510177,74615510177,company,2026-08-18 03:38:17.304061+00,
5121,606128090,18606128090,company,2026-08-18 03:38:17.304061+00,
5122,093732597,84093732597,company,2026-08-18 03:38:17.304061+00,
5123,615728375,38615728375,company,2026-08-18 03:38:17.304061+00,
5124,,,foreign,2026-08-18 03:38:17.304061+00,152971821
5125,646715111,96646715111,company,2026-08-18 03:38:17.304061+00,
5126,009165066,36009165066,company,2026-08-18 03:38:17.304061+00,
5127,003043570,68003043570,company,2026-08-18 03:38:17.304061+00,
5128,009657961,25009657961,company,2026-08-18 03:38:17.304061+00,
5129,001671496,66001671496,company,2026-08-18 03:38:17.304061+00,
5130,115535030,40115535030,company,2026-08-18 03:38:17.304061+00,
5131,629598778,96629598778,company,2026-08-18 03:38:17.304061+00,
5132,073659677,98073659677,company,2026-08-18 03:38:17.304061+00,
5133,121931744,59121931744,company,2026-08-18 03:38:17.304061+00,
5134,001150849,25001150849,company,2026-08-18 03:38:17.304061+00,
5135,631662283,46631662283,company,2026-08-18 03:38:17.304061+00,
5136,621402588,84621402588,company,2026-08-18 03:38:17.304061+00,
5137,009221630,20009221630,company,2026-08-18 03:38:17.304061+00,
5138,080075314,46080075314,company,2026-08-18 03:38:17.304061+00,
5139,006067607,33006067607,company,2026-08-18 03:38:17.304061+00,
5140,091744884,90091744884,company,2026-08-18 03:38:17.304061+00,
5141,051212429,14051212429,company,2026-08-18 03:38:17.304061+00,
5142,695278810,21695278810,company,2026-08-18 03:38:17.304061+00,
5143,008675689,73008675689,company,2026-08-18 03:38:17.304061+00,
5144,009317846,50009317846,company,2026-08-18 03:38:17.304061+00,
5145,151155734,59151155734,company,2026-08-18 03:38:17.304061+00,
5146,105154185,55105154185,company,2026-08-18 03:38:17.304061+00,
5147,125811083,29125811083,company,2026-08-18 03:38:17.304061+00,
5148,107920945,91107920945,company,2026-08-18 03:38:17.304061+00,
5149,149126858,81149126858,company,2026-08-18 03:38:17.304061+00,
5150,142003469,46142003469,company,2026-08-18 03:38:17.304061+00,
5151,615518020,25615518020,company,2026-08-18 03:38:17.304061+00,
5152,007481156,55007481156,company,2026-08-18 03:38:17.304061+00,
5153,114838630,69114838630,company,2026-08-18 03:38:17.304061+00,
5154,,,other,2026-08-18 03:38:17.304061+00,
5155,139308973,21139308973,company,2026-08-18 03:38:17.304061+00,
5156,149629023,85149629023,company,2026-08-18 03:38:17.304061+00,
5157,654729352,14654729352,company,2026-08-18 03:38:17.304061+00,
5158,086972429,13086972429,company,2026-08-18 03:38:17.304061+00,
5159,639242765,58639242765,company,2026-08-18 03:38:17.304061+00,
5160,162817905,93162817905,company,2026-08-18 03:38:17.304061+00,
5161,004196909,24004196909,company,2026-08-18 03:38:17.304061+00,
5162,605279329,29605279329,company,2026-08-18 03:38:17.304061+00,
5163,063388821,12063388821,company,2026-08-18 03:38:17.304061+00,
5164,123423987,98123423987,company,2026-08-18 03:38:17.304061+00,
5165,000721380,87000721380,company,2026-08-18 03:38:17.304061+00,
5166,088417403,15088417403,company,2026-08-18 03:38:17.304061+00,
5167,143841801,54143841801,company,2026-08-18 03:38:17.304061+00,
5168,126266831,48126266831,company,2026-08-18 03:38:17.304061+00,
5169,608419656,17608419656,company,2026-08-18 03:38:17.304061+00,
5170,011045828,28011045828,company,2026-08-18 03:38:17.304061+00,
5171,106337599,38106337599,company,2026-08-18 03:38:17.304061+00,
5172,636484814,80636484814,company,2026-08-18 03:38:17.304061+00,
5173,,,foreign,2026-08-18 03:38:17.304061+00,098775047
5174,,,other,2026-08-18 03:38:17.304061+00,
5175,108042593,41108042593,company,2026-08-18 03:38:17.304061+00,
5176,118751027,93118751027,company,2026-08-18 03:38:17.304061+00,
5177,608047794,90608047794,company,2026-08-18 03:38:17.304061+00,
5178,,,foreign,2026-08-18 03:38:17.304061+00,611613980
5179,004554929,24004554929,company,2026-08-18 03:38:17.304061+00,
5180,,,foreign,2026-08-18 03:38:17.304061+00,113908875
5181,098952035,46098952035,company,2026-08-18 03:38:17.304061+00,
5182,647829749,80647829749,company,2026-08-18 03:38:17.304061+00,
5183,651636065,43651636065,company,2026-08-18 03:38:17.304061+00,
5184,169263094,96169263094,company,2026-08-18 03:38:17.304061+00,
5185,,,foreign,2026-08-18 03:38:17.304061+00,691140360
5186,653083026,,company,2026-08-18 03:38:17.304061+00,
5187,150154162,67150154162,company,2026-08-18 03:38:17.304061+00,
5188,003372067,69003372067,company,2026-08-18 03:38:17.304061+00,
5189,623652522,35623652522,company,2026-08-18 03:38:17.304061+00,
5190,,,foreign,2026-08-18 03:38:17.304061+00,614984655
5191,161946989,37161946989,company,2026-08-18 03:38:17.304061+00,
5192,625645338,70625645338,company,2026-08-18 03:38:17.304061+00,
5193,,,foreign,2026-08-18 03:38:17.304061+00,106307322
5194,131920968,27131920968,company,2026-08-18 03:38:17.304061+00,
5195,648048631,53648048631,company,2026-08-18 03:38:17.304061+00,
5196,631513696,52631513696,company,2026-08-18 03:38:17.304061+00,
5197,107772467,31107772467,company,2026-08-18 03:38:17.304061+00,
5198,050287431,14050287431,company,2026-08-18 03:38:17.304061+00,
5199,619211826,59619211826,company,2026-08-18 03:38:17.304061+00,
5200,003135680,12003135680,company,2026-08-18 03:38:17.304061+00,
5201,681796270,90681796270,company,2026-08-18 03:38:17.304061+00,
5202,121257412,67121257412,company,2026-08-18 03:38:17.304061+00,
5203,082811630,75082811630,company,2026-08-18 03:38:17.304061+00,
5204,,,foreign,2026-08-18 03:38:17.304061+00,653575618
5205,,,foreign,2026-08-18 03:38:17.304061+00,164228399
5206,660362201,61660362201,company,2026-08-18 03:38:17.304061+00,
5207,687534023,38687534023,company,2026-08-18 03:38:17.304061+00,
5208,003255221,35003255221,company,2026-08-18 03:38:17.304061+00,
5209,,,foreign,2026-08-18 03:38:17.304061+00,161803032
5210,122437503,47122437503,company,2026-08-18 03:38:17.304061+00,
5211,140151579,79140151579,company,2026-08-18 03:38:17.304061+00,
5212,004766376,31004766376,company,2026-08-18 03:38:17.304061+00,
5213,091351530,93091351530,company,2026-08-18 03:38:17.304061+00,
5214,646391899,59646391899,company,2026-08-18 03:38:17.304061+00,
5215,,,other,2026-08-18 03:38:17.304061+00,
5216,,,foreign,2026-08-18 03:38:17.304061+00,050611277
5217,078532180,20078532180,company,2026-08-18 03:38:17.304061+00,
5218,009092068,13009092068,company,2026-08-18 03:38:17.304061+00,
5219,112844407,72112844407,company,2026-08-18 03:38:17.304061+00,
5220,099084143,67099084143,company,2026-08-18 03:38:17.304061+00,
5221,119327169,45119327169,company,2026-08-18 03:38:17.304061+00,
5222,659090338,91659090338,company,2026-08-18 03:38:17.304061+00,
5223,104662259,81104662259,company,2026-08-18 03:38:17.304061+00,
5224,116668538,81116668538,company,2026-08-18 03:38:17.304061+00,
5225,,,foreign,2026-08-18 03:38:17.304061+00,642229856
5226,088488724,94088488724,company,2026-08-18 03:38:17.304061+00,
5227,127457916,34127457916,company,2026-08-18 03:38:17.304061+00,
5228,083274024,48083274024,company,2026-08-18 03:38:17.304061+00,
5229,,,foreign,2026-08-18 03:38:17.304061+00,143964649
5230,,,foreign,2026-08-18 03:38:17.304061+00,641646924
5231,089222506,97089222506,company,2026-08-18 03:38:17.304061+00,
5232,108758961,96108758961,company,2026-08-18 03:38:17.304061+00,
5233,665307433,86665307433,company,2026-08-18 03:38:17.304061+00,
5234,150747649,78150747649,company,2026-08-18 03:38:17.304061+00,
5235,140110130,79140110130,company,2026-08-18 03:38:17.304061+00,
5236,004217734,75004217734,company,2026-08-18 03:38:17.304061+00,
5237,072369870,46072369870,company,2026-08-18 03:38:17.304061+00,
5238,,,foreign,2026-08-18 03:38:17.304061+00,055836952
5239,,,foreign,2026-08-18 03:38:17.304061+00,628707399
5240,678129756,72678129756,company,2026-08-18 03:38:17.304061+00,
5241,109361195,20109361195,company,2026-08-18 03:38:17.304061+00,
5242,123184412,68123184412,company,2026-08-18 03:38:17.304061+00,
5243,619488498,43619488498,company,2026-08-18 03:38:17.304061+00,
5244,007550923,80007550923,company,2026-08-18 03:38:17.304061+00,
5245,616696318,34616696318,company,2026-08-18 03:38:17.304061+00,
5246,006222395,54006222395,company,2026-08-18 03:38:17.304061+00,
5247,078012745,59078012745,company,2026-08-18 03:38:17.304061+00,
5248,140494784,17140494784,company,2026-08-18 03:38:17.304061+00,
5249,108676204,81108676204,company,2026-08-18 03:38:17.304061+00,
5250,145290124,66145290124,company,2026-08-18 03:38:17.304061+00,
5251,003049714,75003049714,company,2026-08-18 03:38:17.304061+00,
5252,107452942,45107452942,company,2026-08-18 03:38:17.304061+00,
5253,120833427,71120833427,company,2026-08-18 03:38:17.304061+00,
5254,117296143,63117296143,company,2026-08-18 03:38:17.304061+00,
5255,119826907,33119826907,company,2026-08-18 03:38:17.304061+00,
5256,009256535,20009256535,company,2026-08-18 03:38:17.304061+00,
5257,,,foreign,2026-08-18 03:38:17.304061+00,681229854
5258,009307046,92009307046,company,2026-08-18 03:38:17.304061+00,
5259,116024536,91116024536,company,2026-08-18 03:38:17.304061+00,
5260,615255466,72615255466,company,2026-08-18 03:38:17.304061+00,
5261,125242284,77125242284,company,2026-08-18 03:38:17.304061+00,
5262,118159881,24118159881,company,2026-08-18 03:38:17.304061+00,
5263,062284084,41062284084,company,2026-08-18 03:38:17.304061+00,
5264,650774253,48650774253,company,2026-08-18 03:38:17.304061+00,
5265,063780709,66063780709,company,2026-08-18 03:38:17.304061+00,
5266,111823762,62111823762,company,2026-08-18 03:38:17.304061+00,
5267,000617176,51000617176,company,2026-08-18 03:38:17.304061+00,
5268,153868789,19153868789,company,2026-08-18 03:38:17.304061+00,
5269,009253187,85009253187,company,2026-08-18 03:38:17.304061+00,
5270,111398040,53111398040,company,2026-08-18 03:38:17.304061+00,
5271,,,foreign,2026-08-18 03:38:17.304061+00,672879024
5272,009341539,11009341539,company,2026-08-18 03:38:17.304061+00,
5273,,,other,2026-08-18 03:38:17.304061+00,
5274,128042606,23128042606,company,2026-08-18 03:38:17.304061+00,
5275,,,other,2026-08-18 03:38:17.304061+00,
5276,001809043,45001809043,company,2026-08-18 03:38:17.304061+00,
5277,108150750,53108150750,company,2026-08-18 03:38:17.304061+00,
5278,105597279,40105597279,company,2026-08-18 03:38:17.304061+00,
5279,088588425,22088588425,company,2026-08-18 03:38:17.304061+00,
5280,650478774,73650478774,company,2026-08-18 03:38:17.304061+00,
5281,110411428,52110411428,company,2026-08-18 03:38:17.304061+00,
5282,096782188,66096782188,company,2026-08-18 03:38:17.304061+00,
5283,612008358,32612008358,company,2026-08-18 03:38:17.304061+00,
5284,143533537,35143533537,company,2026-08-18 03:38:17.304061+00,
5285,684303660,22684303660,company,2026-08-18 03:38:17.304061+00,
5286,084800902,53084800902,company,2026-08-18 03:38:17.304061+00,
5287,624721035,66624721035,company,2026-08-18 03:38:17.304061+00,
5288,644621830,40644621830,company,2026-08-18 03:38:17.304061+00,
5289,627596418,16627596418,company,2026-08-18 03:38:17.304061+00,
5290,073892636,36073892636,company,2026-08-18 03:38:17.304061+00,
5291,131758177,30131758177,company,2026-08-18 03:38:17.304061+00,
5292,152084403,67152084403,company,2026-08-18 03:38:17.304061+00,
5293,,,foreign,2026-08-18 03:38:17.304061+00,655142028
5294,,,foreign,2026-08-18 03:38:17.304061+00,121117673
5295,009134114,12009134114,company,2026-08-18 03:38:17.304061+00,
5296,,,foreign,2026-08-18 03:38:17.304061+00,687644248
5297,629045736,74629045736,company,2026-08-18 03:38:17.304061+00,
5298,,,foreign,2026-08-18 03:38:17.304061+00,124462826
5299,081925706,21081925706,company,2026-08-18 03:38:17.304061+00,
5300,138405419,32138405419,company,2026-08-18 03:38:17.304061+00,
5301,079536495,71079536495,company,2026-08-18 03:38:17.304061+00,
5302,650620303,56650620303,company,2026-08-18 03:38:17.304061+00,
5303,616620369,85616620369,company,2026-08-18 03:38:17.304061+00,
5304,155933010,44155933010,company,2026-08-18 03:38:17.304061+00,
5305,646651612,19646651612,company,2026-08-18 03:38:17.304061+00,
5306,127735442,66127735442,company,2026-08-18 03:38:17.304061+00,
5307,123981537,69123981537,company,2026-08-18 03:38:17.304061+00,
5308,086471007,25086471007,company,2026-08-18 03:38:17.304061+00,
5309,116153514,45116153514,company,2026-08-18 03:38:17.304061+00,
5310,119421868,28119421868,company,2026-08-18 03:38:17.304061+00,
5311,010487180,84010487180,company,2026-08-18 03:38:17.304061+00,
5312,168481614,46168481614,company,2026-08-18 03:38:17.304061+00,
5313,,,foreign,2026-08-18 03:38:17.304061+00,657300359
5314,126042215,99126042215,company,2026-08-18 03:38:17.304061+00,
5315,080167264,41080167264,company,2026-08-18 03:38:17.304061+00,
5316,621122905,44621122905,company,2026-08-18 03:38:17.304061+00,
5317,,,other,2026-08-18 03:38:17.304061+00,
5318,136739967,79136739967,company,2026-08-18 03:38:17.304061+00,
5319,073079268,99073079268,company,2026-08-18 03:38:17.304061+00,
5320,096304620,76096304620,company,2026-08-18 03:38:17.304061+00,
5321,608595660,69608595660,company,2026-08-18 03:38:17.304061+00,
5322,673333189,49673333189,company,2026-08-18 03:38:17.304061+00,
5323,622021265,62622021265,company,2026-08-18 03:38:17.304061+00,
5324,,,foreign,2026-08-18 03:38:17.304061+00,619784824
5325,661082435,,company,2026-08-18 03:38:17.304061+00,
5326,008130336,58008130336,company,2026-08-18 03:38:17.304061+00,
5327,152617706,38152617706,company,2026-08-18 03:38:17.304061+00,
5328,116420378,31116420378,company,2026-08-18 03:38:17.304061+00,
5329,158411566,20158411566,company,2026-08-18 03:38:17.304061+00,
5330,,,foreign,2026-08-18 03:38:17.304061+00,644098760
5331,663592318,91663592318,company,2026-08-18 03:38:17.304061+00,
5332,009131533,65009131533,company,2026-08-18 03:38:17.304061+00,
5333,106854175,91106854175,company,2026-08-18 03:38:17.304061+00,
5334,153414852,64153414852,company,2026-08-18 03:38:17.304061+00,
5335,117790897,97117790897,company,2026-08-18 03:38:17.304061+00,
5336,,,other,2026-08-18 03:38:17.304061+00,
5337,607771077,72607771077,company,2026-08-18 03:38:17.304061+00,
5338,639685975,70639685975,company,2026-08-18 03:38:17.304061+00,
5339,612559958,96612559958,company,2026-08-18 03:38:17.304061+00,
5340,000817023,12000817023,company,2026-08-18 03:38:17.304061+00,
5341,010954499,56010954499,company,2026-08-18 03:38:17.304061+00,
5342,004373862,24004373862,company,2026-08-18 03:38:17.304061+00,
5343,,,foreign,2026-08-18 03:38:17.304061+00,691932546
5344,,,foreign,2026-08-18 03:38:17.304061+00,645941028
5345,009067476,31009067476,company,2026-08-18 03:38:17.304061+00,
5346,103575042,49103575042,company,2026-08-18 03:38:17.304061+00,
5347,124990405,79124990405,company,2026-08-18 03:38:17.304061+00,
5348,073979272,26073979272,company,2026-08-18 03:38:17.304061+00,
5349,062576238,67062576238,company,2026-08-18 03:38:17.304061+00,
5350,,,foreign,2026-08-18 03:38:17.304061+00,121559993
5351,095768086,70095768086,company,2026-08-18 03:38:17.304061+00,
5352,091028090,35091028090,company,2026-08-18 03:38:17.304061+00,
5353,678776899,40678776899,company,2026-08-18 03:38:17.304061+00,
5354,628836484,94628836484,company,2026-08-18 03:38:17.304061+00,
5355,083160909,13083160909,company,2026-08-18 03:38:17.304061+00,
5356,009245890,81009245890,company,2026-08-18 03:38:17.304061+00,
5357,,,other,2026-08-18 03:38:17.304061+00,
5358,101026859,58101026859,company,2026-08-18 03:38:17.304061+00,
5359,116865546,34116865546,company,2026-08-18 03:38:17.304061+00,
5360,124541466,36124541466,company,2026-08-18 03:38:17.304061+00,
5361,601236417,91601236417,company,2026-08-18 03:38:17.304061+00,
5362,691820532,38691820532,company,2026-08-18 03:38:17.304061+00,
5363,649500907,41649500907,company,2026-08-18 03:38:17.304061+00,
5364,068647610,73068647610,company,2026-08-18 03:38:17.304061+00,
5365,127897689,90127897689,company,2026-08-18 03:38:17.304061+00,
5366,117526137,54117526137,company,2026-08-18 03:38:17.304061+00,
5367,163215914,79163215914,company,2026-08-18 03:38:17.304061+00,
5368,,,other,2026-08-18 03:38:17.304061+00,
5369,626661032,74626661032,company,2026-08-18 03:38:17.304061+00,
5370,,,other,2026-08-18 03:38:17.304061+00,
5371,609200580,56609200580,company,2026-08-18 03:38:17.304061+00,
5372,138897533,25138897533,company,2026-08-18 03:38:17.304061+00,
5373,622720254,48622720254,company,2026-08-18 03:38:17.304061+00,
5374,,,foreign,2026-08-18 03:38:17.304061+00,600417203
5375,100686226,54100686226,company,2026-08-18 03:38:17.304061+00,
5376,009234173,98009234173,company,2026-08-18 03:38:17.304061+00,
5377,601004102,58601004102,company,2026-08-18 03:38:17.304061+00,
5378,165378834,21165378834,company,2026-08-18 03:38:17.304061+00,
5379,629071594,59629071594,company,2026-08-18 03:38:17.304061+00,
5380,126200280,38126200280,company,2026-08-18 03:38:17.304061+00,
5381,003190421,35003190421,company,2026-08-18 03:38:17.304061+00,
5382,123250582,99123250582,company,2026-08-18 03:38:17.304061+00,
5383,112032596,32112032596,company,2026-08-18 03:38:17.304061+00,
5384,121969819,41121969819,company,2026-08-18 03:38:17.304061+00,
5385,007090904,96007090904,company,2026-08-18 03:38:17.304061+00,
5386,098455460,36098455460,company,2026-08-18 03:38:17.304061+00,
5387,106513580,15106513580,company,2026-08-18 03:38:17.304061+00,
5388,603253541,53603253541,company,2026-08-18 03:38:17.304061+00,
5389,009423189,62009423189,company,2026-08-18 03:38:17.304061+00,
5390,614814041,93614814041,company,2026-08-18 03:38:17.304061+00,
5391,618307887,47618307887,company,2026-08-18 03:38:17.304061+00,
5392,106353253,28106353253,company,2026-08-18 03:38:17.304061+00,
5393,122995073,96122995073,company,2026-08-18 03:38:17.304061+00,
5394,122958178,80122958178,company,2026-08-18 03:38:17.304061+00,
5395,142014873,59142014873,company,2026-08-18 03:38:17.304061+00,
5396,,,foreign,2026-08-18 03:38:17.304061+00,652996015
5397,138145114,66138145114,company,2026-08-18 03:38:17.304061+00,
5398,147948883,19147948883,company,2026-08-18 03:38:17.304061+00,
5399,124279750,12124279750,company,2026-08-18 03:38:17.304061+00,
5400,650116153,68650116153,company,2026-08-18 03:38:17.304061+00,
5401,624223132,38624223132,company,2026-08-18 03:38:17.304061+00,
5402,607079792,76607079792,company,2026-08-18 03:38:17.304061+00,
5403,124212175,41124212175,company,2026-08-18 03:38:17.304061+00,
5404,,,foreign,2026-08-18 03:38:17.304061+00,637709114
5405,646878631,51646878631,company,2026-08-18 03:38:17.304061+00,
5406,126420719,49126420719,company,2026-08-18 03:38:17.304061+00,
5407,121539375,70121539375,company,2026-08-18 03:38:17.304061+00,
5408,653634292,31653634292,company,2026-08-18 03:38:17.304061+00,
5409,083187017,56083187017,company,2026-08-18 03:38:17.304061+00,
5410,086587395,34086587395,company,2026-08-18 03:38:17.304061+00,
5411,649096220,24649096220,company,2026-08-18 03:38:17.304061+00,
5412,002070733,62002070733,company,2026-08-18 03:38:17.304061+00,
5413,107118678,96107118678,company,2026-08-18 03:38:17.304061+00,
5414,100504541,15100504541,company,2026-08-18 03:38:17.304061+00,
5415,007457141,33007457141,company,2026-08-18 03:38:17.304061+00,
5416,146455576,15146455576,company,2026-08-18 03:38:17.304061+00,
5417,649994669,26649994669,company,2026-08-18 03:38:17.304061+00,
5418,098236938,65098236938,company,2026-08-18 03:38:17.304061+00,
5419,155472834,95155472834,company,2026-08-18 03:38:17.304061+00,
5420,126299125,22126299125,company,2026-08-18 03:38:17.304061+00,
5421,004898962,55004898962,company,2026-08-18 03:38:17.304061+00,
5422,002013612,68002013612,company,2026-08-18 03:38:17.304061+00,
5423,071527083,62071527083,company,2026-08-18 03:38:17.304061+00,
5424,168586445,21168586445,company,2026-08-18 03:38:17.304061+00,
5425,008984049,28008984049,company,2026-08-18 03:38:17.304061+00,
5426,624572925,76624572925,company,2026-08-18 03:38:17.304061+00,
5427,622632848,49622632848,company,2026-08-18 03:38:17.304061+00,
5428,139627446,54139627446,company,2026-08-18 03:38:17.304061+00,
5429,009260306,60009260306,company,2026-08-18 03:38:17.304061+00,
5430,124425396,68124425396,company,2026-08-18 03:38:17.304061+00,
5431,000012895,50000012895,company,2026-08-18 03:38:17.304061+00,
5432,658702222,76658702222,company,2026-08-18 03:38:17.304061+00,
5433,620459823,97620459823,company,2026-08-18 03:38:17.304061+00,
5434,141940230,41141940230,company,2026-08-18 03:38:17.304061+00,
5435,648687094,77648687094,company,2026-08-18 03:38:17.304061+00,
5436,679116762,85679116762,company,2026-08-18 03:38:17.304061+00,
5437,611053751,33611053751,company,2026-08-18 03:38:17.304061+00,
5438,168941704,47168941704,company,2026-08-18 03:38:17.304061+00,
5439,640738834,59640738834,company,2026-08-18 03:38:17.304061+00,
5440,617838418,34617838418,company,2026-08-18 03:38:17.304061+00,
5441,683776954,40683776954,company,2026-08-18 03:38:17.304061+00,
5442,009087469,58009087469,company,2026-08-18 03:38:17.304061+00,
5443,150759363,77150759363,company,2026-08-18 03:38:17.304061+00,
5444,604913822,86604913822,company,2026-08-18 03:38:17.304061+00,
5445,096090158,17096090158,company,2026-08-18 03:38:17.304061+00,
5446,636701267,39636701267,company,2026-08-18 03:38:17.304061+00,
5447,000014675,88000014675,company,2026-08-18 03:38:17.304061+00,
5448,612986517,35612986517,company,2026-08-18 03:38:17.304061+00,
5449,617281268,69617281268,company,2026-08-18 03:38:17.304061+00,
5450,611202414,50611202414,company,2026-08-18 03:38:17.304061+00,
5451,655401675,24655401675,company,2026-08-18 03:38:17.304061+00,
5452,119047693,38119047693,company,2026-08-18 03:38:17.304061+00,
5453,635895082,66635895082,company,2026-08-18 03:38:17.304061+00,
5454,065894724,41065894724,company,2026-08-18 03:38:17.304061+00,
5455,169037058,87169037058,company,2026-08-18 03:38:17.304061+00,
5456,152071095,75152071095,company,2026-08-18 03:38:17.304061+00,
5457,,,foreign,2026-08-18 03:38:17.304061+00,655601568
5458,624909682,26624909682,company,2026-08-18 03:38:17.304061+00,
5459,124894060,89124894060,company,2026-08-18 03:38:17.304061+00,
5460,112914459,62112914459,company,2026-08-18 03:38:17.304061+00,
5461,004661205,80004661205,company,2026-08-18 03:38:17.304061+00,
5462,637951154,48637951154,company,2026-08-18 03:38:17.304061+00,
5463,150110017,79150110017,company,2026-08-18 03:38:17.304061+00,
5464,122404666,,company,2026-08-18 03:38:17.304061+00,
5465,,,foreign,2026-08-18 03:38:17.304061+00,605927464
5466,076390451,88076390451,company,2026-08-18 03:38:17.304061+00,
5467,635810258,37635810258,company,2026-08-18 03:38:17.304061+00,
5468,600308398,45600308398,company,2026-08-18 03:38:17.304061+00,
5469,107908314,80107908314,company,2026-08-18 03:38:17.304061+00,
5470,154103607,39154103607,company,2026-08-18 03:38:17.304061+00,
5471,,,foreign,2026-08-18 03:38:17.304061+00,160661183
5472,009217154,96009217154,company,2026-08-18 03:38:17.304061+00,
5473,,,foreign,2026-08-18 03:38:17.304061+00,654151514
5474,111859119,82111859119,company,2026-08-18 03:38:17.304061+00,
5475,118554359,27118554359,company,2026-08-18 03:38:17.304061+00,
5476,143416531,52143416531,company,2026-08-18 03:38:17.304061+00,
5477,084370669,98084370669,company,2026-08-18 03:38:17.304061+00,
5478,108753608,86108753608,company,2026-08-18 03:38:17.304061+00,
5479,650011644,65650011644,company,2026-08-18 03:38:17.304061+00,
5480,141703399,43141703399,company,2026-08-18 03:38:17.304061+00,
5481,137984297,29137984297,company,2026-08-18 03:38:17.304061+00,
5482,139183190,70139183190,company,2026-08-18 03:38:17.304061+00,
5483,009816871,62009816871,company,2026-08-18 03:38:17.304061+00,
5484,,,foreign,2026-08-18 03:38:17.304061+00,083463058
5485,139546428,50139546428,company,2026-08-18 03:38:17.304061+00,
5486,103782378,27103782378,company,2026-08-18 03:38:17.304061+00,
5487,124140889,23124140889,company,2026-08-18 03:38:17.304061+00,
5488,113326524,25113326524,company,2026-08-18 03:38:17.304061+00,
5489,119397938,96119397938,company,2026-08-18 03:38:17.304061+00,
5490,006645754,73006645754,company,2026-08-18 03:38:17.304061+00,
