entity_id,name,name_norm,name_kind,valid_from,valid_to,source_doc_id,source_load_id
3661,EXULTANT MINING LIMITED,EXULTANT MINING,legal,2025-01-31,,,4
3662,1414 DEGREES LIMITED,1414 DEGREES,legal,2018-09-10,,,4
3662,GNOMON TECHNOLOGIES PTY LTD,GNOMON TECHNOLOGIES,former,2009-08-11,2018-09-09,,4
3662,LATENT HEAT STORAGE PTY LTD,LATENT HEAT STORAGE,former,2009-08-11,2018-09-09,,4
3663,ADALTA LIMITED,ADALTA,legal,2006-06-22,,,4
3664,AURORA ENERGY METALS LIMITED,AURORA ENERGY METALS,legal,2022-05-16,,,4
3664,AURORA URANIUM LIMITED,AURORA URANIUM,former,2015-03-13,2022-05-15,,4
3664,EVE INVESTMENTS LIMITED,EVE INVESTMENTS,former,2015-03-13,2022-05-15,,4
3665,ALGORAE PHARMACEUTICALS LIMITED,ALGORAE PHARMACEUTICALS,legal,2023-09-05,,,4
3665,LIVING CELL TECHNOLOGIES LTD,LIVING CELL TECHNOLOGIES,former,2003-03-17,2023-09-04,,4
3665,WAYMOUTH RESOURCES LTD,WAYMOUTH RESOURCES,former,2003-03-17,2023-09-04,,4
3666,AQUABOTIX LTD,AQUABOTIX,former,2016-11-22,2022-09-13,,4
3666,ONE CLICK GROUP LIMITED,ONE CLICK GROUP,legal,2022-09-14,,,4
3666,UUV AQUABOTIX LTD,UUV AQUABOTIX,former,2016-11-22,2022-09-13,,4
3667,ALTURA MINING LIMITED,ALTURA MINING,former,2000-06-23,2021-12-12,,4
3667,HADDINGTON INTERNATIONAL RESOURCES LIMITED,HADDINGTON INTERNATIONAL RESOURCES,former,2000-06-23,2021-12-12,,4
3667,HADDINGTON RESOURCES LIMITED,HADDINGTON RESOURCES,former,2000-06-23,2021-12-12,,4
3667,MORELLA CORPORATION LIMITED,MORELLA CORPORATION,legal,2021-12-13,,,4
3668,REFFIND LTD,REFFIND,former,2014-07-15,2023-04-23,,4
3668,THRIVE TRIBE TECHNOLOGIES LIMITED,THRIVE TRIBE TECHNOLOGIES,legal,2023-04-24,,,4
3668,WOOBOARD TECHNOLOGIES LIMITED,WOOBOARD TECHNOLOGIES,former,2014-07-15,2023-04-23,,4
3669,29METALS LIMITED,29METALS,legal,2021-05-27,,,4
3670,"LIFE360, INC.",LIFE360,legal,2018-10-18,,,4
3671,AMAERO INC.,AMAERO,legal,2026-06-05,,,4
3672,MARLIN TECHNOLOGIES PTY LTD,MARLIN TECHNOLOGIES,former,1997-05-01,2016-06-30,,4
3672,POINTERRA LIMITED,POINTERRA,legal,2016-07-01,,,4
3672,SOIL SUB TECHNOLOGIES LIMITED,SOIL SUB TECHNOLOGIES,former,1997-05-01,2016-06-30,,4
3672,SOUTHMOON PTY LTD,SOUTHMOON,former,1997-05-01,2016-06-30,,4
3673,3P LEARNING LIMITED,3P LEARNING,legal,2014-07-09,,,4
3673,SCAFFOLD EDUCATION PTY LTD,SCAFFOLD EDUCATION,former,2003-02-21,2014-07-08,,4
3674,49 METALS LIMITED,49 METALS,legal,2026-03-27,,,4
3674,NORMANDY GOLD LIMITED,NORMANDY GOLD,former,2021-06-09,2026-03-26,,4
3675,4DS MEMORY LIMITED,4DS MEMORY,legal,2015-12-08,,,4
3675,FITZROY RESOURCES LTD.,FITZROY RESOURCES,former,2010-08-04,2015-12-07,,4
3676,4DMEDICAL LIMITED,4DMEDICAL,legal,2020-08-07,,,4
3676,4DX LIMITED,4DX,former,2012-12-17,2020-08-06,,4
3677,PENTANET LIMITED,PENTANET,legal,2017-02-20,,,4
3678,5G NETWORKS LIMITED,5G NETWORKS,legal,2023-12-22,,,4
3678,ARQ GROUP LIMITED,ARQ GROUP,former,1996-04-22,2023-12-21,,4
3678,MELBOURNE INFORMATION TECHNOLOGIES AUSTRALIA LTD,MELBOURNE INFORMATION TECHNOLOGIES AUSTRALIA,former,1996-04-22,2023-12-21,,4
3678,MELBOURNE IT LTD,MELBOURNE IT,former,1996-04-22,2023-12-21,,4
3678,WEBCENTRAL GROUP LIMITED,WEBCENTRAL GROUP,former,1996-04-22,2023-12-21,,4
3678,WEBCENTRAL LTD,WEBCENTRAL,former,1996-04-22,2023-12-21,,4
3679,"6K ADDITIVE, INC.",6K ADDITIVE,legal,2025-10-30,,,4
3680,88 ENERGY LIMITED,88 ENERGY,legal,2017-06-16,,,4
3680,BONDSHORE PTY. LIMITED,BONDSHORE,former,1996-02-21,2017-06-15,,4
3680,DIGITAL AND VOICE MEDIA LIMITED,DIGITAL AND VOICE MEDIA,former,1996-02-21,2017-06-15,,4
3680,DVM INTERNATIONAL LIMITED,DVM INTERNATIONAL,former,1996-02-21,2017-06-15,,4
3680,P.O.S. ABILITIES (AUST) PTY LTD,P O S ABILITIES AUST,former,1996-02-21,2017-06-15,,4
3680,P.O.S. MEDIA ONLINE LIMITED,P O S MEDIA ONLINE,former,1996-02-21,2017-06-15,,4
3680,TANGIERS PETROLEUM LIMITED,TANGIERS PETROLEUM,former,1996-02-21,2017-06-15,,4
3681,8COMMON LIMITED,8COMMON,legal,2014-02-25,,,4
3682,8I HOLDINGS LIMITED,8I,legal,2014-09-05,,,4
3683,ATLANTIC LITHIUM LIMITED,ATLANTIC LITHIUM,legal,2022-09-21,,,4
3683,IRONRIDGE RESOURCES LIMITED,IRONRIDGE RESOURCES,former,2007-08-24,2022-09-20,,4
3683,RIDGE EXPLORATION PTY LTD,RIDGE EXPLORATION,former,2007-08-24,2022-09-20,,4
3684,AIC MINES LIMITED,AIC MINES,legal,2020-09-14,,,4
3684,INTREPID MINES LIMITED,INTREPID MINES,former,1993-06-09,2020-09-13,,4
3684,NUSTAR MINING CORPORATION LIMITED,NUSTAR MINING CORPORATION,former,1993-06-09,2020-09-13,,4
3684,TAIPAN RESOURCES N.L.,TAIPAN RESOURCES N L,former,1993-06-09,2020-09-13,,4
3685,APN NEWS & MEDIA LIMITED,APN NEWS MEDIA,former,1988-04-27,2023-05-16,,4
3685,ARN MEDIA LIMITED,ARN MEDIA,legal,2023-05-17,,,4
3685,AUSTRALIAN PROVINCIAL NEWSPAPERS HOLDINGS LIMITED,AUSTRALIAN PROVINCIAL NEWSPAPERS,former,1988-04-27,2023-05-16,,4
3685,ENID PTY. LIMITED,ENID,former,1988-04-27,2023-05-16,,4
3685,HT&E LIMITED,HT E,former,1988-04-27,2023-05-16,,4
3686,A2 CORPORATION LIMITED,A2 CORPORATION,former,2012-05-24,2015-03-29,,4
3686,THE A2 MILK COMPANY LIMITED,THE A2 MILK COMPANY,legal,2015-03-30,,,4
3687,AURORA LABS LTD,AURORA LABS,legal,2014-08-09,,,4
3688,ALPHA HPA LIMITED,ALPHA HPA,legal,2018-11-30,,,4
3688,AUGUR RESOURCES LTD,AUGUR RESOURCES,former,2003-10-31,2018-11-29,,4
3688,CHAMPION RESOURCES LTD,CHAMPION RESOURCES,former,2003-10-31,2018-11-29,,4
3688,COLLERINA COBALT LIMITED,COLLERINA COBALT,former,2003-10-31,2018-11-29,,4
3689,AUSTRALASIAN GOLD LIMITED,AUSTRALASIAN GOLD,former,2018-04-23,2021-11-29,,4
3689,AUSTRALASIAN METALS LIMITED,AUSTRALASIAN METALS,legal,2021-11-30,,,4
3690,ARIANA RESOURCES PLC,ARIANA RESOURCES PLC,legal,2024-10-08,,,4
3691,AUSTRALIAN AGRICULTURAL COMPANY LIMITED,AUSTRALIAN AGRICULTURAL COMPANY,legal,1989-01-11,,,4
3692,ALCOA CORPORATION,ALCOA CORPORATION,legal,2024-06-04,,,4
3693,ARUMA RESOURCES LIMITED,ARUMA RESOURCES,legal,2010-01-05,,,4
3694,ALFABS AUSTRALIA LIMITED,ALFABS AUSTRALIA,legal,2024-01-24,,,4
3695,AUMEGA METALS LTD,AUMEGA METALS,legal,2024-05-31,,,4
3695,MATADOR MINING LIMITED,MATADOR MINING,former,2016-06-28,2024-05-30,,4
3696,AUSTRALIAN AGRICULTURAL PROJECTS LIMITED,AUSTRALIAN AGRICULTURAL PROJECTS,legal,2013-02-22,,,4
3696,PIQUANT BLUE LIMITED,PIQUANT BLUE,former,2003-04-30,2013-02-21,,4
3696,REDISLAND AUSTRALIA LIMITED,REDISLAND AUSTRALIA,former,2003-04-30,2013-02-21,,4
3697,ANGLO AUSTRALIAN RESOURCES N.L.,ANGLO AUSTRALIAN RESOURCES N L,former,1985-12-10,2022-04-07,,4
3697,ASTRAL RESOURCES NL,ASTRAL RESOURCES,legal,2022-04-08,,,4
3698,ANTILLES GOLD LIMITED,ANTILLES GOLD,legal,2020-11-04,,,4
3698,AYTOX PTY. LTD.,AYTOX,former,1984-02-09,2020-11-03,,4
3698,COMPASS GOLD LIMITED,COMPASS GOLD,former,1984-02-09,2020-11-03,,4
3698,ENVIROGOLD LIMITED,ENVIROGOLD,former,1984-02-09,2020-11-03,,4
3698,PANTERRA GOLD LIMITED,PANTERRA GOLD,former,1984-02-09,2020-11-03,,4
3698,SAMIC LTD.,SAMIC,former,1984-02-09,2020-11-03,,4
3698,SOUTHERN EQUITY HOLDINGS LIMITED,SOUTHERN EQUITY,former,1984-02-09,2020-11-03,,4
3699,AUSSIE BROADBAND LIMITED,AUSSIE BROADBAND,legal,2008-07-07,,,4
3700,AUSTRALIAN BOND EXCHANGE HOLDINGS LIMITED,AUSTRALIAN BOND EXCHANGE,legal,2018-10-22,,,4
3701,ABACUS DEVELOPMENT LIMITED,ABACUS DEVELOPMENT,former,1997-12-04,2023-04-25,,4
3701,ABACUS GROUP HOLDINGS LIMITED,ABACUS GROUP,legal,2023-04-26,,,4
3701,ASHMALL DEVELOPMENT LIMITED,ASHMALL DEVELOPMENT,former,1997-12-04,2023-04-25,,4
3702,ALBRIGHT METALS LTD,ALBRIGHT METALS,legal,2025-11-26,,,4
3702,BRYAH RESOURCES LIMITED,BRYAH RESOURCES,former,2017-01-13,2025-11-25,,4
3703,ADVANCED BRAKING TECHNOLOGY LTD,ADVANCED BRAKING TECHNOLOGY,legal,2007-10-23,,,4
3703,SAFE EFFECT TECHNOLOGIES LTD,SAFE EFFECT TECHNOLOGIES,former,2001-12-19,2007-10-22,,4
3704,ABX GROUP LIMITED,ABX GROUP,legal,2021-12-16,,,4
3704,AUSTRALIAN BAUXITE LIMITED,AUSTRALIAN BAUXITE,former,2009-09-23,2021-12-15,,4
3705,ADORE BEAUTY GROUP LIMITED,ADORE BEAUTY GROUP,legal,2020-10-23,,,4
3705,TATE TOPCO PTY LTD,TATE TOPCO,former,2019-09-11,2020-10-22,,4
3706,ACUSENSUS LIMITED,ACUSENSUS,legal,2018-03-26,,,4
3707,ACROW FORMWORK AND CONSTRUCTION SERVICES LIMITED,ACROW FORMWORK AND CONSTRUCTION SERVICES,former,2007-04-13,2023-11-20,,4
3707,ACROW LIMITED,ACROW,legal,2023-11-21,,,4
3707,NMG CORPORATION LIMITED,NMG CORPORATION,former,2007-04-13,2023-11-20,,4
3707,NOBLE MINERAL RESOURCES LIMITED,NOBLE MINERAL RESOURCES,former,2007-04-13,2023-11-20,,4
3708,ACL HOLDCO LIMITED,ACL HOLDCO,former,2020-11-06,2021-05-18,,4
3708,AUSTRALIAN CLINICAL LABS LIMITED,AUSTRALIAN CLINICAL LABS,legal,2021-05-19,,,4
3709,AUSTRALIAN CRITICAL MINERALS LIMITED,AUSTRALIAN CRITICAL MINERALS,legal,2022-04-21,,,4
3710,AUDALIA RESOURCES LIMITED,AUDALIA RESOURCES,legal,2010-08-27,,,4
3711,ACORN CAPITAL INVESTMENT FUND LIMITED,ACORN CAPITAL INVESTMENT FUND,legal,2014-02-10,,,4
3712,ACRUX LIMITED,ACRUX,legal,1998-03-19,,,4
3713,ACCENT RESOURCES NL,ACCENT RESOURCES,legal,2005-02-18,,,4
3714,ACUMENTIS GROUP LIMITED,ACUMENTIS GROUP,legal,2020-01-31,,,4
3714,LANDMARK WHITE LIMITED,LANDMARK WHITE,former,2002-09-26,2020-01-30,,4
3714,LANDMARK WHITE VALUERS LIMITED,LANDMARK WHITE VALUERS,former,2002-09-26,2020-01-30,,4
3715,ACTINOGEN LIMITED,ACTINOGEN,former,1999-03-26,2015-11-12,,4
3715,ACTINOGEN MEDICAL LIMITED,ACTINOGEN MEDICAL,legal,2015-11-13,,,4
3715,AUSTRALIAN BIOGEN LIMITED,AUSTRALIAN BIOGEN,former,1999-03-26,2015-11-12,,4
3716,AD1 HOLDINGS LIMITED,AD1,former,2006-12-14,2024-12-01,,4
3716,ADNEO LIMITED,ADNEO,legal,2024-12-02,,,4
3716,APPLY DIRECT LIMITED,APPLY DIRECT,former,2006-12-14,2024-12-01,,4
3716,APPLYDIRECT LIMITED,APPLYDIRECT,former,2006-12-14,2024-12-01,,4
3716,MORE JOBS PTY LTD,MORE JOBS,former,2006-12-14,2024-12-01,,4
3717,AUDINATE GROUP LIMITED,AUDINATE GROUP,legal,2017-04-19,,,4
3718,ACDC METALS HEAD CO LTD,ACDC METALS HEAD CO,former,2021-09-28,2023-01-12,,4
3718,ACDC METALS LTD,ACDC METALS,legal,2023-01-13,,,4
3719,ADAVALE RESOURCES LIMITED,ADAVALE RESOURCES,legal,2008-02-28,,,4
3719,ASIA GOLD MINING CORPORATION LTD,ASIA GOLD MINING CORPORATION,former,1969-03-20,2008-02-27,,4
3719,BURRILL INVESTMENTS LIMITED.,BURRILL INVESTMENTS,former,1969-03-20,2008-02-27,,4
3719,MINING CORPORATION OF AUSTRALIA LIMITED,MINING CORPORATION OF AUSTRALIA,former,1969-03-20,2008-02-27,,4
3719,POCKETMAIL GROUP LIMITED,POCKETMAIL GROUP,former,1969-03-20,2008-02-27,,4
3719,TARGET MINING CORPORATION LIMITED,TARGET MINING CORPORATION,former,1969-03-20,2008-02-27,,4
3720,ADAIRS LIMITED,ADAIRS,legal,2015-06-17,,,4
3720,HOME & DECOR HOLDINGS LIMITED,HOME DECOR,former,2010-11-15,2015-06-16,,4
3721,ADELAIDE RESOURCES LIMITED,ADELAIDE RESOURCES,former,1993-12-23,2020-12-07,,4
3721,ADELAIDE RESOURCES N.L.,ADELAIDE RESOURCES N L,former,1993-12-23,2020-12-07,,4
3721,ANDROMEDA METALS LIMITED,ANDROMEDA METALS,legal,2020-12-08,,,4
3722,ANTEO DIAGNOSTICS LIMITED,ANTEO DIAGNOSTICS,former,1995-06-26,2019-11-10,,4
3722,ANTEOTECH LTD,ANTEOTECH,legal,2019-11-11,,,4
3722,BIOLAYER CORPORATION LIMITED,BIOLAYER CORPORATION,former,1995-06-26,2019-11-10,,4
3722,S.S.H. MEDICAL LIMITED,S S H MEDICAL,former,1995-06-26,2019-11-10,,4
3722,SUPERIOR SPEC HOLDINGS LIMITED,SUPERIOR SPEC,former,1995-06-26,2019-11-10,,4
3722,SUPERIOR SPEC HOLDINGS N.L.,SUPERIOR SPEC HOLDINGS N L,former,1995-06-26,2019-11-10,,4
3723,ADHERIUM LIMITED,ADHERIUM,legal,2015-04-17,,,4
3724,ADSLOT LTD,ADSLOT,legal,2012-11-30,,,4
3724,ANSEARCH LIMITED,ANSEARCH,former,1975-05-14,2012-11-29,,4
3724,BESTWAY PACIFIC LIMITED,BESTWAY PACIFIC,former,1975-05-14,2012-11-29,,4
3724,BUNDABAH FORESTS LTD,BUNDABAH FORESTS,former,1975-05-14,2012-11-29,,4
3724,BUNDABAH LTD,BUNDABAH,former,1975-05-14,2012-11-29,,4
3724,OPTUM GROUP LIMITED,OPTUM GROUP,former,1975-05-14,2012-11-29,,4
3724,OPTUM HEALTH LIMITED,OPTUM HEALTH,former,1975-05-14,2012-11-29,,4
3724,RESOURCE PROPERTY & INVESTMENT LIMITED,RESOURCE PROPERTY INVESTMENT,former,1975-05-14,2012-11-29,,4
3724,RESOURCE PROPERTY AND INVESTMENT LIMITED,RESOURCE PROPERTY AND INVESTMENT,former,1975-05-14,2012-11-29,,4
3724,SINO PACIFIC INVESTMENT LIMITED,SINO PACIFIC INVESTMENT,former,1975-05-14,2012-11-29,,4
3724,SINO PACIFIC INVESTMENTS LIMITED,SINO PACIFIC INVESTMENTS,former,1975-05-14,2012-11-29,,4
3724,WEBFIRM GROUP LIMITED,WEBFIRM GROUP,former,1975-05-14,2012-11-29,,4
3724,WESTMARK CORPORATION LTD,WESTMARK CORPORATION,former,1975-05-14,2012-11-29,,4
3725,ADX ENERGY LTD,ADX ENERGY,legal,2010-06-08,,,4
3725,APEX EXPLORATION N.L.,APEX EXPLORATION N L,former,1983-01-27,2010-06-07,,4
3725,AUDAX RESOURCES LTD,AUDAX RESOURCES,former,1983-01-27,2010-06-07,,4
3725,AUDAX RESOURCES N.L.,AUDAX RESOURCES N L,former,1983-01-27,2010-06-07,,4
3725,WEST COAST RESOURCES N.L.,WEST COAST RESOURCES N L,former,1983-01-27,2010-06-07,,4
3726,ADMIRALTY RESOURCES NL,ADMIRALTY RESOURCES,legal,2003-12-17,,,4
3726,CAMBORNE MINING CORPORATION N.L.,CAMBORNE MINING CORPORATION N L,former,1981-01-14,2003-12-16,,4
3726,CORNWALL RESOURCE CORPORATION N.L.,CORNWALL RESOURCE CORPORATION N L,former,1981-01-14,2003-12-16,,4
3726,EQUITY 1 RESOURCES NL,EQUITY 1 RESOURCES,former,1981-01-14,2003-12-16,,4
3726,FIVE STAR RESOURCES NL,FIVE STAR RESOURCES,former,1981-01-14,2003-12-16,,4
3726,PLYMOUTH PETROLEUM RESOURCES N.L.,PLYMOUTH PETROLEUM RESOURCES N L,former,1981-01-14,2003-12-16,,4
3726,PLYMOUTH RESOURCES N.L.,PLYMOUTH RESOURCES N L,former,1981-01-14,2003-12-16,,4
3726,SEAPEX PETROLEUM N.L.,SEAPEX PETROLEUM N L,former,1981-01-14,2003-12-16,,4
3726,THUNDERBOLT RESOURCES NL,THUNDERBOLT RESOURCES,former,1981-01-14,2003-12-16,,4
3727,AURA ENERGY LIMITED,AURA ENERGY,legal,2006-05-25,,,4
3727,CAI RESOURCES LIMITED,CAI RESOURCES,former,2005-08-24,2006-05-24,,4
3728,AUGUST FINANCIAL MANAGEMENT LIMITED,AUGUST FINANCIAL MANAGEMENT,former,1986-11-04,2002-12-12,,4
3728,AUSTRALIAN ETHICAL INVESTMENT LTD,AUSTRALIAN ETHICAL INVESTMENT,legal,2002-12-13,,,4
3728,DIRECTED FINANCIAL MANAGEMENT LTD,DIRECTED FINANCIAL MANAGEMENT,former,1986-11-04,2002-12-12,,4
3729,ALAND EQUITY GROUP LIMITED,ALAND EQUITY GROUP,legal,2025-12-22,,,4
3729,EQUITY STORY GROUP LTD,EQUITY STORY GROUP,former,2021-09-03,2025-12-21,,4
3730,AERIS ENVIRONMENTAL LTD,AERIS ENVIRONMENTAL,legal,2007-11-27,,,4
3730,AERIS TECHNOLOGIES LTD,AERIS TECHNOLOGIES,former,2000-08-01,2007-11-26,,4
3730,INFOBANK INTERNATIONAL LTD,INFOBANK INTERNATIONAL,former,2000-08-01,2007-11-26,,4
3731,AMPLITUDE ENERGY LIMITED,AMPLITUDE ENERGY,legal,2024-11-08,,,4
3731,COOPER ENERGY LIMITED,COOPER ENERGY,former,2001-03-09,2024-11-07,,4
3732,ADVANCED ENERGY MINERALS LIMITED,ADVANCED ENERGY MINERALS,former,2001-02-14,2026-06-03,,4
3732,ADVANCED ENGINEERED MATERIALS LTD,ADVANCED ENGINEERED MATERIALS,legal,2026-06-04,,,4
3732,GULF MINERALS LIMITED,GULF MINERALS,former,2001-02-14,2026-06-03,,4
3733,AEERIS LTD,AEERIS,legal,2015-04-01,,,4
3733,EWN INVESTMENT PTY LTD,EWN INVESTMENT,former,2013-11-11,2015-03-31,,4
3734,ALLIED BRANDS LIMITED,ALLIED BRANDS,former,2004-05-05,2025-11-12,,4
3734,ALLIED CONSOLIDATED LIMITED,ALLIED CONSOLIDATED,former,2004-05-05,2025-11-12,,4
3734,ATOMIC EAGLE LTD,ATOMIC EAGLE,legal,2025-11-13,,,4
3734,DISRUPTIVE INVESTMENT GROUP LIMITED,DISRUPTIVE INVESTMENT GROUP,former,2004-05-05,2025-11-12,,4
3734,IBUYNEW GROUP LIMITED,IBUYNEW GROUP,former,2004-05-05,2025-11-12,,4
3734,RESA GROUP LIMITED,RESA GROUP,former,2004-05-05,2025-11-12,,4
3734,TOMBADOR IRON LIMITED,TOMBADOR IRON,former,2004-05-05,2025-11-12,,4
3735,AVENIRA LIMITED,AVENIRA,legal,2015-11-19,,,4
3735,MINEMAKERS LIMITED,MINEMAKERS,former,2005-09-19,2015-11-18,,4
3736,ASF GROUP LIMITED,ASF GROUP,legal,2006-04-12,,,4
3736,CMC POWER SYSTEMS LIMITED,CMC POWER SYSTEMS,former,1980-06-16,2006-04-11,,4
3736,COLLINS MOTOR CORPORATION LIMITED,COLLINS MOTOR CORPORATION,former,1980-06-16,2006-04-11,,4
3736,OBITER PTY LTD,OBITER,former,1980-06-16,2006-04-11,,4
3737,AUSTRALIAN FINANCE GROUP LTD,AUSTRALIAN FINANCE GROUP,legal,1994-09-27,,,4
3738,AUSTRALIAN FOUNDATION INVESTMENT COMPANY LIMITED,AUSTRALIAN FOUNDATION INVESTMENT COMPANY,legal,2008-10-02,,,4
3738,AUSTRALIAN FOUNDATION INVESTMENT TRUST LIMITED,AUSTRALIAN FOUNDATION INVESTMENT TRUST,former,1928-07-13,2008-10-01,,4
3738,WERE'S INVESTMENT TRUST LIMITED,WERE S INVESTMENT TRUST,former,1928-07-13,2008-10-01,,4
3739,AF LEGAL GROUP LTD,AF LEGAL GROUP,legal,2019-05-30,,,4
3739,NAVIGATOR PTY LTD,NAVIGATOR,former,1994-02-02,2019-05-29,,4
3739,NAVIGATOR RESOURCES LIMITED,NAVIGATOR RESOURCES,former,1994-02-02,2019-05-29,,4
3740,AFT PHARMACEUTICALS LIMITED,AFT PHARMACEUTICALS,legal,2015-10-29,,,4
3741,AUSTRALIAN GOLD AND COPPER LTD,AUSTRALIAN GOLD AND COPPER,legal,2019-06-05,,,4
3742,AUSTRAL GOLD LIMITED,AUSTRAL GOLD,legal,2007-01-12,,,4
3742,DIAMOND ROSE NL,DIAMOND ROSE,former,1996-10-03,2007-01-11,,4
3743,ALLIGATOR ENERGY LTD,ALLIGATOR ENERGY,legal,2011-02-01,,,4
3743,TITUS RESOURCES LIMITED,TITUS RESOURCES,former,2009-11-17,2011-01-31,,4
3744,AINSWORTH GAME TECHNOLOGY LIMITED,AINSWORTH GAME TECHNOLOGY,legal,1995-03-07,,,4
3745,AGL ENERGY LIMITED,AGL ENERGY,legal,2019-09-23,,,4
3745,AGL GAS DEVELOPMENTS PTY LIMITED,AGL GAS DEVELOPMENTS,former,2005-06-30,2019-09-22,,4
3745,CRH HOLDINGS PTY LIMITED,CRH,former,2005-06-30,2019-09-22,,4
3746,ARGENICA THERAPEUTICS LIMITED,ARGENICA THERAPEUTICS,legal,2019-11-20,,,4
3747,AGUIA RESOURCES LIMITED,AGUIA RESOURCES,legal,2010-10-06,,,4
3747,NEWPORT MINING LIMITED,NEWPORT MINING,former,2007-10-31,2010-10-05,,4
3748,ARGOSY MINERALS LIMITED,ARGOSY MINERALS,legal,2017-06-20,,,4
3748,CALLIOPE METALS CORPORATION,CALLIOPE METALS CORPORATION,former,2010-12-24,2017-06-19,,4
3748,DURANDEL MINERALS CORPORATION,DURANDEL MINERALS CORPORATION,former,2010-12-24,2017-06-19,,4
3749,AUSTCO HEALTHCARE LIMITED,AUSTCO HEALTHCARE,legal,2020-11-24,,,4
3749,AZURE HEALTHCARE LIMITED,AZURE HEALTHCARE,former,2004-03-02,2020-11-23,,4
3749,TECSOUND HOLDINGS LIMITED,TECSOUND,former,2004-03-02,2020-11-23,,4
3749,TSV HOLDINGS LIMITED,TSV,former,2004-03-02,2020-11-23,,4
3750,ADHERIS HEALTH LIMITED,ADHERIS HEALTH,legal,2025-11-26,,,4
3750,EXALT RESOURCES LIMITED,EXALT RESOURCES,former,2010-07-21,2025-11-25,,4
3750,MEDADVISOR LIMITED,MEDADVISOR,former,2010-07-21,2025-11-25,,4
3751,APA FINANCIAL SERVICES LTD,APA FINANCIAL SERVICES,former,1992-08-05,2022-11-29,,4
3751,APA HOLDINGS (AUST) LTD,APA HOLDINGS AUST,former,1992-08-05,2022-11-29,,4
3751,AUSTRALIAN DAIRY FARMS LIMITED,AUSTRALIAN DAIRY FARMS,former,1992-08-05,2022-11-29,,4
3751,AUSTRALIAN DAIRY NUTRITIONALS LIMITED,AUSTRALIAN DAIRY NUTRITIONALS,legal,2022-11-30,,,4
3751,LONDON PARTNERS LIMITED,LONDON PARTNERS,former,1992-08-05,2022-11-29,,4
3752,ARK MINES LTD,ARK MINES,legal,2007-01-30,,,4
3753,ADRAD HOLDINGS LIMITED,ADRAD,legal,2006-08-02,,,4
3754,ATHENA RESOURCES LIMITED,ATHENA RESOURCES,legal,2006-11-20,,,4
3754,SOUTHERN NICKEL LIMITED,SOUTHERN NICKEL,former,2005-04-11,2006-11-19,,4
3755,ADISYN LTD,ADISYN,legal,2023-10-17,,,4
3755,DC TWO LIMITED,DC TWO,former,2012-02-02,2023-10-16,,4
3756,AUCKLAND INTERNATIONAL AIRPORT LIMITED,AUCKLAND INTERNATIONAL AIRPORT,legal,1999-01-22,,,4
3757,ADVANCED INNERGY HOLDINGS LIMITED,ADVANCED INNERGY,legal,2025-06-18,,,4
3758,ALMONTY INDUSTRIES INC.,ALMONTY INDUSTRIES,legal,2021-04-09,,,4
3759,ACCESS INNOVATION HOLDINGS LIMITED,ACCESS INNOVATION,former,2006-10-05,2021-06-30,,4
3759,AI-MEDIA TECHNOLOGIES LIMITED,AI MEDIA TECHNOLOGIES,legal,2021-07-01,,,4
3760,ALTERNATIVE INVESTMENT TRUST,ALTERNATIVE INVESTMENT TRUST,legal,2026-08-18,,,4
3761,AERIS RESOURCES LIMITED,AERIS RESOURCES,legal,2015-12-15,,,4
3761,STRAITS METALS LIMITED,STRAITS METALS,former,2010-11-01,2015-12-14,,4
3761,STRAITS RESOURCES LIMITED,STRAITS RESOURCES,former,2010-11-01,2015-12-14,,4
3762,ACTIVEX LIMITED,ACTIVEX,legal,2005-03-18,,,4
3763,AI PRIVATE OPPORTUNITIES TRUST,AI PRIVATE OPPORTUNITIES TRUST,legal,2026-08-18,,,4
3764,AIR NEW ZEALAND LIMITED,AIR NEW ZEALAND,legal,1960-05-03,,,4
3765,A.J. LUCAS CONTRACTORS PTY. LIMITED,A J LUCAS CONTRACTORS,former,1993-05-28,1999-07-22,,4
3765,AJ LUCAS GROUP LIMITED,AJ LUCAS GROUP,legal,1999-07-23,,,4
3766,ALEXIUM INTERNATIONAL GROUP LIMITED,ALEXIUM INTERNATIONAL GROUP,legal,2010-03-04,,,4
3766,ETW CORPORATION LIMITED,ETW CORPORATION,former,1994-05-30,2010-03-03,,4
3766,EVANS & TATE LIMITED,EVANS TATE,former,1994-05-30,2010-03-03,,4
3767,AUREKA LIMITED,AUREKA,legal,2024-12-02,,,4
3767,NAVARRE DISCOVERY NO 1 PTY LTD,NAVARRE DISCOVERY NO 1,former,2007-04-30,2024-12-01,,4
3767,NAVARRE MINERALS LIMITED,NAVARRE MINERALS,former,2007-04-30,2024-12-01,,4
3768,ACADEMIES AUSTRALASIA GROUP LIMITED,ACADEMIES AUSTRALASIA GROUP,legal,2010-11-05,,,4
3768,GARRATT'S LTD,GARRATT S,former,1908-05-06,2010-11-04,,4
3769,ASPIRE MINING LIMITED,ASPIRE MINING,legal,2010-02-09,,,4
3769,WINDY KNOB RESOURCES LIMITED,WINDY KNOB RESOURCES,former,2006-10-30,2010-02-08,,4
3770,AUKING MINING LIMITED,AUKING MINING,legal,2017-05-25,,,4
3770,CHINA YUNNAN COPPER AUSTRALIA LIMITED,CHINA YUNNAN COPPER AUSTRALIA,former,1995-08-24,2017-05-24,,4
3770,CHINALCO YUNNAN COPPER RESOURCES LTD,CHINALCO YUNNAN COPPER RESOURCES,former,1995-08-24,2017-05-24,,4
3770,GCU RESOURCES LIMITED,GCU RESOURCES,former,1995-08-24,2017-05-24,,4
3770,MT STEWART GOLD LTD,MT STEWART GOLD,former,1995-08-24,2017-05-24,,4
3770,RADHALVE PTY. LTD.,RADHALVE,former,1995-08-24,2017-05-24,,4
3771,AKORA RESOURCES LIMITED,AKORA RESOURCES,legal,2020-12-11,,,4
3771,INDIAN PACIFIC RESOURCES LIMITED,INDIAN PACIFIC RESOURCES,former,2009-10-06,2020-12-10,,4
3772,AML TECHNOLOGIES (AMLT) PTY LTD,AML TECHNOLOGIES AMLT,former,2014-11-14,2020-04-15,,4
3772,AML3D LIMITED,AML3D,legal,2020-04-16,,,4
3772,GLOBAL ARC ENERGY PTY LTD,GLOBAL ARC ENERGY,former,2014-11-14,2020-04-15,,4
3773,AROVELLA THERAPEUTICS LIMITED,AROVELLA THERAPEUTICS,legal,2021-10-18,,,4
3773,EASTLAND MEDICAL SYSTEMS LTD,EASTLAND MEDICAL SYSTEMS,former,1999-12-21,2021-10-17,,4
3773,SUDA LTD,SUDA,former,1999-12-21,2021-10-17,,4
3773,SUDA PHARMACEUTICALS LTD,SUDA PHARMACEUTICALS,former,1999-12-21,2021-10-17,,4
3774,ALBION RESOURCES LIMITED,ALBION RESOURCES,legal,2017-07-19,,,4
3775,ALCIDION GROUP LIMITED,ALCIDION GROUP,legal,2015-12-22,,,4
3775,NARACOOTA RESOURCES LIMITED,NARACOOTA RESOURCES,former,2010-04-15,2015-12-21,,4
3776,AMPOL LIMITED,AMPOL,legal,2020-05-14,,,4
3776,CALIFORNIA ASPHALT PRODUCTS LIMITED,CALIFORNIA ASPHALT PRODUCTS,former,1935-05-17,2020-05-13,,4
3776,CALTEX AUSTRALIA LIMITED,CALTEX AUSTRALIA,former,1935-05-17,2020-05-13,,4
3776,CALTEX SECURITIES (AUSTRALIA) LIMITED,CALTEX SECURITIES AUSTRALIA,former,1935-05-17,2020-05-13,,4
3777,ARGO GLOBAL LISTED INFRASTRUCTURE LIMITED,ARGO GLOBAL LISTED INFRASTRUCTURE,legal,2015-03-26,,,4
3778,ALKANE EXPLORATION (TERRIGAL) N.L.,ALKANE EXPLORATION TERRIGAL N L,former,1969-05-13,2007-06-20,,4
3778,ALKANE EXPLORATION LTD,ALKANE EXPLORATION,former,1969-05-13,2007-06-20,,4
3778,ALKANE EXPLORATION N L,ALKANE EXPLORATION N L,former,1969-05-13,2007-06-20,,4
3778,ALKANE RESOURCES LTD,ALKANE RESOURCES,legal,2007-06-21,,,4
3779,ARISTOCRAT LEISURE LIMITED,ARISTOCRAT LEISURE,legal,1997-03-03,,,4
3779,BACLUKIK PTY. LIMITED,BACLUKIK,former,1984-08-13,1997-03-02,,4
3780,AFRICAN ENERGY RESOURCES (GUERNSEY) LIMITED,AFRICAN ENERGY RESOURCES GUERNSEY,former,2007-01-18,2022-06-23,,4
3780,AFRICAN ENERGY RESOURCES LIMITED,AFRICAN ENERGY RESOURCES,former,2007-01-18,2022-06-23,,4
3780,ALMA METALS LIMITED,ALMA METALS,legal,2022-06-24,,,4
3781,ALS LIMITED,ALS,legal,2012-08-01,,,4
3781,CAMPBELL BROTHERS LIMITED,CAMPBELL BROTHERS,former,1910-12-08,2012-07-31,,4
3782,ALTAIR MINERALS LIMITED,ALTAIR MINERALS,legal,2024-05-14,,,4
3782,COHIBA MINERALS LIMITED,COHIBA MINERALS,former,2011-01-28,2024-05-13,,4
3783,ALURION RESOURCES LIMITED,ALURION RESOURCES,legal,2026-07-31,,,4
3783,BRE SERVICES HOLDINGS LIMITED,BRE SERVICES,former,2025-09-23,2026-07-30,,4
3784,ALVO MINERALS LIMITED,ALVO MINERALS,legal,2019-12-02,,,4
3785,ATLAS ARTERIA LIMITED,ATLAS ARTERIA,legal,2018-05-22,,,4
3785,MACQUARIE ATLAS ROADS LIMITED,MACQUARIE ATLAS ROADS,former,2009-12-16,2018-05-21,,4
3786,ALCHEMY RESOURCES LIMITED,ALCHEMY RESOURCES,legal,2007-03-16,,,4
3787,3D RESOURCES LIMITED,3D RESOURCES,former,2006-07-28,2026-05-11,,4
3787,ADELONG GOLD LIMITED,ADELONG GOLD,former,2006-07-28,2026-05-11,,4
3787,AMARA MINERALS LIMITED,AMARA MINERALS,legal,2026-05-12,,,4
3788,AML MINERALS PTY LTD,AML MINERALS,former,2004-08-19,2024-12-02,,4
3788,ANTARES METALS LIMITED,ANTARES METALS,legal,2024-12-03,,,4
3788,AUSTRALASIAN MINING LIMITED,AUSTRALASIAN MINING,former,2004-08-19,2024-12-02,,4
3788,CORE COAL (NT) PTY LTD,CORE COAL NT,former,2004-08-19,2024-12-02,,4
3788,CORE MINERALS PTY LTD,CORE MINERALS,former,2004-08-19,2024-12-02,,4
3788,NICKELSEARCH LIMITED,NICKELSEARCH,former,2004-08-19,2024-12-02,,4
3789,ARCADIA MINERALS LIMITED,ARCADIA MINERALS,legal,2020-12-23,,,4
3790,ALLOMAK LIMITED,ALLOMAK,former,2005-04-19,2011-03-03,,4
3790,ALTOMAK LIMITED,ALTOMAK,former,2005-04-19,2011-03-03,,4
3790,AMA GROUP LIMITED,AMA GROUP,legal,2011-03-04,,,4
3790,AUSTRALIAN MANUFACTURE AND FABRICATION LTD,AUSTRALIAN MANUFACTURE AND FABRICATION,former,2005-04-19,2011-03-03,,4
3790,AUTOMAK LIMITED,AUTOMAK,former,2005-04-19,2011-03-03,,4
3791,AMCOR PLC,AMCOR PLC,legal,2018-12-18,,,4
3792,ARROW MINERALS LTD,ARROW MINERALS,legal,2017-12-01,,,4
3792,SEGUE RESOURCES LIMITED,SEGUE RESOURCES,former,2005-01-21,2017-11-30,,4
3793,AMCIL LIMITED,AMCIL,legal,2008-10-02,,,4
3793,AUSTRALIAN MEDIA & COMMUNICATIONS INVESTMENTS LIMITED,AUSTRALIAN MEDIA COMMUNICATIONS INVESTMENTS,former,1996-05-21,2008-10-01,,4
3794,AURELIA METALS LIMITED,AURELIA METALS,legal,2014-06-02,,,4
3794,BIG SKY HOLDINGS LIMITED,BIG SKY,former,2004-03-24,2014-06-01,,4
3794,LFB PTY LIMITED,LFB,former,2004-03-24,2014-06-01,,4
3794,YTC RESOURCES LIMITED,YTC RESOURCES,former,2004-03-24,2014-06-01,,4
3795,AGRIMIN LIMITED,AGRIMIN,legal,2014-11-12,,,4
3795,CLONCURRY METALS LIMITED,CLONCURRY METALS,former,2006-10-12,2014-11-11,,4
3795,CLONCURRY PRECIOUS METALS LIMITED,CLONCURRY PRECIOUS METALS,former,2006-10-12,2014-11-11,,4
3795,GLOBAL RESOURCES CORPORATION LIMITED,GLOBAL RESOURCES CORPORATION,former,2006-10-12,2014-11-11,,4
3796,AMBERTECH LIMITED,AMBERTECH,legal,2004-12-09,,,4
3796,PROFESSIONAL ELECTRONICS HOLDINGS PTY. LIMITED,PROFESSIONAL ELECTRONICS,former,1997-06-26,2004-12-08,,4
3797,AMP LIMITED,AMP,legal,1997-09-08,,,4
3798,ATOMOS LIMITED,ATOMOS,legal,2018-12-27,,,4
3798,TETSUWAN LIMITED,TETSUWAN,former,2009-09-29,2018-12-26,,4
3799,AMERICAN URANIUM LTD,AMERICAN URANIUM,legal,2025-08-26,,,4
3799,GTI ENERGY LTD,GTI ENERGY,former,2007-04-05,2025-08-25,,4
3799,GTI RESOURCES LTD,GTI RESOURCES,former,2007-04-05,2025-08-25,,4
3800,413 MAGILL ROAD PTY LTD,413 MAGILL ROAD,former,2011-09-07,2019-12-08,,4
3800,AEROMETREX LIMITED,AEROMETREX,legal,2019-12-09,,,4
3801,ANAGENICS LIMITED,ANAGENICS,legal,2021-12-09,,,4
3801,CELLMID LIMITED,CELLMID,former,2004-10-08,2021-12-08,,4
3801,MEDICAL THERAPIES LIMITED,MEDICAL THERAPIES,former,2004-10-08,2021-12-08,,4
3801,NEWBIO LTD,NEWBIO,former,2004-10-08,2021-12-08,,4
3802,AUSTIN ENGINEERING LIMITED,AUSTIN ENGINEERING,legal,2004-03-05,,,4
3802,SEINSON PTY LTD,SEINSON,former,1997-05-08,2004-03-04,,4
3803,ANSELL LIMITED,ANSELL,legal,2002-04-24,,,4
3803,DUNLOP AUSTRALIA LIMITED,DUNLOP AUSTRALIA,former,1920-08-16,2002-04-23,,4
3803,DUNLOP OLYMPIC LIMITED,DUNLOP OLYMPIC,former,1920-08-16,2002-04-23,,4
3803,DUNLOP PERDRIAU RUBBER COMPANY LIMITED,DUNLOP PERDRIAU RUBBER COMPANY,former,1920-08-16,2002-04-23,,4
3803,DUNLOP RUBBER AUSTRALIA LIMITED,DUNLOP RUBBER AUSTRALIA,former,1920-08-16,2002-04-23,,4
3803,DUNLOP RUBBER COMPANY OF AUSTRALASIA LIMITED,DUNLOP RUBBER COMPANY OF AUSTRALASIA,former,1920-08-16,2002-04-23,,4
3803,PACIFIC DUNLOP LIMITED,PACIFIC DUNLOP,former,1920-08-16,2002-04-23,,4
3804,ADVANCE NANOTEK LIMITED,ADVANCE NANOTEK,former,1997-08-25,2021-11-08,,4
3804,ADVANCE ZINCTEK LIMITED,ADVANCE ZINCTEK,legal,2021-11-09,,,4
3804,ADVANCED NANO TECHNOLOGIES LIMITED,ADVANCED NANO TECHNOLOGIES,former,1997-08-25,2021-11-08,,4
3804,ADVANCED NANOTECHNOLOGY LIMITED,ADVANCED NANOTECHNOLOGY,former,1997-08-25,2021-11-08,,4
3804,ADVANCED POWDER TECHNOLOGY PTY LTD,ADVANCED POWDER TECHNOLOGY,former,1997-08-25,2021-11-08,,4
3804,ANTARIA LIMITED,ANTARIA,former,1997-08-25,2021-11-08,,4
3805,ANATARA LIFESCIENCES LTD,ANATARA LIFESCIENCES,legal,2014-10-14,,,4
3805,ANATARA THERAPEUTICS LIMITED,ANATARA THERAPEUTICS,former,2010-07-15,2014-10-13,,4
3805,PARMA HEALTH PTY LTD,PARMA HEALTH,former,2010-07-15,2014-10-13,,4
3806,ANAX METALS LIMITED,ANAX METALS,legal,2020-11-05,,,4
3806,AURORA MINERALS LIMITED,AURORA MINERALS,former,2003-09-12,2020-11-04,,4
3807,ANZ GROUP HOLDINGS LIMITED,ANZ GROUP,legal,2022-06-24,,,4
3808,AUSMON RESOURCES LIMITED,AUSMON RESOURCES,legal,2008-11-26,,,4
3809,AUSTRALIAN OIL COMPANY LIMITED,AUSTRALIAN OIL COMPANY,legal,2024-08-06,,,4
3809,SACGASCO LIMITED,SACGASCO,former,2005-05-02,2024-08-05,,4
3810,APOLLO MINERALS LIMITED,APOLLO MINERALS,legal,2007-05-03,,,4
3811,AMOTIV LIMITED,AMOTIV,legal,2024-06-24,,,4
3811,G.U.D. HOLDINGS LIMITED,G U D,former,1958-04-18,2024-06-23,,4
3812,APA GROUP LIMITED,APA GROUP,legal,2022-05-09,,,4
3812,AUSTRALIAN PIPELINE LIMITED,AUSTRALIAN PIPELINE,former,2000-02-02,2022-05-08,,4
3813,APC MINERALS LIMITED,APC MINERALS,legal,2024-11-27,,,4
3813,AUSTRALIAN POTASH LIMITED,AUSTRALIAN POTASH,former,2011-04-06,2024-11-26,,4
3813,GOLDPHYRE RESOURCES LIMITED,GOLDPHYRE RESOURCES,former,2011-04-06,2024-11-26,,4
3814,A.P. EAGERS LIMITED,A P EAGERS,former,1957-04-17,2020-07-30,,4
3814,EAGERS AUTOMOTIVE LIMITED,EAGERS AUTOMOTIVE,legal,2020-07-31,,,4
3814,EAGERS HOLDINGS LIMITED,EAGERS,former,1957-04-17,2020-07-30,,4
3815,ASSOCIATE GLOBAL PARTNERS LIMITED,ASSOCIATE GLOBAL PARTNERS,legal,2022-11-16,,,4
3815,CONTANGO ASSET MANAGEMENT LIMITED,CONTANGO ASSET MANAGEMENT,former,1997-10-14,2022-11-15,,4
3815,PROTEOME SYSTEMS LIMITED,PROTEOME SYSTEMS,former,1997-10-14,2022-11-15,,4
3815,TYRIAN DIAGNOSTICS LIMITED,TYRIAN DIAGNOSTICS,former,1997-10-14,2022-11-15,,4
3816,AIMS PROPERTY SECURITIES FUND,AIMS PROPERTY SECURITIES FUND,legal,2026-08-18,,,4
3817,APPEN LIMITED,APPEN,legal,2009-08-14,,,4
3818,ASPEN GROUP LIMITED,ASPEN GROUP,legal,2003-07-29,,,4
3818,AUSSIE ONLINE LIMITED,AUSSIE ONLINE,former,1929-12-31,2003-07-28,,4
3818,BALLARAT CONSOLIDATED GOLD NL,BALLARAT CONSOLIDATED GOLD,former,1929-12-31,2003-07-28,,4
3818,BOSS RESOURCES LIMITED,BOSS RESOURCES,former,1929-12-31,2003-07-28,,4
3818,SPORTS VISION ENTERTAINMENT LIMITED,SPORTS VISION ENTERTAINMENT,former,1929-12-31,2003-07-28,,4
3818,THE BALLARAT WOOLLEN AND WORSTED COMPANY LIMITED,THE BALLARAT WOOLLEN AND WORSTED COMPANY,former,1929-12-31,2003-07-28,,4
3818,WESTERN GULF MINING LTD,WESTERN GULF MINING,former,1929-12-31,2003-07-28,,4
3818,WESTERN GULF OIL AND MINING LIMITED,WESTERN GULF OIL AND MINING,former,1929-12-31,2003-07-28,,4
3819,AUSTRALIAN PACIFIC COAL LIMITED,AUSTRALIAN PACIFIC COAL,legal,2025-07-03,,,4
3819,PACIFIC ENVIROMIN LIMITED,PACIFIC ENVIROMIN,former,1999-08-23,2025-07-02,,4
3819,PACIFIC ENVIRONMIN LIMITED,PACIFIC ENVIRONMIN,former,1999-08-23,2025-07-02,,4
3819,TECHSTAR LIMITED,TECHSTAR,former,1999-08-23,2025-07-02,,4
3820,AUSQUEST LIMITED,AUSQUEST,legal,2000-02-15,,,4
3821,AQUIRIAN LIMITED,AQUIRIAN,legal,2019-06-27,,,4
3822,ALICE QUEEN LIMITED,ALICE QUEEN,legal,2015-11-13,,,4
3822,CALLABONNA RESOURCES LTD,CALLABONNA RESOURCES,former,2002-01-11,2015-11-12,,4
3822,CALLABONNA URANIUM LTD,CALLABONNA URANIUM,former,2002-01-11,2015-11-12,,4
3822,CREATABLE MEDIA LIMITED,CREATABLE MEDIA,former,2002-01-11,2015-11-12,,4
3822,MCKINLEY COMPANY LIMITED,MCKINLEY COMPANY,former,2002-01-11,2015-11-12,,4
3822,MKY CORPORATION LIMITED,MKY CORPORATION,former,2002-01-11,2015-11-12,,4
3822,MKY RESOURCES LTD,MKY RESOURCES,former,2002-01-11,2015-11-12,,4
3823,ALLIANCE AVIATION SERVICES LIMITED,ALLIANCE AVIATION SERVICES,legal,2011-10-26,,,4
3824,AUSTRAL RESOURCES AUSTRALIA LTD,AUSTRAL RESOURCES AUSTRALIA,legal,2024-05-10,,,4
3824,CST MINERALS AUSTRALIA PTY LTD,CST MINERALS AUSTRALIA,former,2010-03-09,2024-05-09,,4
3824,CST MINERALS PTY LTD,CST MINERALS,former,2010-03-09,2024-05-09,,4
3825,AUSTRALIAN RARE EARTHS LIMITED,AUSTRALIAN RARE EARTHS,legal,2021-06-29,,,4
3825,TAWEL EXPLORATION PTY LTD,TAWEL EXPLORATION,former,2019-04-01,2021-06-28,,4
3826,ARCHTIS LIMITED,ARCHTIS,legal,2018-09-19,,,4
3826,BSTTECH CONSULTING PTY LTD,BSTTECH CONSULTING,former,2006-12-12,2018-09-18,,4
3827,ARIADNE AUSTRALIA LIMITED,ARIADNE AUSTRALIA,legal,1983-08-22,,,4
3828,ARB CORPORATION LIMITED,ARB CORPORATION,legal,1997-03-11,,,4
3828,EMPIRE HOLDINGS LIMITED,EMPIRE,former,1987-02-20,1997-03-10,,4
3829,ARC FUNDS LIMITED,ARC FUNDS,legal,2021-10-25,,,4
3829,AUSTRALIAN RURAL CAPITAL LIMITED,AUSTRALIAN RURAL CAPITAL,former,1979-06-25,2021-10-24,,4
3829,DAFFANTI PTY LTD,DAFFANTI,former,1979-06-25,2021-10-24,,4
3829,HUNTLEYS' BUSINESS NETWORK LIMITED,HUNTLEYS BUSINESS NETWORK,former,1979-06-25,2021-10-24,,4
3829,IAN HUNTLEY PTY LTD,IAN HUNTLEY,former,1979-06-25,2021-10-24,,4
3829,TIDEWATER INVESTMENTS LIMITED,TIDEWATER INVESTMENTS,former,1979-06-25,2021-10-24,,4
3829,TRENT CAPITAL LIMITED,TRENT CAPITAL,former,1979-06-25,2021-10-24,,4
3830,ARGENT MINERALS LIMITED,ARGENT MINERALS,legal,2008-03-31,,,4
3830,KEMPFIELD SILVER LIMITED,KEMPFIELD SILVER,former,2007-04-04,2008-03-30,,4
3831,ARENA REIT LIMITED,ARENA REIT,legal,2014-10-16,,,4
3832,ARGO INVESTMENTS LIMITED,ARGO INVESTMENTS,legal,1946-05-22,,,4
3833,ARIKA RESOURCES LIMITED,ARIKA RESOURCES,legal,2024-09-11,,,4
3833,METALICITY LIMITED,METALICITY,former,1999-03-23,2024-09-10,,4
3833,PLD CORPORATION LIMITED,PLD CORPORATION,former,1999-03-23,2024-09-10,,4
3833,PORTLAND ORTHOPAEDICS LIMITED,PORTLAND ORTHOPAEDICS,former,1999-03-23,2024-09-10,,4
3834,ARDEA RESOURCES LIMITED,ARDEA RESOURCES,legal,2016-08-17,,,4
3835,ALDORO RESOURCES LIMITED,ALDORO RESOURCES,legal,2017-11-21,,,4
3836,ALTORO METALS LIMITED,ALTORO METALS,legal,2026-07-16,,,4
3836,PLATINUM SEARCH N L,PLATINUM SEARCH N L,former,1987-03-16,2026-07-15,,4
3836,PLATSEARCH NL,PLATSEARCH,former,1987-03-16,2026-07-15,,4
3836,VARISCAN MINES LIMITED,VARISCAN MINES,former,1987-03-16,2026-07-15,,4
3837,AMERICAN RARE EARTHS LIMITED,AMERICAN RARE EARTHS,legal,2023-01-20,,,4
3837,BROKEN HILL COBALT LIMITED,BROKEN HILL COBALT,former,2023-01-09,2023-01-19,,4
3837,BROKEN HILL PROSPECTING LIMITED,BROKEN HILL PROSPECTING,former,2023-01-09,2023-01-19,,4
3837,THACKERINGA MINING COMPANY LIMITED,THACKERINGA MINING COMPANY,former,2023-01-09,2023-01-19,,4
3838,AIRTASKER LIMITED,AIRTASKER,legal,2021-03-22,,,4
3838,UBIDO PTY LTD,UBIDO,former,2011-03-15,2021-03-21,,4
3839,ARAFURA RARE EARTHS LTD,ARAFURA RARE EARTHS,legal,2022-10-20,,,4
3839,ARAFURA RESOURCES LIMITED,ARAFURA RESOURCES,former,1997-12-03,2022-10-19,,4
3839,ARAFURA RESOURCES N.L.,ARAFURA RESOURCES N L,former,1997-12-03,2022-10-19,,4
3840,ARTEMIS RESOURCES LIMITED,ARTEMIS RESOURCES,legal,2007-03-13,,,4
3840,GOLDFIELDS CONSOLIDATED LIMITED,GOLDFIELDS CONSOLIDATED,former,2003-11-14,2007-03-12,,4
3841,AROA BIOSURGERY LIMITED,AROA BIOSURGERY,legal,2020-02-17,,,4
3842,ALCASTON MINING N.L.,ALCASTON MINING N L,former,1987-02-24,2023-12-12,,4
3842,ASARA RESOURCES LIMITED,ASARA RESOURCES,legal,2023-12-13,,,4
3842,GOLDEN RIM RESOURCES LTD,GOLDEN RIM RESOURCES,former,1987-02-24,2023-12-12,,4
3843,ASKARI GOLD LIMITED,ASKARI GOLD,former,2020-11-20,2026-08-13,,4
3843,ASKARI METALS LIMITED,ASKARI METALS,former,2020-11-20,2026-08-13,,4
3843,ASKARI METALS LIMITED,ASKARI METALS,legal,2026-08-18,,,4
3843,HIGHLAND METALS LIMITED,HIGHLAND METALS,legal,2026-08-14,2026-08-18,,4
3844,AUSTAL LIMITED,AUSTAL,legal,2002-09-27,,,4
3844,AUSTAL SHIPS PTY LTD,AUSTAL SHIPS,former,1987-06-26,2002-09-26,,4
3845,AUTOSPORTS GROUP LIMITED,AUTOSPORTS GROUP,legal,2016-08-29,,,4
3846,ASHLEY SERVICES GROUP LIMITED,ASHLEY SERVICES GROUP,legal,2014-08-21,,,4
3846,ECA GROUP PTY LIMITED,ECA GROUP,former,2000-10-12,2014-08-20,,4
3847,ANDEAN SILVER LIMITED,ANDEAN SILVER,legal,2024-07-05,,,4
3847,MITRE MINING CORPORATION LIMITED,MITRE MINING CORPORATION,former,2020-11-02,2024-07-04,,4
3848,AUSTRALIAN STRATEGIC MATERIALS LIMITED,AUSTRALIAN STRATEGIC MATERIALS,legal,2026-08-18,,,4
3849,ANSON RESOURCES LIMITED,ANSON RESOURCES,legal,2015-12-17,,,4
3849,MAYA IRON CORPORATION PTY LTD,MAYA IRON CORPORATION,former,2009-04-17,2015-12-16,,4
3849,MAYAN IRON CORPORATION LTD,MAYAN IRON CORPORATION,former,2009-04-17,2015-12-16,,4
3850,ASPERMONT LIMITED,ASPERMONT,legal,1995-04-03,,,4
3850,DARE & CO LTD,DARE CO,former,1961-09-15,1995-04-02,,4
3850,EAST COAST TELEVISION LTD,EAST COAST TELEVISION,former,1961-09-15,1995-04-02,,4
3851,AUSTRALIAN SILICA QUARTZ GROUP LTD,AUSTRALIAN SILICA QUARTZ GROUP,legal,2019-11-15,,,4
3851,BAUXITE RESOURCES PTY LTD,BAUXITE RESOURCES,former,2006-05-15,2019-11-14,,4
3852,ASSET VISION CO LTD,ASSET VISION CO,legal,2023-10-27,,,4
3852,FUTURE FIRST TECHNOLOGIES LTD,FUTURE FIRST TECHNOLOGIES,former,2013-07-09,2023-10-26,,4
3852,PS&C LTD,PS C,former,2013-07-09,2023-10-26,,4
3853,ASX LIMITED,ASX,legal,2006-12-05,,,4
3853,AUSTRALIAN STOCK EXCHANGE LIMITED,AUSTRALIAN STOCK EXCHANGE,former,1987-04-01,2006-12-04,,4
3854,ATOMO DIAGNOSTICS LIMITED,ATOMO DIAGNOSTICS,legal,2010-04-01,,,4
3855,AMERICAN TUNGSTEN & ANTIMONY LTD,AMERICAN TUNGSTEN ANTIMONY,legal,2025-12-10,,,4
3855,TRIGG MINERALS LIMITED,TRIGG MINERALS,former,2014-02-26,2025-12-09,,4
3855,TRIGG MINING LTD,TRIGG MINING,former,2014-02-26,2025-12-09,,4
3856,ATTURRA LIMITED,ATTURRA,legal,2021-10-20,,,4
3857,ALTECH BATTERIES LTD,ALTECH BATTERIES,legal,2023-02-22,,,4
3857,ALTECH CHEMICALS LTD,ALTECH CHEMICALS,former,2007-05-08,2023-02-21,,4
3857,ARCHEOPTRYX RESOURCES PTY LTD,ARCHEOPTRYX RESOURCES,former,2007-05-08,2023-02-21,,4
3857,AUSTRALIA MINERALS & MINING GROUP LIMITED,AUSTRALIA MINERALS MINING GROUP,former,2007-05-08,2023-02-21,,4
3858,ARTICORE GROUP LIMITED,ARTICORE GROUP,legal,2023-10-30,,,4
3858,REDBUBBLE LIMITED,REDBUBBLE,former,2006-04-10,2023-10-29,,4
3859,ALTERITY THERAPEUTICS LIMITED,ALTERITY THERAPEUTICS,legal,2019-04-08,,,4
3859,PRANA BIOTECHNOLOGY LTD,PRANA BIOTECHNOLOGY,former,1997-11-11,2019-04-07,,4
3859,PRANA CORPORATION LTD,PRANA CORPORATION,former,1997-11-11,2019-04-07,,4
3860,PT ANTAM (PERSERO) TBK,PT ANTAM PERSERO TBK,legal,2026-08-18,,,4
3861,ATLAS PACIFIC GOLD N.L.,ATLAS PACIFIC GOLD N L,former,1987-02-20,2017-12-12,,4
3861,ATLAS PACIFIC LIMITED,ATLAS PACIFIC,former,1987-02-20,2017-12-12,,4
3861,ATLAS PEARLS AND PERFUMES LTD,ATLAS PEARLS AND PERFUMES,former,1987-02-20,2017-12-12,,4
3861,ATLAS PEARLS LTD,ATLAS PEARLS,legal,2017-12-13,,,4
3861,ATLAS SOUTH SEA PEARL LIMITED,ATLAS SOUTH SEA PEARL,former,1987-02-20,2017-12-12,,4
3862,ASTRON LIMITED,ASTRON,legal,2025-03-28,,,4
3863,AUSTRALIS OIL & GAS LIMITED,AUSTRALIS OIL GAS,legal,2015-11-12,,,4
3864,ALTITUDE MINERALS LTD,ALTITUDE MINERALS,legal,2025-07-21,,,4
3864,COPPER SEARCH LIMITED,COPPER SEARCH,former,2021-06-02,2025-07-20,,4
3865,ACTIVEPORT GROUP LTD,ACTIVEPORT GROUP,legal,2021-10-18,,,4
3865,VSERV FEDERATION LTD,VSERV FEDERATION,former,2019-10-02,2021-10-17,,4
3866,AMPLIA THERAPEUTICS LIMITED,AMPLIA THERAPEUTICS,legal,2018-09-05,,,4
3866,INNATE IMMUNOTHERAPEUTICS LIMITED,INNATE IMMUNOTHERAPEUTICS,former,2013-10-11,2018-09-04,,4
3867,AUSNET FINANCIAL SERVICES LIMITED,AUSNET FINANCIAL SERVICES,former,2006-03-22,2021-06-06,,4
3867,NAMIBIAN COPPER LIMITED,NAMIBIAN COPPER,former,2006-03-22,2021-06-06,,4
3867,NOAH RESOURCES NL,NOAH RESOURCES,former,2006-03-22,2021-06-06,,4
3867,THE AGENCY GROUP AUSTRALIA LTD,THE AGENCY GROUP AUSTRALIA,legal,2021-06-07,,,4
3868,AUDEARA LIMITED,AUDEARA,legal,2015-02-23,,,4
3869,AUB GROUP LIMITED,AUB GROUP,legal,2015-11-26,,,4
3869,AUSTBROKERS HOLDINGS LIMITED,AUSTBROKERS,former,1885-11-07,2015-11-25,,4
3869,INTERCOLONIAL INVESTMENT LAND & BUILDING CO LTD,INTERCOLONIAL INVESTMENT LAND BUILDING CO,former,1885-11-07,2015-11-25,,4
3869,MERCANTILE INVESTMENT CO LTD,MERCANTILE INVESTMENT CO,former,1885-11-07,2015-11-25,,4
3870,AUSGOLD LIMITED,AUSGOLD,legal,2009-10-23,,,4
3871,AURUM RESOURCES LIMITED,AURUM RESOURCES,legal,2021-05-25,,,4
3872,AUGUSTUS COPPER LIMITED,AUGUSTUS COPPER,former,2021-06-24,2023-05-22,,4
3872,AUGUSTUS MINERALS LIMITED,AUGUSTUS MINERALS,legal,2023-05-23,,,4
3873,AUSTRALIAN UNITED INVESTMENT COMPANY LIMITED,AUSTRALIAN UNITED INVESTMENT COMPANY,legal,1997-03-14,,,4
3873,TOKENHOUSE LIMITED,TOKENHOUSE,former,1948-12-22,1997-03-13,,4
3874,ALARA RESOURCES LIMITED,ALARA RESOURCES,legal,2008-09-23,,,4
3874,ALARA URANIUM LIMITED,ALARA URANIUM,former,2006-12-06,2008-09-22,,4
3875,AURIS MINERALS LIMITED,AURIS MINERALS,legal,2017-04-28,,,4
3875,NAMAKWA DIAMOND COMPANY NL,NAMAKWA DIAMOND COMPANY,former,1999-01-12,2017-04-27,,4
3875,RESOURCE AND INVESTMENT NL,RESOURCE AND INVESTMENT,former,1999-01-12,2017-04-27,,4
3875,RNI NL,RNI,former,1999-01-12,2017-04-27,,4
3876,AURAVELLE METALS LIMITED,AURAVELLE METALS,legal,2025-09-04,,,4
3876,SIPA RESOURCES INTERNATIONAL NL,SIPA RESOURCES INTERNATIONAL,former,1990-04-11,2025-09-03,,4
3876,SIPA RESOURCES LIMITED,SIPA RESOURCES,former,1990-04-11,2025-09-03,,4
3876,TREVIRI MINING N.L.,TREVIRI MINING N L,former,1990-04-11,2025-09-03,,4
3877,AUSTRALIAN MINES LIMITED,AUSTRALIAN MINES,legal,2003-04-09,,,4
3877,CLR NO. 3 PTY LTD,CLR NO 3,former,1996-05-09,2003-04-08,,4
3877,FIRST MINERAL RESOURCES LIMITED,FIRST MINERAL RESOURCES,former,1996-05-09,2003-04-08,,4
3877,WEST MUSGRAVE MINING LIMITED,WEST MUSGRAVE MINING,former,1996-05-09,2003-04-08,,4
3878,ADVERITAS LIMITED,ADVERITAS,legal,2018-12-03,,,4
3878,FORTUNIS RESOURCES LTD,FORTUNIS RESOURCES,former,2012-03-20,2018-12-02,,4
3878,TECH MPIRE LIMITED,TECH MPIRE,former,2012-03-20,2018-12-02,,4
3879,AVA RISK GROUP LIMITED,AVA RISK GROUP,legal,2018-05-10,,,4
3879,FUTURE FIBRE TECHNOLOGIES LIMITED,FUTURE FIBRE TECHNOLOGIES,former,1994-03-29,2018-05-09,,4
3880,AVADA GROUP LIMITED,AVADA GROUP,legal,2021-03-25,,,4
3881,AVECHO BIOTECHNOLOGY LIMITED,AVECHO BIOTECHNOLOGY,legal,2019-05-22,,,4
3881,GREENCHIP DEVELOPMENT CAPITAL LIMITED,GREENCHIP DEVELOPMENT CAPITAL,former,1992-06-19,2019-05-21,,4
3881,MESHELFCO NO 152 PTY LIMITED,MESHELFCO NO 152,former,1992-06-19,2019-05-21,,4
3881,PHOSPHAGENICS LIMITED,PHOSPHAGENICS,former,1992-06-19,2019-05-21,,4
3881,VITAL CAPITAL LIMITED,VITAL CAPITAL,former,1992-06-19,2019-05-21,,4
3882,AUSTRALIAN VINTAGE LTD,AUSTRALIAN VINTAGE,legal,2008-02-12,,,4
3882,BRIAN MCGUIGAN WINES LIMITED,BRIAN MCGUIGAN WINES,former,1991-05-30,2008-02-11,,4
3882,MCGUIGAN SIMEON WINES LIMITED,MCGUIGAN SIMEON WINES,former,1991-05-30,2008-02-11,,4
3882,ROSERIM LIMITED,ROSERIM,former,1991-05-30,2008-02-11,,4
3883,"AVITA MEDICAL, INC.",AVITA MEDICAL,legal,2021-01-06,,,4
3883,"AVITA THERAPEUTICS, INC.",AVITA THERAPEUTICS,former,2020-06-12,2021-01-05,,4
3884,AUSTRALIAN VANADIUM LIMITED,AUSTRALIAN VANADIUM,legal,2015-11-24,,,4
3884,YELLOW ROCK RESOURCES LTD,YELLOW ROCK RESOURCES,former,2005-09-13,2015-11-23,,4
3885,ADVANCE METALS LIMITED,ADVANCE METALS,legal,2022-05-31,,,4
3885,METALS FINANCE CORP.,METALS FINANCE CORP,former,2009-05-15,2022-05-30,,4
3885,METALS FINANCE LIMITED,METALS FINANCE,former,2009-05-15,2022-05-30,,4
3885,PACIFIC AMERICAN COAL LIMITED,PACIFIC AMERICAN COAL,former,2009-05-15,2022-05-30,,4
3885,PACIFIC AMERICAN HOLDINGS LIMITED,PACIFIC AMERICAN,former,2009-05-15,2022-05-30,,4
3886,ANTERIS TECHNOLOGIES GLOBAL CORP.,ANTERIS TECHNOLOGIES GLOBAL CORP,legal,2024-08-02,,,4
3887,AVIRA ENERGY LIMITED,AVIRA ENERGY,former,2008-06-30,2017-11-29,,4
3887,AVIRA RESOURCES LTD,AVIRA RESOURCES,legal,2017-11-30,,,4
3887,MGT RESOURCES LIMITED,MGT RESOURCES,former,2008-06-30,2017-11-29,,4
3887,MONO RESOURCES LTD,MONO RESOURCES,former,2008-06-30,2017-11-29,,4
3888,AMERICAN WEST METALS LIMITED,AMERICAN WEST METALS,legal,2020-11-17,,,4
3889,AURIC MINING LIMITED,AURIC MINING,legal,2019-08-12,,,4
3890,ACCENT GROUP LIMITED,ACCENT GROUP,legal,2017-11-24,,,4
3890,RCG CORPORATION LIMITED,RCG CORPORATION,former,2004-02-23,2017-11-23,,4
3890,RETAIL CUBE LIMITED,RETAIL CUBE,former,2004-02-23,2017-11-23,,4
3891,ACCELERATE RESOURCES LIMITED,ACCELERATE RESOURCES,legal,2017-03-07,,,4
3892,ARCHER EXPLORATION LIMITED,ARCHER EXPLORATION,former,2007-02-16,2019-10-29,,4
3892,ARCHER MATERIALS LIMITED,ARCHER MATERIALS,legal,2019-10-30,,,4
3893,AUSEAN CONSULTANTS PTY LTD,AUSEAN CONSULTANTS,former,1983-04-12,2025-11-26,,4
3893,AXIOM PROPERTIES LTD,AXIOM PROPERTIES,former,1983-04-12,2025-11-26,,4
3893,AXTEC LIMITED,AXTEC,legal,2025-11-27,,,4
3893,PELICAN POINT PTY LTD,PELICAN POINT,former,1983-04-12,2025-11-26,,4
3894,AXEL REE LIMITED,AXEL REE,legal,2023-02-21,,,4
3895,ALLIANCE NICKEL LIMITED,ALLIANCE NICKEL,legal,2023-01-19,,,4
3895,GME RESOURCES LTD,GME RESOURCES,former,1987-07-27,2023-01-18,,4
3895,GOLD & MINERAL EXPLORATION NO LIABILITY,GOLD MINERAL EXPLORATION NO LIABILITY,former,1987-07-27,2023-01-18,,4
3896,AUSTIN EXPLORATION LIMITED,AUSTIN EXPLORATION,former,2005-05-11,2021-07-06,,4
3896,AXP ENERGY LIMITED,AXP ENERGY,legal,2021-07-07,,,4
3896,FREMONT PETROLEUM CORPORATION LIMITED,FREMONT PETROLEUM CORPORATION,former,2005-05-11,2021-07-06,,4
3897,"AURA CONSOLIDATED GROUP, INC.",AURA CONSOLIDATED GROUP,legal,2026-02-20,,,4
3898,ALPHAINTELL PTY LTD,ALPHAINTELL,former,2018-01-24,2021-11-23,,4
3898,ARTRYA LIMITED,ARTRYA,legal,2021-11-24,,,4
3899,ALTIUS MINING LTD,ALTIUS MINING,former,2007-07-13,2014-08-19,,4
3899,AUSTRALIA UNITED MINING LIMITED,AUSTRALIA UNITED MINING,legal,2014-08-20,,,4
3899,REMINE GOLD LIMITED,REMINE GOLD,former,2007-07-13,2014-08-19,,4
3900,AUSTIN METALS LIMITED,AUSTIN METALS,legal,2021-11-30,,,4
3900,SILVER CITY MINERALS LIMITED,SILVER CITY MINERALS,former,2008-05-05,2021-11-29,,4
3900,SILVER CITY MINING LIMITED,SILVER CITY MINING,former,2008-05-05,2021-11-29,,4
3901,ASIAN BATTERY METALS PLC,ASIAN BATTERY METALS PLC,former,2017-07-03,2026-06-14,,4
3901,AZZURO RESOURCES PLC,AZZURO RESOURCES PLC,legal,2026-06-15,,,4
3901,DORIEMUS PLC,DORIEMUS PLC,former,2017-07-03,2026-06-14,,4
3902,ALTA ZINC LIMITED,ALTA ZINC,former,1997-05-12,2021-11-28,,4
3902,ALTAMIN LIMITED,ALTAMIN,legal,2021-11-29,,,4
3902,ENERGIA MINERALS LIMITED,ENERGIA MINERALS,former,1997-05-12,2021-11-28,,4
3902,METEX RESOURCES NL,METEX RESOURCES,former,1997-05-12,2021-11-28,,4
3902,WINDARRA MINERALS NL,WINDARRA MINERALS,former,1997-05-12,2021-11-28,,4
3903,AURIZON HOLDINGS LIMITED,AURIZON,legal,2012-12-03,,,4
3903,QR NATIONAL LIMITED,QR NATIONAL,former,2010-09-14,2012-12-02,,4
3904,ANTIPA MINERALS LTD.,ANTIPA MINERALS,legal,2010-11-01,,,4
3905,BEFOREPAY GROUP LIMITED,BEFOREPAY GROUP,legal,2022-01-13,,,4
3905,CHEQ LIMITED,CHEQ,former,2019-06-05,2022-01-12,,4
3906,BARKLY RARE EARTHS LIMITED,BARKLY RARE EARTHS,legal,2026-01-28,,,4
3906,MINERALS PTY LTD,MINERALS,former,2020-06-09,2026-01-27,,4
3906,TRANSITION MINERALS LIMITED,TRANSITION MINERALS,former,2020-06-09,2026-01-27,,4
3907,BAPCOR LIMITED,BAPCOR,legal,2016-07-04,,,4
3907,BURSON GROUP HOLDINGS PTY LIMITED,BURSON GROUP,former,2011-09-13,2016-07-03,,4
3908,BASS OIL LIMITED,BASS OIL,legal,2017-02-27,,,4
3908,BASS STRAIT OIL COMPANY LTD,BASS STRAIT OIL COMPANY,former,1965-04-26,2017-02-26,,4
3908,ORD OIL & GAS PTY LTD,ORD OIL GAS,former,1965-04-26,2017-02-26,,4
3909,BLINKLAB LIMITED,BLINKLAB,legal,2021-08-17,,,4
3910,BNK BANKING CORPORATION LIMITED,BNK BANKING CORPORATION,legal,2019-03-05,,,4
3910,GOLDFIELDS CREDIT UNION LTD,GOLDFIELDS CREDIT UNION,former,1982-05-25,2019-03-04,,4
3910,GOLDFIELDS MONEY LIMITED,GOLDFIELDS MONEY,former,1982-05-25,2019-03-04,,4
3911,BRISBANE BRONCOS LIMITED,BRISBANE BRONCOS,legal,2014-06-06,,,4
3911,KOBE CAPITAL LIMITED,KOBE CAPITAL,former,1987-12-15,2014-06-05,,4
3911,NORTHERN RIVERS HOTEL CORPORATION LIMITED,NORTHERN RIVERS HOTEL CORPORATION,former,1987-12-15,2014-06-05,,4
3911,NORTHERN RIVERS LIMITED,NORTHERN RIVERS,former,1987-12-15,2014-06-05,,4
3911,PACIFIC SPORTS ENTERTAINMENT LIMITED,PACIFIC SPORTS ENTERTAINMENT,former,1987-12-15,2014-06-05,,4
3912,BABY BUNTING GROUP LIMITED,BABY BUNTING GROUP,legal,2015-10-14,,,4
3912,BABY INVESTMENTS LIMITED,BABY INVESTMENTS,former,2007-11-19,2015-10-13,,4
3913,BETR ENTERTAINMENT LIMITED,BETR ENTERTAINMENT,legal,2025-04-02,,,4
3913,BLUEBET HOLDINGS LTD,BLUEBET,former,2021-01-14,2025-04-01,,4
3914,BLACK CAT SYNDICATE LIMITED,BLACK CAT SYNDICATE,legal,2017-08-04,,,4
3915,BLACK CANYON LIMITED,BLACK CANYON,legal,2011-05-04,,,4
3916,BEAM COMMUNICATIONS HOLDINGS LIMITED,BEAM COMMUNICATIONS,legal,2018-11-13,,,4
3916,PACARC N.L.,PACARC N L,former,1985-04-04,2018-11-12,,4
3916,PACIFIC ARC EXPLORATION N.L.,PACIFIC ARC EXPLORATION N L,former,1985-04-04,2018-11-12,,4
3916,STILLRIDGE N.L.,STILLRIDGE N L,former,1985-04-04,2018-11-12,,4
3916,TELE-IP LIMITED,TELE IP,former,1985-04-04,2018-11-12,,4
3916,WORLD REACH LIMITED,WORLD REACH,former,1985-04-04,2018-11-12,,4
3917,BC IRON LIMITED,BC IRON,former,2006-07-10,2017-11-30,,4
3917,BCI MINERALS LIMITED,BCI MINERALS,legal,2017-12-01,,,4
3918,BROCKMAN MINING LIMITED,BROCKMAN MINING,legal,2012-10-26,,,4
3918,WAH NAM INTERNATIONAL HOLDINGS LIMITED,WAH NAM INTERNATIONAL,former,2010-05-13,2012-10-25,,4
3919,BBX HOLDINGS LIMITED,BBX,former,1999-08-24,2023-12-17,,4
3919,BBX MINERALS LIMITED,BBX MINERALS,former,1999-08-24,2023-12-17,,4
3919,BRAZILIAN CRITICAL MINERALS LIMITED,BRAZILIAN CRITICAL MINERALS,legal,2023-12-18,,,4
3920,BEACON MINERALS LIMITED,BEACON MINERALS,legal,2006-05-09,,,4
3921,BURGUNDY DIAMOND MINES LIMITED,BURGUNDY DIAMOND MINES,legal,2020-11-18,,,4
3921,COTT OIL AND GAS LIMITED,COTT OIL AND GAS,former,2012-08-22,2020-11-17,,4
3921,EHR RESOURCES LIMITED,EHR RESOURCES,former,2012-08-22,2020-11-17,,4
3922,BCAL DIAGNOSTICS LIMITED,BCAL DIAGNOSTICS,legal,2021-07-19,,,4
3922,SBC RESEARCH PTY LTD,SBC RESEARCH,former,2010-02-15,2021-07-18,,4
3923,BENTLEY CAPITAL LIMITED,BENTLEY CAPITAL,legal,2009-03-04,,,4
3923,BENTLEY EQUITIES LIMITED,BENTLEY EQUITIES,former,1986-06-24,2009-03-03,,4
3923,BENTLEY INTERNATIONAL LIMITED,BENTLEY INTERNATIONAL,former,1986-06-24,2009-03-03,,4
3923,BESLAA LIMITED,BESLAA,former,1986-06-24,2009-03-03,,4
3923,BT GLOBAL ASSET MANAGEMENT LIMITED,BT GLOBAL ASSET MANAGEMENT,former,1986-06-24,2009-03-03,,4
3924,BENDIGO AND ADELAIDE BANK LIMITED,BENDIGO AND ADELAIDE BANK,legal,2024-05-28,,,4
3924,BENDIGO BANK LIMITED,BENDIGO BANK,former,1995-07-01,2024-05-27,,4
3925,BEONIC LTD,BEONIC,legal,2023-11-14,,,4
3925,CHROME GLOBAL LIMITED,CHROME GLOBAL,former,1987-08-20,2023-11-13,,4
3925,DATABASE TECHNOLOGY PTY LTD,DATABASE TECHNOLOGY,former,1987-08-20,2023-11-13,,4
3925,FIRST CAPITAL GROUP LIMITED,FIRST CAPITAL GROUP,former,1987-08-20,2023-11-13,,4
3925,KEY2 LIMITED,KEY2,former,1987-08-20,2023-11-13,,4
3925,LOJIK PTY LTD,LOJIK,former,1987-08-20,2023-11-13,,4
3925,PLANTARD LTD,PLANTARD,former,1987-08-20,2023-11-13,,4
3925,RKS CONSOLIDATED LIMITED,RKS CONSOLIDATED,former,1987-08-20,2023-11-13,,4
3925,ROCKSTEAD FINANCIAL SERVICES LIMITED,ROCKSTEAD FINANCIAL SERVICES,former,1987-08-20,2023-11-13,,4
3925,SKYFII LTD,SKYFII,former,1987-08-20,2023-11-13,,4
3926,BETMAKERS TECHNOLOGY GROUP LTD,BETMAKERS TECHNOLOGY GROUP,legal,2019-06-21,,,4
3926,OM GROUP HOLDINGS LIMITED,OM GROUP,former,2013-06-27,2019-06-20,,4
3926,THE BETMAKERS HOLDINGS LTD,THE BETMAKERS,former,2013-06-27,2019-06-20,,4
3926,TOPBETTA HOLDINGS LIMITED,TOPBETTA,former,2013-06-27,2019-06-20,,4
3927,BESRA GOLD INC.,BESRA GOLD,legal,2021-10-06,,,4
3927,OLYMPUS PACIFIC MINERALS INC.,OLYMPUS PACIFIC MINERALS,former,2010-01-22,2021-10-05,,4
3928,BELL FINANCIAL GROUP LIMITED,BELL FINANCIAL GROUP,legal,2007-12-10,,,4
3928,BELL POTTER GROUP PTY LIMITED,BELL POTTER GROUP,former,1998-06-30,2007-12-09,,4
3928,JOHNSON TAYLOR HOLDINGS PTY LTD,JOHNSON TAYLOR,former,1998-06-30,2007-12-09,,4
3928,JOHNSON TAYLOR POTTER GROUP PTY LIMITED,JOHNSON TAYLOR POTTER GROUP,former,1998-06-30,2007-12-09,,4
3929,BSP FINANCIAL GROUP LIMITED,BSP FINANCIAL GROUP,legal,2021-04-26,,,4
3930,BEGA CHEESE LIMITED,BEGA CHEESE,legal,2011-08-18,,,4
3930,THE BEGA CO-OPERATIVE SOCIETY LIMITED,THE BEGA CO OPERATIVE SOCIETY,former,2008-04-23,2011-08-17,,4
3931,BARTON GOLD HOLDINGS LIMITED,BARTON GOLD,legal,2021-06-25,,,4
3931,PARQ AUSTRALIAN RESOURCE CAPITAL 1 PTY LTD,PARQ AUSTRALIAN RESOURCE CAPITAL 1,former,2019-05-14,2021-06-24,,4
3932,BRIDGE SAAS LIMITED,BRIDGE SAAS,legal,2022-10-04,,,4
3932,JN SOLUTIONS AUSTRALIA PTY. LTD.,JN SOLUTIONS AUSTRALIA,former,2008-03-13,2022-10-03,,4
3933,BELLEVUE GOLD LIMITED,BELLEVUE GOLD,legal,2018-07-18,,,4
3933,C @ LTD,C,former,2004-10-11,2018-07-17,,4
3933,DRAIG RESOURCES LIMITED,DRAIG RESOURCES,former,2004-10-11,2018-07-17,,4
3934,BRISCOE GROUP AUSTRALASIA LIMITED,BRISCOE GROUP AUSTRALASIA,legal,2017-05-12,,,4
3935,BIO-GENE TECHNOLOGY LIMITED,BIO GENE TECHNOLOGY,legal,2017-11-29,,,4
3935,BORONIA OIL HOLDINGS PTY LTD,BORONIA OIL,former,1995-11-08,2017-11-28,,4
3936,BENJAMIN HORNIGOLD LTD,BENJAMIN HORNIGOLD,legal,2017-05-11,,,4
3936,SAMUEL BELLAMY LTD.,SAMUEL BELLAMY,former,2016-09-28,2017-05-10,,4
3937,BLACK HORSE MINING LIMITED,BLACK HORSE MINING,legal,2024-12-12,,,4
3938,BROKEN HILL MINES LIMITED,BROKEN HILL MINES,legal,2025-07-17,,,4
3938,COOLABAH METALS LIMITED,COOLABAH METALS,former,2021-07-28,2025-07-16,,4
3939,BHP BILLITON LIMITED,BHP BILLITON,former,1885-08-13,2018-11-18,,4
3939,BHP GROUP LIMITED,BHP GROUP,legal,2018-11-19,,,4
3939,BHP LIMITED,BHP,former,1885-08-13,2018-11-18,,4
3939,THE BROKEN HILL PROPRIETARY COMPANY LIMITED,THE BROKEN HILL PROPRIETARY COMPANY,former,1885-08-13,2018-11-18,,4
3940,BINDI METALS LIMITED,BINDI METALS,legal,2021-05-25,,,4
3941,BIOME AUSTRALIA LIMITED,BIOME AUSTRALIA,legal,2018-07-06,,,4
3942,AB STEEL HOLDINGS PTY LIMITED,AB STEEL,former,2001-11-07,2008-11-06,,4
3942,ATLAS GROUP HOLDINGS LIMITED,ATLAS GROUP,former,2001-11-07,2008-11-06,,4
3942,ATLAS STEELS GROUP LIMITED,ATLAS STEELS GROUP,former,2001-11-07,2008-11-06,,4
3942,BISALLOY STEEL GROUP LTD,BISALLOY STEEL GROUP,legal,2008-11-07,,,4
3942,SONCAVE PTY LIMITED,SONCAVE,former,2001-11-07,2008-11-06,,4
3943,BIOTRON LIMITED,BIOTRON,legal,1999-02-23,,,4
3944,BLACK BEAR MINERALS LIMITED,BLACK BEAR MINERALS,legal,2025-11-13,,,4
3944,JAMES BAY MINERALS LIMITED,JAMES BAY MINERALS,former,2022-06-01,2025-11-12,,4
3944,SC LITHIUM PTY LTD,SC LITHIUM,former,2022-06-01,2025-11-12,,4
3945,BKI INVESTMENT COMPANY LIMITED,BKI INVESTMENT COMPANY,legal,2009-08-11,,,4
3945,BRICKWORKS INVESTMENT COMPANY LIMITED,BRICKWORKS INVESTMENT COMPANY,former,2003-10-17,2009-08-10,,4
3946,BLACK ROCK MINING LIMITED,BLACK ROCK MINING,legal,2015-03-24,,,4
3946,GREEN ROCK ENERGY LIMITED,GREEN ROCK ENERGY,former,2000-09-21,2015-03-23,,4
3946,MOKUTI INVESTMENTS LTD,MOKUTI INVESTMENTS,former,2000-09-21,2015-03-23,,4
3946,MOKUTI MINING LIMITED,MOKUTI MINING,former,2000-09-21,2015-03-23,,4
3947,BARACUS SERVICES PTY LTD,BARACUS SERVICES,former,1991-07-02,2015-11-26,,4
3947,BERKELEY ENERGIA LIMITED,BERKELEY ENERGIA,legal,2015-11-27,,,4
3947,BERKELEY ENERGY LIMITED,BERKELEY ENERGY,former,1991-07-02,2015-11-26,,4
3947,BERKELEY RESOURCES LIMITED,BERKELEY RESOURCES,former,1991-07-02,2015-11-26,,4
3947,BERKLEY DIAMONDS AND RESOURCES PTY LTD,BERKLEY DIAMONDS AND RESOURCES,former,1991-07-02,2015-11-26,,4
3947,PROJECT CONSTRUCTIONS (AUSTRALIA) PTY. LTD.,PROJECT CONSTRUCTIONS AUSTRALIA,former,1991-07-02,2015-11-26,,4
3948,BLUGLASS LIMITED,BLUGLASS,legal,2006-09-21,,,4
3948,SECONDPLAN INVESTMENTS LIMITED,SECONDPLAN INVESTMENTS,former,2005-10-24,2006-09-20,,4
3949,BIOXYNE LIMITED,BIOXYNE,former,1998-09-23,2026-06-18,,4
3949,BLS PHARMACEUTICALS LIMITED,BLS PHARMACEUTICALS,legal,2026-06-19,,,4
3949,PROBIOMICS LIMITED,PROBIOMICS,former,1998-09-23,2026-06-18,,4
3949,VASSE RESEARCH INSTITUTE PTY LTD,VASSE RESEARCH INSTITUTE,former,1998-09-23,2026-06-18,,4
3949,VRI BIOMEDICAL LIMITED,VRI BIOMEDICAL,former,1998-09-23,2026-06-18,,4
3950,BLUE ENERGY LIMITED,BLUE ENERGY,legal,2007-05-10,,,4
3950,CHIEFTAIN SECURITIES LIMITED,CHIEFTAIN SECURITIES,former,1992-01-20,2007-05-09,,4
3950,ENERGY INVESTMENTS LIMITED,ENERGY INVESTMENTS,former,1992-01-20,2007-05-09,,4
3950,SEDWICK PTY. LTD.,SEDWICK,former,1992-01-20,2007-05-09,,4
3951,BEACON LIGHTING GROUP LIMITED,BEACON LIGHTING GROUP,legal,2014-04-11,,,4
3951,SONMAN HOLDINGS PTY LTD,SONMAN,former,2013-06-05,2014-04-10,,4
3951,YUULONG PTY LTD,YUULONG,former,2013-06-05,2014-04-10,,4
3952,BEAM INTERNATIONAL LIMITED,BEAM INTERNATIONAL,former,1996-07-08,2021-07-12,,4
3952,BLAZE INTERNATIONAL LIMITED,BLAZE INTERNATIONAL,former,1996-07-08,2021-07-12,,4
3952,BLAZE MINERALS LIMITED,BLAZE MINERALS,legal,2021-07-13,,,4
3953,BALLARD MINING LIMITED,BALLARD MINING,legal,2025-03-13,,,4
3954,BATTERY AGE MINERALS LTD,BATTERY AGE MINERALS,legal,2022-12-19,,,4
3954,INSIDE HOLDINGS PTY LTD,INSIDE,former,1999-01-18,2022-12-18,,4
3954,IOCOM LIMITED,IOCOM,former,1999-01-18,2022-12-18,,4
3954,OPTIMA ICM LIMITED,OPTIMA ICM,former,1999-01-18,2022-12-18,,4
3954,PATHFINDER RESOURCES LTD,PATHFINDER RESOURCES,former,1999-01-18,2022-12-18,,4
3954,SAINT ISTVAN GOLD LIMITED,SAINT ISTVAN GOLD,former,1999-01-18,2022-12-18,,4
3954,WINMAR RESOURCES LIMITED,WINMAR RESOURCES,former,1999-01-18,2022-12-18,,4
3955,BMC MINERALS LTD.,BMC MINERALS,legal,2021-02-11,,,4
3956,BAUMART HOLDINGS LIMITED,BAUMART,legal,2015-06-16,,,4
3956,BUILDMART HOLDINGS LIMITED,BUILDMART,former,2014-10-31,2015-06-15,,4
3957,BOAB METALS LIMITED,BOAB METALS,legal,2020-12-23,,,4
3957,JAGUAR MINERALS LIMITED,JAGUAR MINERALS,former,2003-11-25,2020-12-22,,4
3957,PACIFICO MINERALS LIMITED,PACIFICO MINERALS,former,2003-11-25,2020-12-22,,4
3958,BALKAN MINING AND MINERALS LIMITED,BALKAN MINING AND MINERALS,former,2020-12-18,2024-11-28,,4
3958,BAYAN MINING AND MINERALS LIMITED,BAYAN MINING AND MINERALS,legal,2024-11-29,,,4
3959,BANNERMAN ENERGY LTD,BANNERMAN ENERGY,legal,2021-07-22,,,4
3959,BANNERMAN RESOURCES LIMITED,BANNERMAN RESOURCES,former,2005-02-18,2021-07-21,,4
3960,BALLYMORE RESOURCES LIMITED,BALLYMORE RESOURCES,legal,2019-04-12,,,4
3961,BEAMTREE HOLDINGS LIMITED,BEAMTREE,legal,2021-08-17,,,4
3961,PKS HOLDINGS LIMITED,PKS,former,2018-06-26,2021-08-16,,4
3961,QPRO HOLDINGS LIMITED,QPRO,former,2018-06-26,2021-08-16,,4
3962,AMITY OIL LIMITED,AMITY OIL,former,1987-04-23,2020-04-23,,4
3962,AMITY OIL N.L.,AMITY OIL N L,former,1987-04-23,2020-04-23,,4
3962,ANTARES ENERGY LIMITED,ANTARES ENERGY,former,1987-04-23,2020-04-23,,4
3962,BIG STAR ENERGY LIMITED,BIG STAR ENERGY,former,1987-04-23,2020-04-23,,4
3962,BLUE STAR HELIUM LIMITED,BLUE STAR HELIUM,legal,2020-04-24,,,4
3963,BULLETIN RESOURCES LIMITED,BULLETIN RESOURCES,legal,2010-06-11,,,4
3964,BENZ MINING CORP.,BENZ MINING CORP,legal,2020-08-10,,,4
3965,BOA RESOURCES LTD,BOA RESOURCES,legal,2026-05-15,,,4
3965,BOADICEA RESOURCES LTD,BOADICEA RESOURCES,former,2011-02-28,2026-05-14,,4
3966,BOUGAINVILLE COPPER LIMITED,BOUGAINVILLE COPPER,legal,1969-05-23,,,4
3967,BOSS ENERGY LTD,BOSS ENERGY,legal,2020-11-22,,,4
3967,BOSS RESOURCES LIMITED,BOSS RESOURCES,former,2005-10-24,2020-11-21,,4
3967,LATROBE MINING LIMITED,LATROBE MINING,former,2005-10-24,2020-11-21,,4
3968,BOOM LOGISTICS LTD,BOOM LOGISTICS,legal,2003-10-10,,,4
3968,THE AUSTRALIAN CRANE COMPANY LTD,THE AUSTRALIAN CRANE COMPANY,former,2000-12-22,2003-10-09,,4
3969,BANK OF QUEENSLAND LIMITED,BANK OF QUEENSLAND,legal,2024-08-15,,,4
3969,THE BRISBANE PERMANENT BUILDING AND BANKING COMPANY LIMITED,THE BRISBANE PERMANENT BUILDING AND BANKING COMPANY,former,1887-09-02,2024-08-14,,4
3970,AERODATA HOLDINGS LTD,AERODATA,former,1984-09-21,2016-06-30,,4
3970,ALIQUOT ASSET MANAGEMENT LIMITED,ALIQUOT ASSET MANAGEMENT,former,1984-09-21,2016-06-30,,4
3970,BONE MEDICAL LIMITED,BONE MEDICAL,former,1984-09-21,2016-06-30,,4
3970,BOTANIX PHARMACEUTICALS LTD,BOTANIX PHARMACEUTICALS,legal,2016-07-01,,,4
3970,REVENIR LIMITED,REVENIR,former,1984-09-21,2016-06-30,,4
3971,AUSTRALIAN PURE FRUITS LIMITED,AUSTRALIAN PURE FRUITS,former,1984-07-25,2023-06-08,,4
3971,BPH GLOBAL LTD,BPH GLOBAL,legal,2023-06-09,,,4
3971,COOPERS RESOURCES NO LIABILITY,COOPERS RESOURCES NO LIABILITY,former,1984-07-25,2023-06-08,,4
3971,ON Q GROUP LIMITED,ON Q GROUP,former,1984-07-25,2023-06-08,,4
3971,STEMCELL UNITED LIMITED,STEMCELL UNITED,former,1984-07-25,2023-06-08,,4
3972,BLACK PEARL GROUP LIMITED,BLACK PEARL GROUP,legal,2025-07-30,,,4
3973,BIOPHARMICA LIMITED,BIOPHARMICA,former,2001-02-14,2010-12-09,,4
3973,BPH CORPORATE LTD,BPH CORPORATE,former,2001-02-14,2010-12-09,,4
3973,BPH ENERGY LTD,BPH ENERGY,legal,2010-12-10,,,4
3973,FLOATNEWS CORPORATION PTY LTD,FLOATNEWS CORPORATION,former,2001-02-14,2010-12-09,,4
3973,GRANDBRIDGE CAPITAL PTY LTD,GRANDBRIDGE CAPITAL,former,2001-02-14,2010-12-09,,4
3974,BPM MINERALS LIMITED,BPM MINERALS,legal,2020-09-11,,,4
3975,BABYLON PUMP & POWER LIMITED,BABYLON PUMP POWER,legal,2017-11-24,,,4
3975,DE BEERS DIAMOND EXPLORATION PTY LTD,DE BEERS DIAMOND EXPLORATION,former,1990-01-23,2017-11-23,,4
3975,HEATH INVESTMENTS PTY LTD,HEATH INVESTMENTS,former,1990-01-23,2017-11-23,,4
3975,IM MEDICAL LTD,IM MEDICAL,former,1990-01-23,2017-11-23,,4
3975,INTEGRA MEDICAL IMAGING LIMITED,INTEGRA MEDICAL IMAGING,former,1990-01-23,2017-11-23,,4
3975,KANOWNA CONSOLIDATED GOLD MINES PTY LTD,KANOWNA CONSOLIDATED GOLD MINES,former,1990-01-23,2017-11-23,,4
3975,WESTERN DIAMOND CORPORATION LTD,WESTERN DIAMOND CORPORATION,former,1990-01-23,2017-11-23,,4
3975,WESTERN DIAMOND CORPORATION N.L.,WESTERN DIAMOND CORPORATION N L,former,1990-01-23,2017-11-23,,4
3976,BEACH ENERGY LIMITED,BEACH ENERGY,legal,2009-12-10,,,4
3976,BEACH PETROLEUM LIMITED,BEACH PETROLEUM,former,1961-12-21,2009-12-09,,4
3976,BEACH PETROLEUM NO LIABILITY,BEACH PETROLEUM NO LIABILITY,former,1961-12-21,2009-12-09,,4
3977,ALPHA MINERALS PTY LTD,ALPHA MINERALS,former,2021-03-31,2023-12-18,,4
3977,BRAZILIAN RARE EARTHS LIMITED,BRAZILIAN RARE EARTHS,legal,2023-12-19,,,4
3978,BREVILLE GROUP LIMITED,BREVILLE GROUP,legal,2008-11-14,,,4
3978,HOUSEWARES INTERNATIONAL LIMITED,HOUSEWARES INTERNATIONAL,former,1999-03-30,2008-11-13,,4
3979,BIG RIVER INDUSTRIES LTD,BIG RIVER INDUSTRIES,legal,2015-12-18,,,4
3980,BROOKSIDE ENERGY LIMITED,BROOKSIDE ENERGY,legal,2015-07-15,,,4
3980,PROVIDENCE WEST LIMITED,PROVIDENCE WEST,former,2004-04-20,2015-07-14,,4
3980,RED FORK ENERGY LIMITED,RED FORK ENERGY,former,2004-04-20,2015-07-14,,4
3981,BATHURST RESOURCES (NEW ZEALAND) LIMITED,BATHURST RESOURCES NEW ZEALAND,former,2013-06-27,2014-01-01,,4
3981,BATHURST RESOURCES LIMITED,BATHURST RESOURCES,legal,2014-01-02,,,4
3982,AZIANA LIMITED,AZIANA,former,2011-05-30,2015-08-27,,4
3982,BRAINCHIP HOLDINGS LTD,BRAINCHIP,legal,2015-08-28,,,4
3983,A.C.N. 130 651 437 LIMITED,A C N 130 651 437,former,2008-04-16,2008-08-27,,4
3983,BURU ENERGY LIMITED,BURU ENERGY,legal,2008-08-28,,,4
3984,BARYS RESOURCES LIMITED,BARYS RESOURCES,legal,2026-01-23,,,4
3984,ENRG ELEMENTS LTD,ENRG ELEMENTS,former,2011-02-09,2026-01-22,,4
3984,KOPORE METALS LIMITED,KOPORE METALS,former,2011-02-09,2026-01-22,,4
3984,METALLUM LIMITED,METALLUM,former,2011-02-09,2026-01-22,,4
3984,MINING GROUP LIMITED,MINING GROUP,former,2011-02-09,2026-01-22,,4
3985,BROADCAST SERVICES AUSTRALIA LIMITED,BROADCAST SERVICES AUSTRALIA,former,1999-07-01,2007-01-01,,4
3985,BSA LIMITED,BSA,legal,2007-01-02,,,4
3985,COMET FLOAT LIMITED,COMET FLOAT,former,1999-07-01,2007-01-01,,4
3985,COMET SATELLITE & CABLE LTD,COMET SATELLITE CABLE,former,1999-07-01,2007-01-01,,4
3986,BHP STEEL (JLA) PTY. LTD.,BHP STEEL JLA,former,1921-03-15,2010-05-04,,4
3986,BHP STEEL LIMITED,BHP STEEL,former,1921-03-15,2010-05-04,,4
3986,BLUESCOPE STEEL LIMITED,BLUESCOPE STEEL,legal,2010-05-05,,,4
3986,JOHN LYSAGHT (AUSTRALIA) LTD,JOHN LYSAGHT AUSTRALIA,former,1921-03-15,2010-05-04,,4
3987,BASIN ENERGY LIMITED,BASIN ENERGY,legal,2021-11-23,,,4
3988,BISON RESOURCES LIMITED,BISON RESOURCES,legal,2025-05-28,,,4
3989,BORESIGHT LTD,BORESIGHT,legal,2020-07-09,,,4
3990,BLACKSTONE MINERALS LIMITED,BLACKSTONE MINERALS,legal,2016-08-30,,,4
3991,BIOTECH CAPITAL LIMITED,BIOTECH CAPITAL,former,2000-03-14,2017-11-28,,4
3991,BTC HEALTH LTD,BTC HEALTH,legal,2017-11-29,,,4
3992,BOTALA ENERGY LTD,BOTALA ENERGY,legal,2022-07-12,,,4
3992,BOTSGAS PTY LTD,BOTSGAS,former,2018-06-18,2022-07-11,,4
3992,ZIMGAS PTY LTD,ZIMGAS,former,2018-06-18,2022-07-11,,4
3993,BAILADOR TECHNOLOGY INVESTMENTS LIMITED,BAILADOR TECHNOLOGY INVESTMENTS,legal,2014-08-04,,,4
3994,BEETALOO ENERGY AUSTRALIA LIMITED,BEETALOO ENERGY AUSTRALIA,legal,2025-06-12,,,4
3994,EMPIRE ENERGY GROUP LIMITED,EMPIRE ENERGY GROUP,former,1981-05-14,2025-06-11,,4
3994,IMPERIAL CORPORATION LIMITED,IMPERIAL CORPORATION,former,1981-05-14,2025-06-11,,4
3994,IMPERIAL MINING NL,IMPERIAL MINING,former,1981-05-14,2025-06-11,,4
3994,IMPERIAL ONE INTERNATIONAL LIMITED,IMPERIAL ONE INTERNATIONAL,former,1981-05-14,2025-06-11,,4
3994,IMPERIAL ONE LIMITED,IMPERIAL ONE,former,1981-05-14,2025-06-11,,4
3994,JASON MINING LTD,JASON MINING,former,1981-05-14,2025-06-11,,4
3994,JASON MINING N.L.,JASON MINING N L,former,1981-05-14,2025-06-11,,4
3995,ATOMIC RESOURCES LIMITED,ATOMIC RESOURCES,former,2007-03-21,2024-12-01,,4
3995,BREAKTHROUGH MINERALS LIMITED,BREAKTHROUGH MINERALS,legal,2024-12-02,,,4
3995,INTRA ENERGY CORPORATION LIMITED,INTRA ENERGY CORPORATION,former,2007-03-21,2024-12-01,,4
3996,A.C.N. 644 182 883 LIMITED,A C N 644 182 883,former,2020-09-09,2021-07-01,,4
3996,BUTN LIMITED,BUTN,legal,2021-07-02,,,4
3997,A1 MINERALS LTD,A1 MINERALS,former,2002-05-29,2020-12-06,,4
3997,BRIGHTSTAR RESOURCES LIMITED,BRIGHTSTAR RESOURCES,legal,2020-12-07,,,4
3997,STONE RESOURCES AUSTRALIA LIMITED,STONE RESOURCES AUSTRALIA,former,2002-05-29,2020-12-06,,4
3998,AURIFEX MINING NL,AURIFEX MINING,former,1993-05-28,2017-01-02,,4
3998,BUBS AUSTRALIA LIMITED,BUBS AUSTRALIA,legal,2017-01-03,,,4
3998,HILLCREST LITIGATION SERVICES LIMITED,HILLCREST LITIGATION SERVICES,former,1993-05-28,2017-01-02,,4
3998,HILLCREST RESOURCES LIMITED,HILLCREST RESOURCES,former,1993-05-28,2017-01-02,,4
3999,BURLEY MINERALS LTD,BURLEY MINERALS,legal,2020-10-29,,,4
4000,BUBALUS RESOURCES LIMITED,BUBALUS RESOURCES,legal,2021-11-01,,,4
4001,BUXTON RESOURCES LIMITED,BUXTON RESOURCES,legal,2007-04-23,,,4
4002,BOUNTY OIL & GAS NL,BOUNTY OIL GAS,legal,2002-02-01,,,4
4002,FIVE DARCY PETROLEUM NL,FIVE DARCY PETROLEUM,former,1999-11-22,2002-01-31,,4
4003,BELLAVISTA RESOURCES LTD,BELLAVISTA RESOURCES,legal,2021-11-30,,,4
4004,BRAVURA SOLUTIONS LIMITED,BRAVURA SOLUTIONS,legal,2016-11-16,,,4
4004,STOCKHOLM SOLUTIONS HOLDINGS PTY LTD,STOCKHOLM SOLUTIONS,former,2013-06-20,2016-11-15,,4
4005,BLACKWALL LIMITED,BLACKWALL,legal,2016-06-24,,,4
4005,BLACKWALL PROPERTY FUNDS LIMITED,BLACKWALL PROPERTY FUNDS,former,2010-10-20,2016-06-23,,4
4006,BHAGWAN MARINE LIMITED,BHAGWAN MARINE,legal,2024-07-26,,,4
4006,FENNOCLEAN PTY LTD,FENNOCLEAN,former,1985-10-29,2024-07-25,,4
4007,BWP GROUP,BWP GROUP,legal,2026-08-18,,,4
4008,BRAMBLES LIMITED,BRAMBLES,legal,2006-03-21,,,4
4009,COSMOS EXPLORATION LIMITED,COSMOS EXPLORATION,legal,2021-03-22,,,4
4010,C29 METALS LIMITED,C29 METALS,legal,2021-11-01,,,4
4010,LIONSVILLE METALS LIMITED,LIONSVILLE METALS,former,2020-10-19,2021-10-31,,4
4011,CHRYSOS CORPORATION LIMITED,CHRYSOS CORPORATION,legal,2016-06-21,,,4
4012,AUS TIN MINING LTD,AUS TIN MINING,former,2006-12-01,2022-10-03,,4
4012,AUSNICO LIMITED,AUSNICO,former,2006-12-01,2022-10-03,,4
4012,CLARA RESOURCES AUSTRALIA LTD,CLARA RESOURCES AUSTRALIA,legal,2022-10-04,,,4
4012,D'AGUILAR NICKEL PTY LTD,D AGUILAR NICKEL,former,2006-12-01,2022-10-03,,4
4013,ALCAN AUSTRALIA LIMITED,ALCAN AUSTRALIA,former,1936-11-27,2017-06-19,,4
4013,AUSTRALIAN ALUMINIUM COMPANY LIMITED,AUSTRALIAN ALUMINIUM COMPANY,former,1936-11-27,2017-06-19,,4
4013,BRITISH ALUMINIUM (AUSTRALIA) PROPRIETARY LIMITED,BRITISH ALUMINIUM AUSTRALIA,former,1936-11-27,2017-06-19,,4
4013,CAPRAL ALUMINIUM LIMITED,CAPRAL ALUMINIUM,former,1936-11-27,2017-06-19,,4
4013,CAPRAL LIMITED,CAPRAL,legal,2017-06-20,,,4
4014,CANNINDAH RESOURCES LIMITED,CANNINDAH RESOURCES,legal,2025-11-18,,,4
4014,PLANET METALS LIMITED,PLANET METALS,former,2004-02-26,2025-11-17,,4
4014,QUEENSLAND ORES LIMITED,QUEENSLAND ORES,former,2004-02-26,2025-11-17,,4
4015,ALLIANCE FINANCE CORPORATION LIMITED,ALLIANCE FINANCE CORPORATION,former,1991-06-28,2017-03-15,,4
4015,BIRON PTY. LTD.,BIRON,former,1991-06-28,2017-03-15,,4
4015,CENTREPOINT ALLIANCE LIMITED,CENTREPOINT ALLIANCE,legal,2017-03-16,,,4
4016,CLIME CAPITAL LIMITED,CLIME CAPITAL,legal,2017-05-22,,,4
4016,MONTGOMERY CLIME LIMITED,MONTGOMERY CLIME,former,2003-09-11,2017-05-21,,4
4017,CANN GROUP LIMITED,CANN GROUP,legal,2015-01-30,,,4
4018,CAQ HOLDINGS LIMITED,CAQ,legal,2015-04-20,,,4
4018,CELL AQUACULTURE LTD,CELL AQUACULTURE,former,2000-03-07,2015-04-19,,4
4018,CELL TECHNOLOGIES LTD,CELL TECHNOLOGIES,former,2000-03-07,2015-04-19,,4
4019,CAR GROUP LIMITED,CAR GROUP,legal,2023-10-30,,,4
4019,CARSALES LTD,CARSALES,former,1996-06-18,2023-10-29,,4
4019,CARSALES.COM LIMITED,CARSALES COM,former,1996-06-18,2023-10-29,,4
4019,CARSALES.COM.AU LIMITED,CARSALES COM AU,former,1996-06-18,2023-10-29,,4
4019,DENWARD WAY PTY. LTD.,DENWARD WAY,former,1996-06-18,2023-10-29,,4
4020,CATAPULT GROUP INTERNATIONAL LTD,CATAPULT GROUP INTERNATIONAL,former,2013-06-17,2025-08-07,,4
4020,CATAPULT SPORTS LTD,CATAPULT SPORTS,legal,2025-08-08,,,4
4020,PURPLEBRIDGE PROPRIETARY LIMITED,PURPLEBRIDGE,former,2013-06-17,2025-08-07,,4
4021,CARNAVALE RESOURCES LIMITED,CARNAVALE RESOURCES,legal,2006-04-28,,,4
4022,CANYON RESOURCES LIMITED,CANYON RESOURCES,legal,2010-06-11,,,4
4022,CASTLEMAINE RESOURCES LIMITED,CASTLEMAINE RESOURCES,former,2009-10-19,2010-06-10,,4
4023,CAZALY RESOURCES LIMITED,CAZALY RESOURCES,legal,2003-10-29,,,4
4023,SHERWOOD GOLD LIMITED,SHERWOOD GOLD,former,2002-06-20,2003-10-28,,4
4024,COMMONWEALTH BANK OF AUSTRALIA,COMMONWEALTH BANK OF AUSTRALIA,legal,1991-04-17,,,4
4025,COBRE LIMITED,COBRE,legal,2018-05-18,,,4
4026,CONTROL BIONICS LIMITED,CONTROL BIONICS,legal,2005-07-26,,,4
4027,BOUNDARY BEND LIMITED,BOUNDARY BEND,former,2005-07-06,2021-08-09,,4
4027,COBRAM ESTATE OLIVES LIMITED,COBRAM ESTATE OLIVES,legal,2021-08-10,,,4
4028,CANTERBURY RESOURCES LIMITED,CANTERBURY RESOURCES,legal,2011-07-19,,,4
4029,APOTECH LIMITED,APOTECH,former,2004-01-19,2024-11-20,,4
4029,CLEVER CULTURE SYSTEMS LIMITED,CLEVER CULTURE SYSTEMS,legal,2024-11-21,,,4
4029,LABTECH SYSTEMS LTD,LABTECH SYSTEMS,former,2004-01-19,2024-11-20,,4
4029,LBT INNOVATIONS LIMITED,LBT INNOVATIONS,former,2004-01-19,2024-11-20,,4
4030,CHARIOT CORPORATION LTD,CHARIOT CORPORATION,former,2019-11-19,2025-11-26,,4
4030,CHARIOT RESOURCES LTD,CHARIOT RESOURCES,legal,2025-11-27,,,4
4031,CHANGE FINANCIAL LIMITED,CHANGE FINANCIAL,legal,2017-08-29,,,4
4031,CHIMPCHANGE LIMITED,CHIMPCHANGE,former,2011-05-06,2017-08-28,,4
4032,CARNEGIE CLEAN ENERGY LIMITED,CARNEGIE CLEAN ENERGY,legal,2019-10-28,,,4
4032,CARNEGIE CORPORATION LIMITED,CARNEGIE CORPORATION,former,1987-05-21,2019-10-27,,4
4032,CARNEGIE MINERALS NL,CARNEGIE MINERALS,former,1987-05-21,2019-10-27,,4
4032,CARNEGIE WAVE ENERGY LIMITED,CARNEGIE WAVE ENERGY,former,1987-05-21,2019-10-27,,4
4032,MARLIN EXPLORATION N.L.,MARLIN EXPLORATION N L,former,1987-05-21,2019-10-27,,4
4033,CC TELECOMMUNICATIONS GROUP PTY LTD,CC TELECOMMUNICATIONS GROUP,former,2017-05-18,2020-11-24,,4
4033,COMMS GROUP LTD,COMMS GROUP,legal,2020-11-25,,,4
4033,COMMSCHOICE GROUP LIMITED,COMMSCHOICE GROUP,former,2017-05-18,2020-11-24,,4
4034,CREDIT UNION SERVICES CORPORATION (AUSTRALIA) LIMITED,CREDIT UNION SERVICES CORPORATION AUSTRALIA,former,1997-06-06,2024-11-24,,4
4034,CUSCAL LIMITED,CUSCAL,legal,2024-11-25,,,4
4035,BRITANNIA GOLD NL,BRITANNIA GOLD,former,1993-09-21,2023-11-27,,4
4035,CADOUX LIMITED,CADOUX,legal,2023-11-28,,,4
4035,FREEDOM EYE LTD,FREEDOM EYE,former,1993-09-21,2023-11-27,,4
4035,FYI RESOURCES LIMITED,FYI RESOURCES,former,1993-09-21,2023-11-27,,4
4035,SOLBEC PHARMACEUTICALS LTD,SOLBEC PHARMACEUTICALS,former,1993-09-21,2023-11-27,,4
4036,FIJI KAVA LIMITED,FIJI KAVA,former,2014-05-08,2023-04-16,,4
4036,RED FOX CAPITAL LTD.,RED FOX CAPITAL,former,2014-05-08,2023-04-16,,4
4036,THE CALMER CO INTERNATIONAL LIMITED,THE CALMER CO INTERNATIONAL,legal,2023-04-17,,,4
4037,CREDIT CORP GROUP LIMITED,CREDIT CORP GROUP,legal,2000-05-05,,,4
4038,CREDIT CLEAR LIMITED,CREDIT CLEAR,legal,2015-03-17,,,4
4039,CASH CONVERTERS INTERNATIONAL LIMITED,CASH CONVERTERS INTERNATIONAL,legal,1995-04-21,,,4
4040,CITY CHIC COLLECTIVE LIMITED,CITY CHIC COLLECTIVE,legal,2018-11-21,,,4
4040,MILLER'S RETAIL LIMITED,MILLER S RETAIL,former,1992-09-23,2018-11-20,,4
4040,SPECIALTY FASHION GROUP LIMITED,SPECIALTY FASHION GROUP,former,1992-09-23,2018-11-20,,4
4040,WILSTYLE PTY. LIMITED,WILSTYLE,former,1992-09-23,2018-11-20,,4
4041,CD PRIVATE EQUITY FUND I,CD PRIVATE EQUITY FUND I,legal,2026-08-18,,,4
4042,CD PRIVATE EQUITY FUND II,CD PRIVATE EQUITY FUND II,legal,2026-08-18,,,4
4043,CD PRIVATE EQUITY FUND III,CD PRIVATE EQUITY FUND III,legal,2026-08-18,,,4
4044,CODAN LIMITED,CODAN,legal,2003-11-26,,,4
4044,THE ELECTRONICS INSTRUMENT AND LIGHTING COMPANY PROPRIETARY LIMITED,THE ELECTRONICS INSTRUMENT AND LIGHTING COMPANY,former,1959-07-01,2003-11-25,,4
4045,AUSTRALIS MINING CORPORATION LIMITED,AUSTRALIS MINING CORPORATION,former,2004-04-06,2024-07-31,,4
4045,AUV ENTERPRISES LIMITED,AUV ENTERPRISES,former,2004-04-06,2024-07-31,,4
4045,CODEIFAI LIMITED,CODEIFAI,legal,2024-08-01,,,4
4045,YPB GROUP LTD,YPB GROUP,former,2004-04-06,2024-07-31,,4
4046,CADENCE CAPITAL LIMITED,CADENCE CAPITAL,legal,2005-02-09,,,4
4047,CADENCE OPPORTUNITIES FUND LIMITED,CADENCE OPPORTUNITIES FUND,legal,2018-07-06,,,4
4048,CARINDALE PROPERTY TRUST,CARINDALE PROPERTY TRUST,legal,2026-08-18,,,4
4049,BLACK EAGLE (WA) PTY LTD,BLACK EAGLE WA,former,2014-07-21,2021-06-22,,4
4049,CODRUS MINERALS LIMITED,CODRUS MINERALS,legal,2021-06-23,,,4
4050,CASTLE MINERALS LIMITED,CASTLE MINERALS,legal,2005-09-05,,,4
4051,A.C.N. 628 881 603 LIMITED,A C N 628 881 603,former,2018-09-18,2023-12-12,,4
4051,ARDENT LEISURE GROUP LIMITED,ARDENT LEISURE GROUP,former,2018-09-18,2023-12-12,,4
4051,COAST ENTERTAINMENT HOLDINGS LIMITED,COAST ENTERTAINMENT,legal,2023-12-13,,,4
4052,CHALLENGER ENERGY LIMITED,CHALLENGER ENERGY,former,2007-01-23,2023-06-04,,4
4052,CHALLENGER EXPLORATION LIMITED,CHALLENGER EXPLORATION,former,2007-01-23,2023-06-04,,4
4052,CHALLENGER GOLD LIMITED,CHALLENGER GOLD,legal,2023-06-05,,,4
4052,SUNSET ENERGY LIMITED,SUNSET ENERGY,former,2007-01-23,2023-06-04,,4
4053,CONTACT ENERGY LIMITED,CONTACT ENERGY,legal,1997-11-03,,,4
4054,COMPLII FINTECH SOLUTIONS LTD,COMPLII FINTECH SOLUTIONS,legal,2020-12-15,,,4
4054,G RETAIL LIMITED,G RETAIL,former,2001-09-24,2020-12-14,,4
4054,GOWINGS RETAIL LIMITED,GOWINGS RETAIL,former,2001-09-24,2020-12-14,,4
4054,INTIGER GROUP LIMITED,INTIGER GROUP,former,2001-09-24,2020-12-14,,4
4054,RESOURCE STAR LIMITED,RESOURCE STAR,former,2001-09-24,2020-12-14,,4
4054,RETAIL STAR LIMITED,RETAIL STAR,former,2001-09-24,2020-12-14,,4
4054,STAR STRIKER LIMITED,STAR STRIKER,former,2001-09-24,2020-12-14,,4
4055,CARBONXT GROUP LIMITED,CARBONXT GROUP,legal,2018-01-23,,,4
4055,CENFPU LIMITED,CENFPU,former,2001-06-25,2018-01-22,,4
4056,CHALLENGER FINANCIAL SERVICES GROUP LIMITED,CHALLENGER FINANCIAL SERVICES GROUP,former,2003-11-06,2026-05-24,,4
4056,CHALLENGER LIMITED,CHALLENGER,legal,2026-05-25,,,4
4057,BELRIDGE ARCH PTY. LTD.,BELRIDGE ARCH,former,1998-06-23,2000-09-04,,4
4057,CPT CONSULTING PTY LTD,CPT CONSULTING,former,1998-06-23,2000-09-04,,4
4057,CPT GLOBAL LIMITED,CPT GLOBAL,legal,2000-09-05,,,4
4058,CGN RESOURCES LIMITED,CGN RESOURCES,legal,2023-10-16,,,4
4058,GEOCRYSTAL LIMITED,GEOCRYSTAL,former,2007-02-09,2023-10-15,,4
4059,COGSTATE LTD,COGSTATE,legal,2009-04-29,,,4
4059,EXAMINATION SERVICES FOR PSYCHOLOGY LIMITED,EXAMINATION SERVICES FOR PSYCHOLOGY,former,1999-12-17,2009-04-28,,4
4060,CHARTER HALL GROUP,CHARTER HALL GROUP,legal,2026-08-18,,,4
4061,CHANNEL INFRASTRUCTURE NZ LIMITED,CHANNEL INFRASTRUCTURE NZ,legal,2025-11-19,,,4
4062,CAMPLIFY HOLDINGS LIMITED,CAMPLIFY,legal,2021-01-21,,,4
4063,CHIMERIC THERAPEUTICS LIMITED,CHIMERIC THERAPEUTICS,legal,2020-02-02,,,4
4064,CHALICE GOLD MINES LIMITED,CHALICE GOLD MINES,former,2005-10-13,2020-12-02,,4
4064,CHALICE MINING LIMITED,CHALICE MINING,legal,2020-12-03,,,4
4065,CHARGER METALS NL,CHARGER METALS,legal,2020-11-27,,,4
4066,CHILWA MINERALS LTD,CHILWA MINERALS,legal,2022-02-01,,,4
4067,CHAMPION IRON LIMITED,CHAMPION IRON,legal,2026-08-18,,,4
4068,CARLTON INVESTMENTS LTD,CARLTON INVESTMENTS,legal,1928-11-02,,,4
4069,CENTURIA INDUSTRIAL REIT,CENTURIA INDUSTRIAL REIT,legal,2026-08-18,,,4
4070,CLIME INVESTMENT MANAGEMENT LTD,CLIME INVESTMENT MANAGEMENT,legal,2006-11-09,,,4
4070,HARTLEY POYNTON POOLED DEVELOPMENT LIMITED,HARTLEY POYNTON POOLED DEVELOPMENT,former,1994-11-16,2006-11-08,,4
4070,LOFTUS CAPITAL PARTNERS LIMITED,LOFTUS CAPITAL PARTNERS,former,1994-11-16,2006-11-08,,4
4070,LOFTUS POOLED DEVELOPMENT LIMITED,LOFTUS POOLED DEVELOPMENT,former,1994-11-16,2006-11-08,,4
4071,ALTERA CAPITAL LIMITED,ALTERA CAPITAL,former,1998-05-18,2011-02-20,,4
4071,ALTERA RESOURCES LIMITED,ALTERA RESOURCES,former,1998-05-18,2011-02-20,,4
4071,BIGSHOP.COM.AU LIMITED,BIGSHOP COM AU,former,1998-05-18,2011-02-20,,4
4071,COKAL LIMITED,COKAL,legal,2011-02-21,,,4
4071,FELSAR PTY LTD,FELSAR,former,1998-05-18,2011-02-20,,4
4072,A.C.N. 151 420 781 LTD,A C N 151 420 781,former,2011-06-10,2011-08-03,,4
4072,COLLINS FOODS LIMITED,COLLINS FOODS,legal,2011-08-04,,,4
4073,BLUE FIRE RESOURCES NL,BLUE FIRE RESOURCES,former,1994-09-20,2025-04-16,,4
4073,CARLY HOLDINGS LIMITED,CARLY,former,1994-09-20,2025-04-16,,4
4073,CL8 HOLDINGS LIMITED,CL8,legal,2025-04-17,,,4
4073,COLLABORATE CORPORATION LIMITED,COLLABORATE CORPORATION,former,1994-09-20,2025-04-16,,4
4073,LIVINGSTONE GROUP LTD,LIVINGSTONE GROUP,former,1994-09-20,2025-04-16,,4
4073,LIVINGSTONE RESOURCES N.L.,LIVINGSTONE RESOURCES N L,former,1994-09-20,2025-04-16,,4
4073,QANDA TECHNOLOGY LTD,QANDA TECHNOLOGY,former,1994-09-20,2025-04-16,,4
4073,WEBSPY LIMITED,WEBSPY,former,1994-09-20,2025-04-16,,4
4074,CELSIUS COAL LIMITED,CELSIUS COAL,former,1986-01-20,2016-12-08,,4
4074,CELSIUS RESOURCES LIMITED,CELSIUS RESOURCES,legal,2016-12-09,,,4
4074,GROWTH RESOURCES LIMITED,GROWTH RESOURCES,former,1986-01-20,2016-12-08,,4
4074,GROWTH RESOURCES N.L.,GROWTH RESOURCES N L,former,1986-01-20,2016-12-08,,4
4074,IHG LIMITED,IHG,former,1986-01-20,2016-12-08,,4
4074,SMARTWORLD CORPORATION LIMITED,SMARTWORLD CORPORATION,former,1986-01-20,2016-12-08,,4
4074,VIEW RESOURCES LTD,VIEW RESOURCES,former,1986-01-20,2016-12-08,,4
4075,CLOSE THE LOOP LTD.,CLOSE THE LOOP,legal,2001-01-25,,,4
4076,CLUEY LTD,CLUEY,legal,2020-09-28,,,4
4077,CLOVER CORPORATION LIMITED,CLOVER CORPORATION,legal,1999-11-22,,,4
4077,GOLDRUM PTY. LIMITED,GOLDRUM,former,1988-09-29,1999-11-21,,4
4077,VOTRAINT NO. 471 PTY. LIMITED,VOTRAINT NO 471,former,1988-09-29,1999-11-21,,4
4078,CHARTER HALL LONG WALE REIT,CHARTER HALL LONG WALE REIT,legal,2026-08-18,,,4
4079,CTI LOGISTICS LIMITED,CTI LOGISTICS,legal,2001-09-11,,,4
4079,DAROWA CORPORATION LIMITED,DAROWA CORPORATION,former,1974-06-20,2001-09-10,,4
4080,BROAD RESOURCES LIMITED,BROAD RESOURCES,former,2006-05-01,2013-05-21,,4
4080,CLASSIC MINERALS LIMITED,CLASSIC MINERALS,legal,2013-05-22,,,4
4081,CARMA LIMITED,CARMA,legal,2025-11-03,,,4
4081,CLICKCAR HOLDINGS PTY LTD,CLICKCAR,former,2021-02-19,2025-11-02,,4
4082,CAMBIUM BIO LIMITED,CAMBIUM BIO,legal,2024-04-05,,,4
4082,REGENEUS LTD,REGENEUS,former,2007-08-14,2024-04-04,,4
4082,REGENEX PTY LTD,REGENEX,former,2007-08-14,2024-04-04,,4
4083,CASSIUS MINING LIMITED,CASSIUS MINING,legal,2017-11-20,,,4
4083,GULF INDUSTRIALS LIMITED,GULF INDUSTRIALS,former,2005-06-30,2017-11-19,,4
4083,GULF RESOURCES LIMITED,GULF RESOURCES,former,2005-06-30,2017-11-19,,4
4084,CRITICAL MINERALS GROUP LIMITED,CRITICAL MINERALS GROUP,legal,2021-08-20,,,4
4085,ACCLAIM EXPLORATION NL,ACCLAIM EXPLORATION,former,1983-09-22,2024-08-01,,4
4085,CONNECTED IO LIMITED,CONNECTED IO,former,1983-09-22,2024-08-01,,4
4085,CONNECTED MINERALS LIMITED,CONNECTED MINERALS,legal,2024-08-02,,,4
4085,G8 COMMUNICATIONS LIMITED,G8 COMMUNICATIONS,former,1983-09-22,2024-08-01,,4
4085,LEOPARD RESOURCES NL,LEOPARD RESOURCES,former,1983-09-22,2024-08-01,,4
4085,MC MINING N.L.,MC MINING N L,former,1983-09-22,2024-08-01,,4
4085,TINDALS GOLD MINES N.L.,TINDALS GOLD MINES N L,former,1983-09-22,2024-08-01,,4
4086,CAPRICORN METALS LTD,CAPRICORN METALS,legal,2016-02-04,,,4
4086,MALAGASY MINERALS LIMITED,MALAGASY MINERALS,former,2006-09-22,2016-02-03,,4
4087,COSMO METALS LIMITED,COSMO METALS,legal,2021-08-26,,,4
4088,COMPUMEDICS LIMITED,COMPUMEDICS,legal,2001-02-14,,,4
4088,COMPUMEDICS SLEEP PTY LTD,COMPUMEDICS SLEEP,former,1987-09-30,2001-02-13,,4
4088,SIXTIETH HARPOON PTY. LTD.,SIXTIETH HARPOON,former,1987-09-30,2001-02-13,,4
4089,CROMWELL PROPERTY GROUP,CROMWELL PROPERTY GROUP,legal,2026-08-18,,,4
4090,BAUDIN MINERALS PTY LTD,BAUDIN MINERALS,former,2020-10-09,2025-07-17,,4
4090,CHEMX MATERIALS LIMITED,CHEMX MATERIALS,legal,2025-07-18,,,4
4090,NEXTGEN MATERIALS LIMITED,NEXTGEN MATERIALS,former,2020-10-09,2025-07-17,,4
4091,BERKUT MINERALS LIMITED,BERKUT MINERALS,former,2016-02-19,2019-05-06,,4
4091,CARNABY RESOURCES LIMITED,CARNABY RESOURCES,legal,2019-05-07,,,4
4092,BARAKA ENERGY & RESOURCES LIMITED,BARAKA ENERGY RESOURCES,former,2005-02-11,2024-04-16,,4
4092,BARAKA PETROLEUM LIMITED,BARAKA PETROLEUM,former,2005-02-11,2024-04-16,,4
4092,CONDOR ENERGY LIMITED,CONDOR ENERGY,legal,2024-04-17,,,4
4092,GLOBAL OIL & GAS LIMITED,GLOBAL OIL GAS,former,2005-02-11,2024-04-16,,4
4092,GLOBAL VANADIUM LIMITED,GLOBAL VANADIUM,former,2005-02-11,2024-04-16,,4
4093,CENTURIA CAPITAL GROUP,CENTURIA CAPITAL GROUP,legal,2026-08-18,,,4
4094,CONICO LTD,CONICO,legal,2013-07-09,,,4
4094,FISSION ENERGY LTD,FISSION ENERGY,former,2006-03-30,2013-07-08,,4
4095,CLEAN TEQ WATER LIMITED,CLEAN TEQ WATER,legal,2021-02-15,,,4
4096,CHORUS LIMITED,CHORUS,legal,2011-08-24,,,4
4097,COBALT BLUE HOLDINGS LIMITED,COBALT BLUE,legal,2016-08-26,,,4
4098,CODA MINERALS LTD,CODA MINERALS,legal,2020-10-26,,,4
4098,KOBALAMIN LTD.,KOBALAMIN,former,2018-04-26,2020-10-25,,4
4099,CENTURIA OFFICE REIT,CENTURIA OFFICE REIT,legal,2026-08-18,,,4
4100,ARMIDALE INVESTMENT CORPORATION LIMITED,ARMIDALE INVESTMENT CORPORATION,former,2002-06-11,2020-11-12,,4
4100,COG FINANCIAL SERVICES LIMITED,COG FINANCIAL SERVICES,legal,2020-11-13,,,4
4100,CONSOLIDATED OPERATIONS GROUP LIMITED,CONSOLIDATED OPERATIONS GROUP,former,2002-06-11,2020-11-12,,4
4100,WALLACE ABSOLUTE RETURN LIMITED,WALLACE ABSOLUTE RETURN,former,2002-06-11,2020-11-12,,4
4101,COCHLEAR LIMITED,COCHLEAR,legal,1997-02-24,,,4
4101,NEXUS BIOMEDICAL PTY LTD,NEXUS BIOMEDICAL,former,1983-06-08,1997-02-23,,4
4102,COMET RIDGE LTD,COMET RIDGE,legal,2003-08-28,,,4
4103,COLES GROUP LIMITED,COLES GROUP,legal,2018-11-21,,,4
4103,COLES MYER LTD.,COLES MYER,former,1921-07-01,2018-11-20,,4
4103,G.J. COLES & COY. LIMITED,G J COLES COY,former,1921-07-01,2018-11-20,,4
4104,A.C.N. 635 371 363 PTY LTD,A C N 635 371 363,former,2019-08-07,2020-01-21,,4
4104,COSOL LIMITED,COSOL,legal,2020-01-22,,,4
4105,CLEO DIAGNOSTICS LTD,CLEO DIAGNOSTICS,legal,2021-11-30,,,4
4106,COPPERMOLY LIMITED,COPPERMOLY,legal,2007-07-27,,,4
4107,CANADIAN PHOSPHATE LIMITED,CANADIAN PHOSPHATE,legal,2025-02-21,,,4
4107,FERTOZ LIMITED,FERTOZ,former,2010-08-24,2025-02-20,,4
4108,COOPER METALS LIMITED,COOPER METALS,legal,2021-02-02,,,4
4109,CASPIN RESOURCES LIMITED,CASPIN RESOURCES,legal,2020-06-17,,,4
4110,CULPEO MINERALS LIMITED,CULPEO MINERALS,legal,2018-07-25,,,4
4111,COMPUTERSHARE LIMITED,COMPUTERSHARE,legal,2002-09-27,,,4
4111,DELPHIC ROSE PTY. LTD.,DELPHIC ROSE,former,1978-10-18,2002-09-26,,4
4111,HALIFAX COMPUTERSHARE PTY. LTD.,HALIFAX COMPUTERSHARE,former,1978-10-18,2002-09-26,,4
4112,CLEARVUE TECHNOLOGIES LIMITED,CLEARVUE TECHNOLOGIES,legal,2026-03-31,,,4
4112,TROPIGLAS PTY. LTD.,TROPIGLAS,former,1995-11-13,2026-03-30,,4
4112,TROPIGLAS TECHNOLOGIES LTD,TROPIGLAS TECHNOLOGIES,former,1995-11-13,2026-03-30,,4
4113,CHARTER HALL SOCIAL INFRASTRUCTURE REIT,CHARTER HALL SOCIAL INFRASTRUCTURE REIT,legal,2026-08-18,,,4
4114,CHARTER HALL RETAIL REIT,CHARTER HALL RETAIL REIT,legal,2026-08-18,,,4
4115,ATCOR MEDICAL HOLDINGS LIMITED,ATCOR MEDICAL,former,2005-03-07,2025-09-16,,4
4115,CARDIEX LIMITED,CARDIEX,former,2005-03-07,2025-09-16,,4
4115,CONNEQT HEALTH LIMITED,CONNEQT HEALTH,legal,2025-09-17,,,4
4116,ALEXANDER CABLE GROUP PTY LTD,ALEXANDER CABLE GROUP,former,2011-09-09,2018-07-25,,4
4116,CONSTELLATION RESOURCES LIMITED,CONSTELLATION RESOURCES,legal,2018-07-26,,,4
4116,FRASER RANGE EXPLORATION PTY LTD,FRASER RANGE EXPLORATION,former,2011-09-09,2018-07-25,,4
4116,GIANT RESOURCES PTY LTD,GIANT RESOURCES,former,2011-09-09,2018-07-25,,4
4117,AMLINK GROUP LIMITED,AMLINK GROUP,former,1985-01-11,2024-12-04,,4
4117,AMLINK LIMITED,AMLINK,former,1985-01-11,2024-12-04,,4
4117,AMLINK TECHNOLOGIES LIMITED,AMLINK TECHNOLOGIES,former,1985-01-11,2024-12-04,,4
4117,AUSTRALIAN METALS EXCHANGE LIMITED,AUSTRALIAN METALS EXCHANGE,former,1985-01-11,2024-12-04,,4
4117,CORE ENERGY MINERALS LTD,CORE ENERGY MINERALS,legal,2024-12-05,,,4
4117,GANDESA LTD,GANDESA,former,1985-01-11,2024-12-04,,4
4117,GLOBAL APPROACH LIMITED,GLOBAL APPROACH,former,1985-01-11,2024-12-04,,4
4117,OAKDALE RESOURCES LIMITED,OAKDALE RESOURCES,former,1985-01-11,2024-12-04,,4
4117,OAR RESOURCES LIMITED,OAR RESOURCES,former,1985-01-11,2024-12-04,,4
4117,TEYS LIMITED,TEYS,former,1985-01-11,2024-12-04,,4
4118,CARBINE RESOURCES LIMITED,CARBINE RESOURCES,legal,2006-12-04,,,4
4119,CONRAD ASIA ENERGY LTD.,CONRAD ASIA ENERGY,legal,2022-10-25,,,4
4119,CONRAD PETROLEUM LTD.,CONRAD PETROLEUM,former,2021-12-23,2022-10-24,,4
4120,CRITICA LIMITED,CRITICA,legal,2024-09-05,,,4
4120,VENTURE MINERALS LIMITED,VENTURE MINERALS,former,2006-05-12,2024-09-04,,4
4121,CORONADO GLOBAL RESOURCES INC.,CORONADO GLOBAL RESOURCES,legal,2018-09-13,,,4
4122,CRITICAL RESOURCES LIMITED,CRITICAL RESOURCES,legal,2021-05-27,,,4
4122,FORCE COMMODITIES LIMITED,FORCE COMMODITIES,former,2010-08-10,2021-05-26,,4
4122,SOVEREIGN GOLD COMPANY LIMITED,SOVEREIGN GOLD COMPANY,former,2010-08-10,2021-05-26,,4
4123,CAPRICE RESOURCES LTD,CAPRICE RESOURCES,legal,2018-03-20,,,4
4124,CAPSTONE COPPER CORP.,CAPSTONE COPPER CORP,legal,2023-12-19,,,4
4125,COMMONWEALTH SERUM LABORATORIES LIMITED,COMMONWEALTH SERUM LABORATORIES,former,1991-04-01,2010-12-02,,4
4125,CSL LIMITED,CSL,legal,2010-12-03,,,4
4126,CASTILE RESOURCES LTD,CASTILE RESOURCES,legal,2007-03-08,,,4
4127,CLEANSPACE HOLDINGS LIMITED,CLEANSPACE,legal,2020-10-22,,,4
4127,PAFTEC HOLDINGS NO.2 PTY LIMITED,PAFTEC HOLDINGS NO 2,former,2011-04-01,2020-10-21,,4
4127,PAFTEC PTY LTD,PAFTEC,former,2011-04-01,2020-10-21,,4
4128,AGENIX LIMITED,AGENIX,former,1987-01-15,2020-05-31,,4
4128,BIOTECH INTERNATIONAL LTD,BIOTECH INTERNATIONAL,former,1987-01-15,2020-05-31,,4
4128,CCP TECHNOLOGIES LIMITED,CCP TECHNOLOGIES,former,1987-01-15,2020-05-31,,4
4128,CONSTELLATION TECHNOLOGIES LIMITED,CONSTELLATION TECHNOLOGIES,legal,2020-06-01,,,4
4128,UNIFUND (AUSTRALIA) LIMITED,UNIFUND AUSTRALIA,former,1987-01-15,2020-05-31,,4
4129,CORPORATE TRAVEL HOLDINGS PTY LTD,CORPORATE TRAVEL,former,2008-05-21,2014-12-10,,4
4129,CORPORATE TRAVEL MANAGEMENT LIMITED,CORPORATE TRAVEL MANAGEMENT,legal,2014-12-11,,,4
4130,AUSTRALIAN BIOLOGICALS REGISTRY PTY LTD,AUSTRALIAN BIOLOGICALS REGISTRY,former,1999-12-14,2002-05-05,,4
4130,CRYOSITE LIMITED,CRYOSITE,legal,2002-05-06,,,4
4131,CENTAURUS METALS LIMITED,CENTAURUS METALS,legal,2010-04-06,,,4
4131,GLENGARRY RESOURCES LIMITED,GLENGARRY RESOURCES,former,1990-08-01,2010-04-05,,4
4131,GLENGARRY RESOURCES N.L.,GLENGARRY RESOURCES N L,former,1990-08-01,2010-04-05,,4
4132,CATALINA RESOURCES LTD,CATALINA RESOURCES,legal,2022-11-28,,,4
4132,SHREE MINERALS LIMITED,SHREE MINERALS,former,2008-04-14,2022-11-27,,4
4133,CHARTERS TOWERS GOLD MINES LIMITED,CHARTERS TOWERS GOLD MINES,former,1993-07-02,2009-01-11,,4
4133,CHARTERS TOWERS GOLD MINES N.L.,CHARTERS TOWERS GOLD MINES N L,former,1993-07-02,2009-01-11,,4
4133,CITIGOLD CORPORATION LIMITED,CITIGOLD CORPORATION,legal,2009-01-12,,,4
4134,CENTRAL PETROLEUM LIMITED,CENTRAL PETROLEUM,legal,2006-03-02,,,4
4134,MERLIN PETROLEUM LIMITED,MERLIN PETROLEUM,former,1998-07-02,2006-03-01,,4
4134,MERLIN SYNERGY NL,MERLIN SYNERGY,former,1998-07-02,2006-03-01,,4
4135,CARETEQ LIMITED,CARETEQ,legal,2022-01-07,,,4
4135,UNISONO PTY LTD,UNISONO,former,2016-05-07,2022-01-06,,4
4136,CERETAS LIMITED,CERETAS,legal,2024-10-21,,,4
4137,CETTIRE LIMITED,CETTIRE,legal,2020-10-29,,,4
4138,CLARITY PHARMACEUTICALS LTD,CLARITY PHARMACEUTICALS,legal,2010-04-08,,,4
4139,CUE ENERGY RESOURCES LIMITED,CUE ENERGY RESOURCES,legal,2017-06-20,,,4
4139,CUE ENERGY RESOURCES NO LIABILITY,CUE ENERGY RESOURCES NO LIABILITY,former,2005-02-08,2017-06-19,,4
4140,BUKA GOLD HOLDINGS LIMITED,BUKA GOLD,former,2005-02-01,2021-11-23,,4
4140,CUFE LTD,CUFE,legal,2021-11-24,,,4
4140,FE LIMITED,FE,former,2005-02-01,2021-11-23,,4
4141,CULLEN RESOURCES LIMITED,CULLEN RESOURCES,legal,2002-09-27,,,4
4141,MONTAGUE GOLD N.L.,MONTAGUE GOLD N L,former,1982-06-08,2002-09-26,,4
4141,SOUTH EASTERN PETROLEUM N.L.,SOUTH EASTERN PETROLEUM N L,former,1982-06-08,2002-09-26,,4
4142,COUNT LIMITED,COUNT,legal,2023-05-04,,,4
4142,COUNTPLUS LIMITED,COUNTPLUS,former,2007-08-10,2023-05-03,,4
4143,CLINUVEL PHARMACEUTICALS LIMITED,CLINUVEL PHARMACEUTICALS,legal,2006-02-23,,,4
4143,EPITAN LIMITED,EPITAN,former,1999-12-14,2006-02-22,,4
4144,CURVEBEAM AI LIMITED,CURVEBEAM AI,legal,2023-08-23,,,4
4144,STRAXCORP PTY. LTD.,STRAXCORP,former,2009-11-23,2023-08-22,,4
4145,CONTINENTAL VENTURE CAPITAL LTD,CONTINENTAL VENTURE CAPITAL,former,1984-01-11,2025-11-27,,4
4145,CVC LIMITED,CVC,legal,2025-11-28,,,4
4146,CIVMEC AUSTRALIA LIMITED,CIVMEC AUSTRALIA,former,2023-10-26,2025-08-27,,4
4146,CIVMEC LIMITED,CIVMEC,legal,2025-08-28,,,4
4147,CARNARVON ENERGY LIMITED,CARNARVON ENERGY,legal,2021-11-15,,,4
4147,CARNARVON PETROLEUM LIMITED,CARNARVON PETROLEUM,former,1983-12-14,2021-11-14,,4
4147,METANA PETROLEUM N.L.,METANA PETROLEUM N L,former,1983-12-14,2021-11-14,,4
4147,ORCA PETROLEUM N L,ORCA PETROLEUM N L,former,1983-12-14,2021-11-14,,4
4148,CAVALIER RESOURCES LIMITED,CAVALIER RESOURCES,legal,2022-06-15,,,4
4148,SPECREZ PTY LTD,SPECREZ,former,2019-08-28,2022-06-14,,4
4149,CARAVEL MINERALS LIMITED,CARAVEL MINERALS,legal,2012-11-19,,,4
4149,SILVER SWAN GROUP LIMITED,SILVER SWAN GROUP,former,2006-06-06,2012-11-18,,4
4150,CLEARVIEW WEALTH LIMITED,CLEARVIEW WEALTH,legal,2010-06-09,,,4
4150,LIC NO.1 LIMITED,LIC NO 1,former,2003-09-09,2010-06-08,,4
4150,MMC CONTRARIAN LIMITED,MMC CONTRARIAN,former,2003-09-09,2010-06-08,,4
4151,CEDAR WOODS LTD,CEDAR WOODS,former,1987-07-21,2003-08-27,,4
4151,CEDAR WOODS PROPERTIES LIMITED,CEDAR WOODS PROPERTIES,legal,2003-08-28,,,4
4152,CLEANAWAY WASTE MANAGEMENT LIMITED,CLEANAWAY WASTE MANAGEMENT,legal,2019-06-05,,,4
4152,TRANSPACIFIC INDUSTRIES GROUP LTD,TRANSPACIFIC INDUSTRIES GROUP,former,2002-06-28,2019-06-04,,4
4152,WESTERN STAR TRUCKS INVESTMENTS LIMITED,WESTERN STAR TRUCKS INVESTMENTS,former,2002-06-28,2019-06-04,,4
4153,CALIX LTD,CALIX,legal,2005-11-30,,,4
4154,CORE EXPLORATION LTD,CORE EXPLORATION,former,2010-09-10,2018-11-08,,4
4154,CORE LITHIUM LTD,CORE LITHIUM,legal,2018-11-09,,,4
4155,CAULDRON ENERGY LIMITED,CAULDRON ENERGY,legal,2009-05-26,,,4
4155,SCIMITAR RESOURCES LIMITED,SCIMITAR RESOURCES,former,2002-11-21,2009-05-25,,4
4156,CONNEXION MEDIA LIMITED,CONNEXION MEDIA,former,1945-06-26,2023-11-16,,4
4156,CONNEXION MOBILITY LTD,CONNEXION MOBILITY,legal,2023-11-17,,,4
4156,CONNEXION TELEMATICS LTD,CONNEXION TELEMATICS,former,1945-06-26,2023-11-16,,4
4156,ECSI LIMITED,ECSI,former,1945-06-26,2023-11-16,,4
4156,HENRY B. SMITH LIMITED,HENRY B SMITH,former,1945-06-26,2023-11-16,,4
4156,OMNI GROUP LIMITED,OMNI GROUP,former,1945-06-26,2023-11-16,,4
4157,CRATON GOLD PTY LTD,CRATON GOLD,former,2015-11-03,2023-02-07,,4
4157,CYGNUS GOLD LIMITED,CYGNUS GOLD,former,2015-11-03,2023-02-07,,4
4157,CYGNUS METALS LIMITED,CYGNUS METALS,legal,2023-02-08,,,4
4157,DA EXPLORATION PTY LTD,DA EXPLORATION,former,2015-11-03,2023-02-07,,4
4158,AUCYBER LIMITED,AUCYBER,legal,2024-10-22,,,4
4158,AUK CLOUD HOLDINGS PTY LTD,AUK CLOUD,former,2017-11-08,2024-10-21,,4
4158,SOVEREIGN CLOUD HOLDINGS LIMITED,SOVEREIGN CLOUD,former,2017-11-08,2024-10-21,,4
4159,CYCLOPHARM LIMITED,CYCLOPHARM,legal,2005-10-31,,,4
4160,COVENTRY GROUP LIMITED,COVENTRY GROUP,legal,1997-03-11,,,4
4160,COVENTRY MOTOR REPLACEMENTS LTD,COVENTRY MOTOR REPLACEMENTS,former,1936-01-17,1997-03-10,,4
4161,CATALYST METALS LIMITED,CATALYST METALS,legal,2006-07-19,,,4
4161,GROSVENOR RESOURCES LIMITED,GROSVENOR RESOURCES,former,2006-03-21,2006-07-18,,4
4162,ARC EXPLORATION LIMITED,ARC EXPLORATION,former,1983-11-21,2019-06-16,,4
4162,AUSTINDO RESOURCES CORPORATION N.L.,AUSTINDO RESOURCES CORPORATION N L,former,1983-11-21,2019-06-16,,4
4162,CARRIE PACIFIC HOLDINGS LIMITED,CARRIE PACIFIC,former,1983-11-21,2019-06-16,,4
4162,CYPRIUM METALS LIMITED,CYPRIUM METALS,legal,2019-06-17,,,4
4162,EAST WEST MINERALS N L,EAST WEST MINERALS N L,former,1983-11-21,2019-06-16,,4
4162,HMH GOLD MINING CORPORATION LIMITED,HMH GOLD MINING CORPORATION,former,1983-11-21,2019-06-16,,4
4162,VOTRAINT (NO 41) N L,VOTRAINT NO 41 N L,former,1983-11-21,2019-06-16,,4
4163,CYNATA THERAPEUTICS LIMITED,CYNATA THERAPEUTICS,legal,2016-08-19,,,4
4163,ECO QUEST LIMITED,ECO QUEST,former,2003-03-12,2016-08-18,,4
4163,SENEVENS INTERNATIONAL LTD,SENEVENS INTERNATIONAL,former,2003-03-12,2016-08-18,,4
4164,CYCLIQ GROUP LTD,CYCLIQ GROUP,legal,2016-11-24,,,4
4164,MODENA RESOURCES LIMITED,MODENA RESOURCES,former,2006-05-17,2016-11-23,,4
4164,SNOWDOME INVESTMENTS LIMITED,SNOWDOME INVESTMENTS,former,2006-05-17,2016-11-23,,4
4164,SPRINT ENERGY LIMITED,SPRINT ENERGY,former,2006-05-17,2016-11-23,,4
4164,VOYAGER GLOBAL GROUP LTD,VOYAGER GLOBAL GROUP,former,2006-05-17,2016-11-23,,4
4165,CERYVYN THERAPEUTICS LIMITED,CERYVYN THERAPEUTICS,legal,2026-07-06,,,4
4165,CIRCADIAN PHARMACEUTICALS LIMITED,CIRCADIAN PHARMACEUTICALS,former,1984-10-17,2026-07-05,,4
4165,CIRCADIAN TECHNOLOGIES LIMITED,CIRCADIAN TECHNOLOGIES,former,1984-10-17,2026-07-05,,4
4165,OPTHEA LIMITED,OPTHEA,former,1984-10-17,2026-07-05,,4
4166,CORAZON MINING LIMITED,CORAZON MINING,legal,2010-06-30,,,4
4166,GRAYNIC METALS LIMITED,GRAYNIC METALS,former,2005-02-10,2010-06-29,,4
4166,XANADU RESOURCES LIMITED,XANADU RESOURCES,former,2005-02-10,2010-06-29,,4
4167,COZIRON RESOURCES LTD,COZIRON RESOURCES,former,2005-02-09,2020-09-14,,4
4167,CZR RESOURCES LTD,CZR RESOURCES,legal,2020-09-15,,,4
4167,OZLINK RESOURCES LIMITED,OZLINK RESOURCES,former,2005-02-09,2020-09-14,,4
4168,D3 ENERGY LIMITED,D3 ENERGY,legal,2021-04-07,,,4
4169,BARU RESOURCES LIMITED,BARU RESOURCES,former,2010-11-23,2021-12-01,,4
4169,DISCOVERY AFRICA LIMITED,DISCOVERY AFRICA,former,2010-11-23,2021-12-01,,4
4169,DISCOVERY ALASKA LIMITED,DISCOVERY ALASKA,legal,2021-12-02,,,4
4170,13 SEEDS LTD,13 SEEDS,former,2016-08-19,2025-03-04,,4
4170,DECIDR AI INDUSTRIES LTD,DECIDR AI INDUSTRIES,legal,2025-03-05,,,4
4170,LIVE VERDURE LTD,LIVE VERDURE,former,2016-08-19,2025-03-04,,4
4171,DALAROO METALS LTD,DALAROO METALS,legal,2021-03-05,,,4
4172,DUXTON BROADACRE FARMS LIMITED,DUXTON BROADACRE FARMS,former,2008-01-16,2021-12-05,,4
4172,DUXTON FARMS LTD,DUXTON FARMS,legal,2021-12-06,,,4
4172,MALLOW 1 PTY LTD,MALLOW 1,former,2008-01-16,2021-12-05,,4
4172,MERRIMENT RURAL INVESTMENTS PTY LTD,MERRIMENT RURAL INVESTMENTS,former,2008-01-16,2021-12-05,,4
4173,DALRYMPLE BAY INFRASTRUCTURE LIMITED,DALRYMPLE BAY INFRASTRUCTURE,legal,2022-12-08,,,4
4173,EMERALD INFRASTRUCTURE GROUP LIMITED,EMERALD INFRASTRUCTURE GROUP,former,2020-08-07,2022-12-07,,4
4174,DIABLO RESOURCES LIMITED,DIABLO RESOURCES,legal,2021-04-01,,,4
4175,DIGITAL CC LIMITED,DIGITAL CC,former,1988-08-02,2015-12-06,,4
4175,DIGITALX LTD,DIGITALX,legal,2015-12-07,,,4
4175,MACRO ENERGY LTD,MACRO ENERGY,former,1988-08-02,2015-12-06,,4
4175,VERUS INVESTMENTS LIMITED,VERUS INVESTMENTS,former,1988-08-02,2015-12-06,,4
4175,WESTERN PASTORAL LIMITED,WESTERN PASTORAL,former,1988-08-02,2015-12-06,,4
4176,DICKER DATA LIMITED,DICKER DATA,legal,2011-01-20,,,4
4176,DICKER DATA PROJECTS PTY LTD,DICKER DATA PROJECTS,former,1972-01-20,2011-01-19,,4
4176,J & D HOMAIRE SYSTEMS PTY LTD,J D HOMAIRE SYSTEMS,former,1972-01-20,2011-01-19,,4
4176,RODIN COMPUTER CORPORATION PTY. LIMITED,RODIN COMPUTER CORPORATION,former,1972-01-20,2011-01-19,,4
4176,RODIN CORPORATION PTY LIMITED,RODIN CORPORATION,former,1972-01-20,2011-01-19,,4
4177,DATADOT TECHNOLOGY LIMITED,DATADOT TECHNOLOGY,legal,2005-01-11,,,4
4177,MICRODATA TECHNOLOGY LIMITED,MICRODATA TECHNOLOGY,former,2000-03-09,2005-01-10,,4
4177,MICRODOT TECHNOLOGY LIMITED,MICRODOT TECHNOLOGY,former,2000-03-09,2005-01-10,,4
4178,DELOREAN CORPORATION LIMITED,DELOREAN CORPORATION,legal,2019-12-17,,,4
4179,DE.MEM LIMITED,DE MEM,legal,2016-09-12,,,4
4180,DESOTO RESOURCES LIMITED,DESOTO RESOURCES,legal,2022-04-01,,,4
4181,BULLION GOLD LIMITED,BULLION GOLD,former,1969-12-01,2017-11-28,,4
4181,BULLION GOLD N.L.,BULLION GOLD N L,former,1969-12-01,2017-11-28,,4
4181,BULLION MINERALS LTD,BULLION MINERALS,former,1969-12-01,2017-11-28,,4
4181,DEVEX RESOURCES LIMITED,DEVEX RESOURCES,legal,2017-11-29,,,4
4181,TASSOIL LIMITED,TASSOIL,former,1969-12-01,2017-11-28,,4
4181,THESEUS EXPLORATION LIMITED,THESEUS EXPLORATION,former,1969-12-01,2017-11-28,,4
4181,THESEUS EXPLORATION N.L.,THESEUS EXPLORATION N L,former,1969-12-01,2017-11-28,,4
4181,THESEUS INVESTMENTS LIMITED,THESEUS INVESTMENTS,former,1969-12-01,2017-11-28,,4
4181,URANIUM EQUITIES LIMITED,URANIUM EQUITIES,former,1969-12-01,2017-11-28,,4
4182,DESANE GROUP HOLDINGS LTD,DESANE GROUP,legal,2004-04-21,,,4
4182,LYMATE LTD,LYMATE,former,1986-10-24,2004-04-20,,4
4183,BIOMECCA AUSTRALIA LTD,BIOMECCA AUSTRALIA,former,1984-06-22,2021-05-19,,4
4183,DGL ENVIRONMENTAL PTY LTD,DGL ENVIRONMENTAL,former,1984-06-22,2021-05-19,,4
4183,DGL GROUP LIMITED,DGL GROUP,legal,2021-05-20,,,4
4183,HYDROMET CORPORATION LIMITED,HYDROMET CORPORATION,former,1984-06-22,2021-05-19,,4
4184,D'AGUILAR GOLD LIMITED,D AGUILAR GOLD,former,1991-07-01,2011-11-06,,4
4184,DGR GLOBAL LIMITED,DGR GLOBAL,legal,2011-11-07,,,4
4184,WARALUCK MINING PTY LIMITED,WARALUCK MINING,former,1991-07-01,2011-11-06,,4
4184,WARALUCK PTY. LTD.,WARALUCK,former,1991-07-01,2011-11-06,,4
4185,DIGICO INFRASTRUCTURE REIT,DIGICO INFRASTRUCTURE REIT,legal,2026-08-18,,,4
4186,DJERRIWARRH INVESTMENTS LIMITED,DJERRIWARRH INVESTMENTS,legal,2017-06-20,,,4
4186,GROMBY PTY. LTD.,GROMBY,former,1987-10-13,2017-06-19,,4
4187,DUKETON MINING LIMITED,DUKETON MINING,legal,2012-06-20,,,4
4188,ALLSTRONG INVESTMENTS PTY LTD,ALLSTRONG INVESTMENTS,former,2003-12-02,2023-04-26,,4
4188,DELTA LITHIUM LIMITED,DELTA LITHIUM,legal,2023-04-27,,,4
4188,MINEMAKERS TTT PTY LTD,MINEMAKERS TTT,former,2003-12-02,2023-04-26,,4
4188,RED DIRT METALS LIMITED,RED DIRT METALS,former,2003-12-02,2023-04-26,,4
4188,TNT MINES LIMITED,TNT MINES,former,2003-12-02,2023-04-26,,4
4189,DALY RESOURCES LIMITED,DALY RESOURCES,legal,2022-11-22,,,4
4190,DESERT METALS LIMITED,DESERT METALS,legal,2017-03-29,,,4
4191,DOME GOLD MINES LTD,DOME GOLD MINES,legal,2011-07-08,,,4
4192,DOMINO'S PIZZA AUSTRALIA NEW ZEALAND LIMITED,DOMINO S PIZZA AUSTRALIA NEW ZEALAND,former,1983-12-30,2006-12-17,,4
4192,DOMINO'S PIZZA AUSTRALIA PTY LTD,DOMINO S PIZZA AUSTRALIA,former,1983-12-30,2006-12-17,,4
4192,DOMINO'S PIZZA ENTERPRISES LIMITED,DOMINO S PIZZA ENTERPRISES,legal,2006-12-18,,,4
4192,EXELMAN LIMITED,EXELMAN,former,1983-12-30,2006-12-17,,4
4192,SILVIO'S DIAL-A-PIZZA PTY LTD.,SILVIO S DIAL A PIZZA,former,1983-12-30,2006-12-17,,4
4193,DOMINION INCOME TRUST 1,DOMINION INCOME TRUST 1,legal,2026-08-18,,,4
4194,DYNO NOBEL LIMITED,DYNO NOBEL,legal,2025-03-31,,,4
4194,INCITEC PIVOT LIMITED,INCITEC PIVOT,former,1919-04-28,2025-03-30,,4
4194,PIVOT LIMITED,PIVOT,former,1919-04-28,2025-03-30,,4
4194,THE PHOSPHATE CO-OPERATIVE COMPANY OF AUSTRALIA LIMITED,THE PHOSPHATE CO OPERATIVE COMPANY OF AUSTRALIA,former,1919-04-28,2025-03-30,,4
4195,DOCTOR CARE ANYWHERE GROUP PLC,DOCTOR CARE ANYWHERE GROUP PLC,legal,2020-10-29,,,4
4196,DOWNER EDI LIMITED,DOWNER EDI,legal,2003-09-29,,,4
4196,DOWNER GROUP LIMITED,DOWNER GROUP,former,1989-09-21,2003-09-28,,4
4196,INTERNATIONAL PACIFIC INVESTMENTS LIMITED,INTERNATIONAL PACIFIC INVESTMENTS,former,1989-09-21,2003-09-28,,4
4197,DPM METALS INC.,DPM METALS,legal,2025-10-14,,,4
4197,DUNDEE PRECIOUS METALS INC.,DUNDEE PRECIOUS METALS,former,2025-07-24,2025-10-13,,4
4198,DREADNOUGHT RESOURCES LTD,DREADNOUGHT RESOURCES,legal,2019-02-25,,,4
4198,ERO MINING LIMITED,ERO MINING,former,2006-03-29,2019-02-24,,4
4198,EROMANGA URANIUM LIMITED,EROMANGA URANIUM,former,2006-03-29,2019-02-24,,4
4198,TYCHEAN RESOURCES LTD,TYCHEAN RESOURCES,former,2006-03-29,2019-02-24,,4
4199,DRONESHIELD LIMITED,DRONESHIELD,legal,2015-11-04,,,4
4200,A.C.N. 641 743 348 LIMITED,A C N 641 743 348,former,2020-06-15,2020-10-21,,4
4200,DETERRA ROYALTIES LIMITED,DETERRA ROYALTIES,legal,2020-10-22,,,4
4201,DIATREME RESOURCES LIMITED,DIATREME RESOURCES,legal,2005-06-17,,,4
4201,MINSTRIKE LIMITED,MINSTRIKE,former,1993-08-10,2005-06-16,,4
4201,MINSTRIKE MINING PTY LTD,MINSTRIKE MINING,former,1993-08-10,2005-06-16,,4
4201,STRIKE EXPLORATION PTY LIMITED,STRIKE EXPLORATION,former,1993-08-10,2005-06-16,,4
4202,DUSK GROUP LIMITED,DUSK GROUP,legal,2020-10-30,,,4
4202,DUSK RETAIL GROUP HOLDINGS PTY LIMITED,DUSK RETAIL GROUP,former,2014-11-24,2020-10-29,,4
4203,DESERT MINERALS LTD,DESERT MINERALS,legal,2024-09-02,,,4
4204,DATA#3 LIMITED.,DATA 3,legal,1984-11-08,,,4
4205,DART MINING NL,DART MINING,legal,2006-05-26,,,4
4206,CONTO RESOURCES LIMITED,CONTO RESOURCES,former,2011-02-03,2013-12-01,,4
4206,DATELINE RESOURCES LIMITED,DATELINE RESOURCES,legal,2013-12-02,,,4
4207,DOTZ NANO LIMITED,DOTZ NANO,legal,2016-10-31,,,4
4207,NORTHERN IRON LIMITED,NORTHERN IRON,former,2007-05-22,2016-10-30,,4
4208,CRUCIBLE GOLD LIMITED,CRUCIBLE GOLD,former,1999-10-01,2014-12-14,,4
4208,DUBBER CORPORATION LIMITED,DUBBER CORPORATION,legal,2014-12-15,,,4
4208,OLEA AUSTRALIS LIMITED,OLEA AUSTRALIS,former,1999-10-01,2014-12-14,,4
4209,DOWNUNDER GEOSOLUTIONS (AUSTRALIA) LIMITED,DOWNUNDER GEOSOLUTIONS AUSTRALIA,former,2014-06-05,2020-08-09,,4
4209,DUG TECHNOLOGY LTD,DUG TECHNOLOGY,legal,2020-08-10,,,4
4210,DUNDAS MINERALS LIMITED,DUNDAS MINERALS,legal,2021-11-08,,,4
4210,TIM'S FIND PTY LTD,TIM S FIND,former,2020-04-21,2021-11-07,,4
4211,DURATEC AUSTRALIA PTY LTD,DURATEC AUSTRALIA,former,2010-01-22,2020-11-02,,4
4211,DURATEC LIMITED,DURATEC,legal,2020-11-03,,,4
4211,GIUMELLI CONSTRUCTION PTY LTD,GIUMELLI CONSTRUCTION,former,2010-01-22,2020-11-02,,4
4211,KIEWIT PTY LTD,KIEWIT,former,2010-01-22,2020-11-02,,4
4211,SERTECH PTY LTD,SERTECH,former,2010-01-22,2020-11-02,,4
4212,DORSAVI LTD,DORSAVI,legal,2013-12-10,,,4
4212,DORVASI PTY LTD,DORVASI,former,2008-02-18,2013-12-09,,4
4212,PRO-ACTIVE MEDICAL PTY LTD,PRO ACTIVE MEDICAL,former,2008-02-18,2013-12-09,,4
4213,DEVELOP GLOBAL LIMITED,DEVELOP GLOBAL,legal,2021-10-01,,,4
4213,JUTT HOLDINGS LIMITED,JUTT,former,2006-10-13,2021-09-30,,4
4213,VENTUREX RESOURCES LIMITED,VENTUREX RESOURCES,former,2006-10-13,2021-09-30,,4
4214,DATAWORKS GROUP LIMITED,DATAWORKS GROUP,legal,2025-03-17,,,4
4214,IXUP HOLDINGS LIMITED,IXUP,former,2016-05-03,2025-03-16,,4
4215,AUSFOR LTD.,AUSFOR,former,1975-05-13,2015-11-25,,4
4215,DIMERIX LIMITED,DIMERIX,legal,2015-11-26,,,4
4215,HARRINGTON GROUP LIMITED,HARRINGTON GROUP,former,1975-05-13,2015-11-25,,4
4215,PINE FORESTS OF AUSTRALIA (ORANGE) LTD,PINE FORESTS OF AUSTRALIA ORANGE,former,1975-05-13,2015-11-25,,4
4215,SUN BIOMEDICAL LIMITED,SUN BIOMEDICAL,former,1975-05-13,2015-11-25,,4
4216,DEXUS CONVENIENCE RETAIL REIT,DEXUS CONVENIENCE RETAIL REIT,legal,2026-08-18,,,4
4217,DEXUS INDUSTRIA REIT.,DEXUS INDUSTRIA REIT,legal,2026-08-18,,,4
4218,DXN LIMITED,DXN,legal,2019-07-22,,,4
4218,THE DATA EXCHANGE NETWORK LIMITED,THE DATA EXCHANGE NETWORK,former,2017-08-04,2019-07-21,,4
4219,DEXUS,DEXUS,legal,2026-08-18,,,4
4220,DEEP YELLOW LIMITED,DEEP YELLOW,legal,2004-10-29,,,4
4220,JULIA CORPORATION LIMITED,JULIA CORPORATION,former,1985-03-26,2004-10-28,,4
4220,JULIA MINES LIMITED,JULIA MINES,former,1985-03-26,2004-10-28,,4
4220,JULIA MINES N.L.,JULIA MINES N L,former,1985-03-26,2004-10-28,,4
4221,DYNAMIC METALS LIMITED,DYNAMIC METALS,legal,2022-05-24,,,4
4222,ELEMENT 25 LIMITED,ELEMENT 25,legal,2018-05-10,,,4
4222,MONTEZUMA MINING COMPANY LTD,MONTEZUMA MINING COMPANY,former,2006-05-16,2018-05-09,,4
4223,ATTICUS INV LIMITED,ATTICUS INV,former,2007-04-05,2021-10-04,,4
4223,ATTICUS RESOURCES LIMITED,ATTICUS RESOURCES,former,2007-04-05,2021-10-04,,4
4223,E79 GOLD MINES LIMITED,E79 GOLD MINES,legal,2021-10-05,,,4
4223,ZAMANCO MINERALS LIMITED,ZAMANCO MINERALS,former,2007-04-05,2021-10-04,,4
4224,ENE EXCHANGE PTY LTD,ENE EXCHANGE,former,2009-05-27,2011-10-10,,4
4224,ENERGY ACTION LIMITED,ENERGY ACTION,legal,2011-10-11,,,4
4224,ENEXCHANGE PTY LTD,ENEXCHANGE,former,2009-05-27,2011-10-10,,4
4225,EBOS GROUP LIMITED,EBOS GROUP,legal,2013-11-19,,,4
4226,"EBR SYSTEMS, INC.",EBR SYSTEMS,legal,2021-10-01,,,4
4227,ECHELON RESOURCES LIMITED,ECHELON RESOURCES,legal,2024-07-29,,,4
4227,NEW ZEALAND OIL & GAS LIMITED,NEW ZEALAND OIL GAS,former,1986-04-01,2024-07-28,,4
4228,CMI LIMITED,CMI,former,1990-12-19,2018-11-07,,4
4228,CONSOLIDATED MANUFACTURING INDUSTRIES LIMITED,CONSOLIDATED MANUFACTURING INDUSTRIES,former,1990-12-19,2018-11-07,,4
4228,EXCELSIOR CAPITAL LTD,EXCELSIOR CAPITAL,legal,2018-11-08,,,4
4228,EXCHANGE SHELF (NO. 35) LIMITED,EXCHANGE SHELF NO 35,former,1990-12-19,2018-11-07,,4
4229,BARRACK ST INVESTMENTS LIMITED,BARRACK ST INVESTMENTS,former,2014-01-23,2019-11-19,,4
4229,ECP EMERGING GROWTH LIMITED,ECP EMERGING GROWTH,legal,2019-11-20,,,4
4230,ANITTEL GROUP LIMITED,ANITTEL GROUP,former,1970-02-20,2019-07-10,,4
4230,AXXIS TECHNOLOGY GROUP LTD,AXXIS TECHNOLOGY GROUP,former,1970-02-20,2019-07-10,,4
4230,ECS BOTANICS HOLDINGS LTD,ECS BOTANICS,legal,2019-07-11,,,4
4230,FUSIA LIMITED,FUSIA,former,1970-02-20,2019-07-10,,4
4230,HOSTECH LIMITED,HOSTECH,former,1970-02-20,2019-07-10,,4
4230,MOBI LIMITED,MOBI,former,1970-02-20,2019-07-10,,4
4230,TENNYSON HOLDINGS LTD.,TENNYSON,former,1970-02-20,2019-07-10,,4
4230,TENNYSON HOLDINGS N.L.,TENNYSON HOLDINGS N L,former,1970-02-20,2019-07-10,,4
4230,TENNYSON MINERALS N.L.,TENNYSON MINERALS N L,former,1970-02-20,2019-07-10,,4
4230,TENNYSON NETWORKS LTD,TENNYSON NETWORKS,former,1970-02-20,2019-07-10,,4
4231,CAMPBELL GROUP LIMITED,CAMPBELL GROUP,former,1985-01-29,2006-12-13,,4
4231,ENVIRONMENTAL CLEAN TECHNOLOGIES LIMITED,ENVIRONMENTAL CLEAN TECHNOLOGIES,legal,2006-12-14,,,4
4231,ENVIRONMENTAL SOLUTIONS INTERNATIONAL LIMITED,ENVIRONMENTAL SOLUTIONS INTERNATIONAL,former,1985-01-29,2006-12-13,,4
4231,STARCROSS LIMITED,STARCROSS,former,1985-01-29,2006-12-13,,4
4232,EDEN ENERGY LTD,EDEN ENERGY,former,2004-05-21,2016-11-01,,4
4232,EDEN INNOVATIONS LTD,EDEN INNOVATIONS,legal,2016-11-02,,,4
4233,EDU HOLDINGS LIMITED,EDU,legal,2021-12-13,,,4
4233,UCW LIMITED,UCW,former,2004-05-05,2021-12-12,,4
4233,UNDERCOVERWEAR LIMITED,UNDERCOVERWEAR,former,2004-05-05,2021-12-12,,4
4234,ENDEAVOUR GROUP LIMITED,ENDEAVOUR GROUP,legal,2021-06-23,,,4
4234,PINNACLE LIQUOR GROUP LIMITED,PINNACLE LIQUOR GROUP,former,2012-08-13,2021-06-22,,4
4235,CRADLE RESOURCES LIMITED,CRADLE RESOURCES,former,2011-03-02,2024-11-26,,4
4235,EARTH'S ENERGY LIMITED,EARTH S ENERGY,legal,2024-11-27,2026-08-18,,4
4235,EARTHS ENERGY LIMITED,EARTHS ENERGY,former,2011-03-02,2024-11-26,,4
4235,EARTHS ENERGY LIMITED,EARTHS ENERGY,legal,2026-08-18,,,4
4236,EASTERN IRON LIMITED,EASTERN IRON,former,2007-07-23,2021-12-16,,4
4236,EASTERN RESOURCES LIMITED,EASTERN RESOURCES,legal,2021-12-17,,,4
4237,DRAGON MOUNTAIN GOLD LIMITED,DRAGON MOUNTAIN GOLD,former,2004-09-28,2026-04-22,,4
4237,EVERFLOW RESOURCES LTD,EVERFLOW RESOURCES,legal,2026-04-23,,,4
4237,PAN PACIFIC GOLD LIMITED,PAN PACIFIC GOLD,former,2004-09-28,2026-04-22,,4
4238,EVERGOLD MINERALS LIMITED,EVERGOLD MINERALS,legal,2025-11-25,,,4
4238,EVERGREEN LITHIUM LIMITED,EVERGREEN LITHIUM,former,2022-01-21,2025-11-24,,4
4239,EASTERN GAS CORPORATION LIMITED,EASTERN GAS CORPORATION,legal,2025-10-29,,,4
4240,ENERO GROUP LIMITED,ENERO GROUP,legal,2012-06-08,,,4
4240,PHOTON GROUP LIMITED,PHOTON GROUP,former,2000-02-09,2012-06-07,,4
4241,EUREKA GROUP HOLDINGS LIMITED,EUREKA GROUP,legal,2010-10-01,,,4
4241,SCV GROUP LIMITED,SCV GROUP,former,2001-06-22,2010-09-30,,4
4241,SUNNYCOVE MANAGEMENT LIMITED,SUNNYCOVE MANAGEMENT,former,2001-06-22,2010-09-30,,4
4242,ACTIVATED CARBONS AUSTRALIA LIMITED,ACTIVATED CARBONS AUSTRALIA,former,1923-08-28,1997-03-10,,4
4242,COAL & CARBON INDUSTRIES LTD,COAL CARBON INDUSTRIES,former,1923-08-28,1997-03-10,,4
4242,ENVIRONMENTAL GROUP LIMITED (THE),ENVIRONMENTAL GROUP LIMITED THE,legal,2026-08-18,,,4
4242,MOTOR FUNERALS LTD,MOTOR FUNERALS,former,1923-08-28,1997-03-10,,4
4242,P A L HOLDINGS LTD,P A L,former,1923-08-28,1997-03-10,,4
4242,THE ENVIRONMENTAL GROUP LIMITED,THE ENVIRONMENTAL GROUP,legal,1997-03-11,2026-08-18,,4
4243,ECOGRAF LIMITED,ECOGRAF,legal,2019-11-29,,,4
4243,INNOVANCE LTD,INNOVANCE,former,2005-12-22,2019-11-28,,4
4243,KAGERA NICKEL LIMITED,KAGERA NICKEL,former,2005-12-22,2019-11-28,,4
4243,KIBARAN NICKEL LIMITED,KIBARAN NICKEL,former,2005-12-22,2019-11-28,,4
4243,KIBARAN RESOURCES LIMITED,KIBARAN RESOURCES,former,2005-12-22,2019-11-28,,4
4244,AUSTRALIAN INNOVATION LIMITED,AUSTRALIAN INNOVATION,former,1983-10-31,2011-10-16,,4
4244,BT INNOVATION LTD,BT INNOVATION,former,1983-10-31,2011-10-16,,4
4244,DENBERN LTD,DENBERN,former,1983-10-31,2011-10-16,,4
4244,DULHUNTY POWER LIMITED,DULHUNTY POWER,former,1983-10-31,2011-10-16,,4
4244,ENERGY TECHNOLOGIES LIMITED,ENERGY TECHNOLOGIES,legal,2011-10-17,,,4
4245,EMECO HOLDINGS LIMITED,EMECO,legal,2017-03-31,,,4
4245,OCEME HOLDINGS PTY LIMITED,OCEME,former,2004-12-14,2017-03-30,,4
4246,ECHOIQ LIMITED,ECHOIQ,legal,2021-11-30,,,4
4246,HOUSTON WE HAVE LIMITED,HOUSTON WE HAVE,former,2010-03-31,2021-11-29,,4
4246,PARMELIA RESOURCES LIMITED,PARMELIA RESOURCES,former,2010-03-31,2021-11-29,,4
4246,SENTOSA MINING LIMITED,SENTOSA MINING,former,2010-03-31,2021-11-29,,4
4246,VERILUMA LIMITED,VERILUMA,former,2010-03-31,2021-11-29,,4
4247,BUDDHA GOLD MINES N L,BUDDHA GOLD MINES N L,former,1978-12-21,2021-05-25,,4
4247,ELEVATE URANIUM LTD,ELEVATE URANIUM,legal,2021-05-26,,,4
4247,MARENICA ENERGY LTD,MARENICA ENERGY,former,1978-12-21,2021-05-25,,4
4247,SOUTHWEST GOLD MINES N L,SOUTHWEST GOLD MINES N L,former,1978-12-21,2021-05-25,,4
4247,WEST AUSTRALIAN METALS LTD,WEST AUSTRALIAN METALS,former,1978-12-21,2021-05-25,,4
4248,ELDERS LIMITED,ELDERS,legal,2020-01-30,,,4
4248,FUTURIS CORPORATION LIMITED,FUTURIS CORPORATION,former,1955-06-09,2020-01-29,,4
4248,HOLDENSON & NIELSON VET - SUPPLIES LIMITED,HOLDENSON NIELSON VET SUPPLIES,former,1955-06-09,2020-01-29,,4
4248,V.S. SUPPLIES LIMITED,V S SUPPLIES,former,1955-06-09,2020-01-29,,4
4249,DIVERSE BUSINESS IDEAS PTY LTD,DIVERSE BUSINESS IDEAS,former,2016-12-13,2017-06-06,,4
4249,ELSIGHT LIMITED,ELSIGHT,legal,2017-06-07,,,4
4250,A.C.N. 138 468 756 LIMITED,A C N 138 468 756,former,2009-07-23,2009-12-21,,4
4250,ELEMENT MINERALS LIMITED,ELEMENT MINERALS,former,2009-07-23,2009-12-21,,4
4250,ELEMENTOS LIMITED,ELEMENTOS,legal,2009-12-22,,,4
4251,DIAMONEX LIMITED,DIAMONEX,former,2000-03-10,2025-09-15,,4
4251,ELEVRA LITHIUM LIMITED,ELEVRA LITHIUM,legal,2025-09-16,,,4
4251,LATROBE GROUP LTD.,LATROBE GROUP,former,2000-03-10,2025-09-15,,4
4251,SAYONA MINING LIMITED,SAYONA MINING,former,2000-03-10,2025-09-15,,4
4252,EAGLE MOUNTAIN MINING LIMITED,EAGLE MOUNTAIN MINING,legal,2017-09-06,,,4
4253,BLACK DRAGON GOLD CORP.,BLACK DRAGON GOLD CORP,former,2018-04-13,2025-12-14,,4
4253,EMC GOLD CORPORATION,EMC GOLD CORPORATION,legal,2025-12-15,,,4
4254,EMINENCE MINERALS LIMITED,EMINENCE MINERALS,legal,2025-11-27,,,4
4254,EQUINOX RESOURCES LIMITED,EQUINOX RESOURCES,former,2021-05-26,2025-11-26,,4
4255,EMBELTON LIMITED,EMBELTON,legal,1958-04-23,,,4
4256,EVEREST METALS CORPORATION LTD,EVEREST METALS CORPORATION,legal,2022-11-29,,,4
4256,TWENTY SEVEN CO. LIMITED,TWENTY SEVEN CO,former,2006-05-31,2022-11-28,,4
4256,URANIUMSA LIMITED,URANIUMSA,former,2006-05-31,2022-11-28,,4
4257,EMERALD CLINICS LIMITED,EMERALD CLINICS,former,2018-03-19,2020-09-17,,4
4257,EMYRIA LIMITED,EMYRIA,legal,2020-09-18,,,4
4258,ENERGY METALS LTD,ENERGY METALS,legal,2004-10-08,,,4
4259,EQUAMINERAL HOLDINGS LIMITED,EQUAMINERAL,former,2012-03-08,2024-05-06,,4
4259,EUROPEAN METALS HOLDINGS LIMITED,EUROPEAN METALS,legal,2024-05-07,,,4
4260,ADEPT SOLUTIONS LIMITED,ADEPT SOLUTIONS,former,2003-05-16,2016-11-17,,4
4260,AUSTRALASIA CONSOLIDATED LIMITED,AUSTRALASIA CONSOLIDATED,former,2003-05-16,2016-11-17,,4
4260,AUSTRALASIA GOLD LIMITED,AUSTRALASIA GOLD,former,2003-05-16,2016-11-17,,4
4260,EMERCHANTS LIMITED,EMERCHANTS,former,2003-05-16,2016-11-17,,4
4260,EML PAYMENTS LIMITED,EML PAYMENTS,legal,2016-11-18,,,4
4261,EURO MANGANESE INC.,EURO MANGANESE,legal,2018-08-06,,,4
4262,AMSKAN LTD.,AMSKAN,former,1982-05-18,2017-11-22,,4
4262,ANIMAL MANAGEMENT SYSTEMS LIMITED,ANIMAL MANAGEMENT SYSTEMS,former,1982-05-18,2017-11-22,,4
4262,EDWARD BLUE PTY. LTD.,EDWARD BLUE,former,1982-05-18,2017-11-22,,4
4262,EMPEROR ENERGY LIMITED,EMPEROR ENERGY,legal,2017-11-23,,,4
4262,OIL BASINS LIMITED,OIL BASINS,former,1982-05-18,2017-11-22,,4
4262,SAXON INVESTMENT GROUP LIMITED,SAXON INVESTMENT GROUP,former,1982-05-18,2017-11-22,,4
4263,EASTERN COPPER MINES NO LIABILITY,EASTERN COPPER MINES NO LIABILITY,former,1969-09-15,2014-11-27,,4
4263,EMERALD OIL & GAS NL,EMERALD OIL GAS,former,1969-09-15,2014-11-27,,4
4263,EMERALD RESOURCES NL,EMERALD RESOURCES,legal,2014-11-28,,,4
4263,MAPLE OIL N.L.,MAPLE OIL N L,former,1969-09-15,2014-11-27,,4
4263,MATRIX OIL N.L.,MATRIX OIL N L,former,1969-09-15,2014-11-27,,4
4264,CORIZON LIMITED,CORIZON,former,2010-03-04,2020-01-14,,4
4264,EMETALS LIMITED,EMETALS,legal,2020-01-15,,,4
4264,WEST PEAK IRON LIMITED,WEST PEAK IRON,former,2010-03-04,2020-01-14,,4
4265,EMU NICKEL NL,EMU NICKEL,former,2007-08-29,2013-04-14,,4
4265,EMU NL,EMU,legal,2013-04-15,,,4
4266,EMVISION MEDICAL DEVICES LTD,EMVISION MEDICAL DEVICES,legal,2017-07-11,,,4
4267,"ENLITIC, INC.",ENLITIC,legal,2023-10-26,,,4
4268,ENTROPY NEURODYNAMICS LIMITED,ENTROPY NEURODYNAMICS,legal,2025-11-14,,,4
4268,EXOPHARM LIMITED,EXOPHARM,former,2013-05-15,2025-11-13,,4
4268,EXSOME PTY. LTD.,EXSOME,former,2013-05-15,2025-11-13,,4
4268,TRYPTAMINE THERAPEUTICS LIMITED,TRYPTAMINE THERAPEUTICS,former,2013-05-15,2025-11-13,,4
4269,ENCOUNTER RESOURCES LIMITED,ENCOUNTER RESOURCES,legal,2004-06-30,,,4
4270,ENTERPRISE METALS LIMITED,ENTERPRISE METALS,legal,2008-12-04,,,4
4270,REVERE MINING LIMITED,REVERE MINING,former,2007-01-23,2008-12-03,,4
4271,CROSSLAND STRATEGIC METALS LTD,CROSSLAND STRATEGIC METALS,former,1999-05-14,2020-05-10,,4
4271,CROSSLAND URANIUM MINES LIMITED,CROSSLAND URANIUM MINES,former,1999-05-14,2020-05-10,,4
4271,ENOVA MINING LIMITED,ENOVA MINING,legal,2020-05-11,,,4
4271,KLONDIKE SOURCE LIMITED,KLONDIKE SOURCE,former,1999-05-14,2020-05-10,,4
4272,ENERGY ONE LIMITED,ENERGY ONE,legal,2007-01-12,,,4
4272,FERRIER HODGSON ELECTRICITY PTY LTD,FERRIER HODGSON ELECTRICITY,former,1996-11-28,2007-01-11,,4
4273,ELECTRO OPTIC SYSTEMS HOLDINGS LIMITED,ELECTRO OPTIC SYSTEMS,legal,2002-09-27,,,4
4273,GROWTH PROPERTY INVESTMENTS LIMITED,GROWTH PROPERTY INVESTMENTS,former,2000-05-08,2002-09-26,,4
4274,EPI-MINDER PTY LTD,EPI MINDER,former,2017-01-16,2025-11-26,,4
4274,EPILEPSY CO PTY LTD,EPILEPSY CO,former,2017-01-16,2025-11-26,,4
4274,EPIMINDER LIMITED,EPIMINDER,legal,2025-11-27,,,4
4275,ECLIPSE METALS LIMITED,ECLIPSE METALS,legal,2012-06-25,,,4
4275,ECLIPSE URANIUM LTD,ECLIPSE URANIUM,former,2010-03-03,2012-06-24,,4
4276,EPSILON HEALTHCARE LIMITED,EPSILON HEALTHCARE,legal,2025-06-26,,,4
4276,THC GLOBAL GROUP LIMITED,THC GLOBAL GROUP,former,2016-08-29,2025-06-25,,4
4276,THE HYDROPONICS COMPANY LIMITED,THE HYDROPONICS COMPANY,former,2016-08-29,2025-06-25,,4
4277,EP&T GLOBAL LIMITED,EP T GLOBAL,former,2020-10-15,2025-06-12,,4
4277,EPX LIMITED,EPX,legal,2025-06-13,,,4
4278,CAREERS MULTILIST LIMITED,CAREERS MULTILIST,former,2001-12-04,2020-11-19,,4
4278,CML GROUP LIMITED,CML GROUP,former,2001-12-04,2020-11-19,,4
4278,EARLYPAY LTD,EARLYPAY,legal,2020-11-20,,,4
4279,ANCHOR RESOURCES PTY LIMITED,ANCHOR RESOURCES,former,2005-06-28,2020-11-26,,4
4279,CARBINE TUNGSTEN LIMITED,CARBINE TUNGSTEN,former,2005-06-28,2020-11-26,,4
4279,EQ RESOURCES LIMITED,EQ RESOURCES,legal,2020-11-27,,,4
4279,ICON RESOURCES LTD,ICON RESOURCES,former,2005-06-28,2020-11-26,,4
4279,SPECIALITY METALS INTERNATIONAL LIMITED,SPECIALITY METALS INTERNATIONAL,former,2005-06-28,2020-11-26,,4
4280,EQT HOLDINGS LIMITED,EQT,legal,2015-08-21,,,4
4281,COPPER STRIKE LTD.,COPPER STRIKE,former,2004-03-30,2025-12-16,,4
4281,EQUUS ENERGY LIMITED,EQUUS ENERGY,legal,2025-12-17,,,4
4282,CYBONET LIMITED,CYBONET,former,1986-07-11,2010-08-17,,4
4282,CYBONET.COM LIMITED,CYBONET COM,former,1986-07-11,2010-08-17,,4
4282,DECADE MINING RESOURCES N.L.,DECADE MINING RESOURCES N L,former,1986-07-11,2010-08-17,,4
4282,EQITX LIMITED,EQITX,former,1986-07-11,2010-08-17,,4
4282,EQUATORIAL COAL LIMITED,EQUATORIAL COAL,former,1986-07-11,2010-08-17,,4
4282,EQUATORIAL RESOURCES LIMITED,EQUATORIAL RESOURCES,legal,2010-08-18,,,4
4282,PROBE RESOURCES NL,PROBE RESOURCES,former,1986-07-11,2010-08-17,,4
4282,QUEENSLAND GOLD MINING & EXPLORATION N.L.,QUEENSLAND GOLD MINING EXPLORATION N L,former,1986-07-11,2010-08-17,,4
4283,ENERGY RESOURCES OF AUSTRALIA LTD.,ENERGY RESOURCES OF AUSTRALIA,legal,1980-02-08,,,4
4284,EROAD LIMITED,EROAD,legal,2020-08-27,,,4
4285,EUROPEAN RESOURCES LIMITED,EUROPEAN RESOURCES,legal,2025-12-16,,,4
4285,PROSPECH LIMITED,PROSPECH,former,2014-09-26,2025-12-15,,4
4286,ENECO REFRESH LTD,ENECO REFRESH,legal,2019-03-13,,,4
4286,REFRESH GROUP LIMITED,REFRESH GROUP,former,1997-08-11,2019-03-12,,4
4286,REFRESH HEALTH PTY LTD,REFRESH HEALTH,former,1997-08-11,2019-03-12,,4
4287,EMPIRE RESOURCES LIMITED,EMPIRE RESOURCES,legal,2007-02-21,,,4
4287,PALLADIUM RESOURCES LIMITED,PALLADIUM RESOURCES,former,2000-04-13,2007-02-20,,4
4287,WHITE GOLD MINING LIMITED,WHITE GOLD MINING,former,2000-04-13,2007-02-20,,4
4288,ETHERSTACK PLC,ETHERSTACK PLC,legal,2012-09-05,,,4
4288,MM&S (5698) PLC,MM S 5698 PLC,former,2012-04-03,2012-09-04,,4
4289,ESTRELLA RESOURCES LIMITED,ESTRELLA RESOURCES,legal,2011-05-27,,,4
4290,ENERGY TRANSITION MINERALS LTD,ENERGY TRANSITION MINERALS,legal,2022-11-01,,,4
4290,GREENLAND MINERALS AND ENERGY LIMITED,GREENLAND MINERALS AND ENERGY,former,2006-02-21,2022-10-31,,4
4290,GREENLAND MINERALS LIMITED,GREENLAND MINERALS,former,2006-02-21,2022-10-31,,4
4290,THE GOLD COMPANY LTD,THE GOLD COMPANY,former,2006-02-21,2022-10-31,,4
4291,EUROPEAN LITHIUM LIMITED,EUROPEAN LITHIUM,legal,2016-09-09,,,4
4291,PAYNES FIND GOLD LIMITED,PAYNES FIND GOLD,former,2010-03-10,2016-09-08,,4
4292,EVOLUTION ENERGY MINERALS LIMITED,EVOLUTION ENERGY MINERALS,legal,2021-11-12,,,4
4292,EVOLUTION MATERIALS LIMITED,EVOLUTION MATERIALS,former,2021-03-15,2021-11-11,,4
4293,BELT AND ROAD RESOURCES INVESTMENTS PTY LTD,BELT AND ROAD RESOURCES INVESTMENTS,former,2017-07-06,2025-09-18,,4
4293,EVERLAST MINERALS LTD,EVERLAST MINERALS,legal,2025-09-19,,,4
4294,AUSTRALIAN DEVELOPMENT CAPITAL LIMITED,AUSTRALIAN DEVELOPMENT CAPITAL,former,2003-10-01,2021-11-24,,4
4294,COLLTECH LIMITED,COLLTECH,former,2003-10-01,2021-11-24,,4
4294,ENERGY VENTURES LTD,ENERGY VENTURES,former,2003-10-01,2021-11-24,,4
4294,EVE HEALTH GROUP LIMITED,EVE HEALTH GROUP,legal,2021-11-25,,,4
4294,EVE INVESTMENTS LIMITED,EVE INVESTMENTS,former,2003-10-01,2021-11-24,,4
4295,BLACKEARTH MINERALS NL,BLACKEARTH MINERALS,former,2016-03-15,2022-11-24,,4
4295,EVION GROUP NL,EVION GROUP,legal,2022-11-25,,,4
4295,GRAPHITE AUSTRALIA NL,GRAPHITE AUSTRALIA,former,2016-03-15,2022-11-24,,4
4296,CATALPA RESOURCES LIMITED,CATALPA RESOURCES,former,1998-10-08,2011-11-01,,4
4296,EVOLUTION MINING LIMITED,EVOLUTION MINING,legal,2011-11-02,,,4
4296,WESTONIA MINES LIMITED,WESTONIA MINES,former,1998-10-08,2011-11-01,,4
4297,EMBARK EARLY EDUCATION LIMITED,EMBARK EARLY EDUCATION,legal,2023-05-01,,,4
4298,EV RESOURCES LTD,EV RESOURCES,legal,2021-12-01,,,4
4298,FRAMONT HOLDINGS PTY LTD,FRAMONT,former,1985-08-02,2021-11-30,,4
4298,JADAR LITHIUM LIMITED,JADAR LITHIUM,former,1985-08-02,2021-11-30,,4
4298,JADAR RESOURCES LIMITED,JADAR RESOURCES,former,1985-08-02,2021-11-30,,4
4298,OKA MOTOR COMPANY LIMITED,OKA MOTOR COMPANY,former,1985-08-02,2021-11-30,,4
4298,RICHFIELD GROUP LIMITED,RICHFIELD GROUP,former,1985-08-02,2021-11-30,,4
4298,SOUTH EAST ASIA RESOURCES LIMITED,SOUTH EAST ASIA RESOURCES,former,1985-08-02,2021-11-30,,4
4298,VICTORY WEST METALS LIMITED,VICTORY WEST METALS,former,1985-08-02,2021-11-30,,4
4298,VICTORY WEST MOLY LIMITED,VICTORY WEST MOLY,former,1985-08-02,2021-11-30,,4
4298,WORLDWIDE TECHNOLOGY GROUP LIMITED,WORLDWIDE TECHNOLOGY GROUP,former,1985-08-02,2021-11-30,,4
4299,AMALGAMATED HOLDINGS LTD,AMALGAMATED,former,1911-09-25,2022-10-23,,4
4299,EVENT HOSPITALITY AND ENTERTAINMENT LTD,EVENT HOSPITALITY AND ENTERTAINMENT,former,1911-09-25,2022-10-23,,4
4299,EVT LIMITED,EVT,legal,2022-10-24,,,4
4299,SPENCER'S PICTURES LIMITED,SPENCER S PICTURES,former,1911-09-25,2022-10-23,,4
4300,ENVIROZEL LIMITED,ENVIROZEL,former,1984-12-12,2009-11-29,,4
4300,EVZ LIMITED,EVZ,legal,2009-11-30,,,4
4300,MOUNT GIPPS LIMITED,MOUNT GIPPS,former,1984-12-12,2009-11-29,,4
4300,ZEOLITE AUSTRALIA LIMITED,ZEOLITE AUSTRALIA,former,1984-12-12,2009-11-29,,4
4301,CONVERSION TECHNOLOGY LIMITED,CONVERSION TECHNOLOGY,former,1985-03-13,2001-12-17,,4
4301,ENERGY EQUITY CORPORATION LTD,ENERGY EQUITY CORPORATION,former,1985-03-13,2001-12-17,,4
4301,ENERGY WORLD CORPORATION LTD,ENERGY WORLD CORPORATION,legal,2001-12-18,,,4
4302,ELIXINOL GLOBAL LIMITED,ELIXINOL GLOBAL,former,2017-09-04,2021-05-16,,4
4302,ELIXINOL WELLNESS LIMITED,ELIXINOL WELLNESS,legal,2021-05-17,,,4
4303,EXPERIENCE CO LIMITED,EXPERIENCE CO,legal,2017-10-09,,,4
4303,SKYDIVE THE BEACH GROUP LIMITED,SKYDIVE THE BEACH GROUP,former,2013-12-19,2017-10-08,,4
4304,ELIXIR ENERGY LIMITED,ELIXIR ENERGY,legal,2019-05-13,,,4
4304,ELIXIR PETROLEUM LIMITED,ELIXIR PETROLEUM,former,2004-03-03,2019-05-12,,4
4304,ELIXIR RESOURCES LTD,ELIXIR RESOURCES,former,2004-03-03,2019-05-12,,4
4305,CIPHERPOINT LIMITED,CIPHERPOINT,former,2006-07-27,2023-09-04,,4
4305,COVATA LIMITED,COVATA,former,2006-07-27,2023-09-04,,4
4305,EXCITE TECHNOLOGY SERVICES LTD,EXCITE TECHNOLOGY SERVICES,legal,2023-09-05,,,4
4305,NOBLE RESOURCES LTD,NOBLE RESOURCES,former,2006-07-27,2023-09-04,,4
4305,PRIME MINERALS LIMITED,PRIME MINERALS,former,2006-07-27,2023-09-04,,4
4306,COWELL JADE LTD.,COWELL JADE,former,1970-05-11,2020-06-30,,4
4306,ELLEX MEDICAL LASERS LIMITED,ELLEX MEDICAL LASERS,former,1970-05-11,2020-06-30,,4
4306,GEMSTONE CORPORATION OF AUSTRALIA LIMITED,GEMSTONE CORPORATION OF AUSTRALIA,former,1970-05-11,2020-06-30,,4
4306,NOVA EYE MEDICAL LIMITED,NOVA EYE MEDICAL,legal,2020-07-01,,,4
4307,EUROZ HARTLEYS GROUP LIMITED,EUROZ HARTLEYS GROUP,legal,2021-11-22,,,4
4307,EUROZ LIMITED,EUROZ,former,1961-06-16,2021-11-21,,4
4307,TRELOAR ENTERPRISES HOLDINGS LIMITED,TRELOAR ENTERPRISES,former,1961-06-16,2021-11-21,,4
4307,TRELOAR GROUP LIMITED,TRELOAR GROUP,former,1961-06-16,2021-11-21,,4
4308,AUSTRALIA PACIFIC DUTY FREE PTY LTD,AUSTRALIA PACIFIC DUTY FREE,former,2015-09-22,2021-02-28,,4
4308,EAORON PTY LTD,EAORON,former,2015-09-22,2021-02-28,,4
4308,EZZ LIFE SCIENCE HOLDINGS LIMITED,EZZ LIFE SCIENCE,legal,2021-03-01,,,4
4309,FALCON METALS LTD,FALCON METALS,legal,2021-07-12,,,4
4310,FAR LTD,FAR,legal,2010-05-26,,,4
4310,FIRST AUSTRALIAN RESOURCES LIMITED,FIRST AUSTRALIAN RESOURCES,former,1984-12-17,2010-05-25,,4
4310,FIRST AUSTRALIAN RESOURCES N.L.,FIRST AUSTRALIAN RESOURCES N L,former,1984-12-17,2010-05-25,,4
4311,BOWLING CENTRES (HOLDINGS) LTD,BOWLING CENTRES,former,1960-08-26,2018-06-07,,4
4311,FIRST AU LIMITED,FIRST AU,legal,2018-06-08,,,4
4311,PUBLIC HOLDINGS (AUSTRALIA) LTD,PUBLIC HOLDINGS AUSTRALIA,former,1960-08-26,2018-06-07,,4
4312,DMY CAPITAL LIMITED,DMY CAPITAL,former,1999-10-18,2018-09-16,,4
4312,DROMANA ESTATE LIMITED,DROMANA ESTATE,former,1999-10-18,2018-09-16,,4
4312,FASTBRICK ROBOTICS LTD,FASTBRICK ROBOTICS,former,1999-10-18,2018-09-16,,4
4312,FBR LTD,FBR,legal,2018-09-17,,,4
4312,MEADOW PARK LIMITED,MEADOW PARK,former,1999-10-18,2018-09-16,,4
4313,FLETCHER BUILDING LIMITED,FLETCHER BUILDING,legal,2026-08-18,,,4
4314,COMDEK COMPUTERS (W.A.) PTY LTD,COMDEK COMPUTERS W A,former,1993-05-04,2023-11-27,,4
4314,COMDEK LIMITED,COMDEK,former,1993-05-04,2023-11-27,,4
4314,FREEDOM CARE GROUP HOLDINGS LIMITED,FREEDOM CARE GROUP,legal,2023-11-28,,,4
4314,RESOURCE GENERATION LIMITED,RESOURCE GENERATION,former,1993-05-04,2023-11-27,,4
4315,FINEOS CORPORATION HOLDINGS PLC,FINEOS CORPORATION HOLDINGS PLC,legal,2026-08-18,,,4
4316,CRESTAL PETROLEUM LIMITED,CRESTAL PETROLEUM,former,2010-06-21,2016-05-05,,4
4316,FIRSTWAVE CLOUD TECHNOLOGY LIMITED,FIRSTWAVE CLOUD TECHNOLOGY,legal,2016-05-06,,,4
4316,TELLUS RESOURCES LTD,TELLUS RESOURCES,former,2010-06-21,2016-05-05,,4
4317,FDC CONSOLIDATED HOLDINGS LIMITED,FDC CONSOLIDATED,legal,2026-06-16,,,4
4318,FINDER ENERGY HOLDINGS LIMITED,FINDER ENERGY,legal,2022-01-25,,,4
4319,FRONTIER DIGITAL VENTURES LTD,FRONTIER DIGITAL VENTURES,legal,2015-11-09,,,4
4320,FAR EAST GOLD LTD,FAR EAST GOLD,legal,2020-03-20,,,4
4321,FORTE ENERGY LIMITED,FORTE ENERGY,legal,2026-02-05,,,4
4321,INDIAN PACIFIC MINERALS PTY. LTD.,INDIAN PACIFIC MINERALS,former,2009-05-28,2026-02-04,,4
4321,IPB PETROLEUM LIMITED,IPB PETROLEUM,former,2009-05-28,2026-02-04,,4
4321,IPM PETROLEUM LIMITED,IPM PETROLEUM,former,2009-05-28,2026-02-04,,4
4322,EMERGENT RESOURCES LTD,EMERGENT RESOURCES,former,2007-05-09,2018-09-09,,4
4322,FENIX RESOURCES LTD,FENIX RESOURCES,legal,2018-09-10,,,4
4323,ATECH HOLDINGS LTD,ATECH,former,1919-07-08,2020-08-04,,4
4323,EASTAUGH LIMITED,EASTAUGH,former,1919-07-08,2020-08-04,,4
4323,FATFISH BLOCKCHAIN LIMITED,FATFISH BLOCKCHAIN,former,1919-07-08,2020-08-04,,4
4323,FATFISH GROUP LIMITED,FATFISH GROUP,legal,2020-08-05,,,4
4323,FATFISH INTERNET GROUP LTD,FATFISH INTERNET GROUP,former,1919-07-08,2020-08-04,,4
4323,MASCOT MILLS LIMITED,MASCOT MILLS,former,1919-07-08,2020-08-04,,4
4323,MASCOT UNDERWEAR MILLS LIMITED,MASCOT UNDERWEAR MILLS,former,1919-07-08,2020-08-04,,4
4323,MEDCO AUSTRALIA LIMITED,MEDCO AUSTRALIA,former,1919-07-08,2020-08-04,,4
4323,SEAA CORPORATION LIMITED,SEAA CORPORATION,former,1919-07-08,2020-08-04,,4
4324,FFI HOLDINGS LIMITED,FFI,legal,2026-08-18,,,4
4325,AUTECO MINERALS LTD,AUTECO MINERALS,former,2004-08-03,2023-11-23,,4
4325,FIREFLY METALS LTD,FIREFLY METALS,legal,2023-11-24,,,4
4325,MONAX MINING LTD,MONAX MINING,former,2004-08-03,2023-11-23,,4
4326,FLYNN GOLD LIMITED,FLYNN GOLD,legal,2021-06-15,,,4
4326,PACIFIC TRENDS RESOURCES TASMANIA PTY LTD,PACIFIC TRENDS RESOURCES TASMANIA,former,2020-09-07,2021-06-14,,4
4327,FUTURE GENERATION GLOBAL INVESTMENT COMPANY LIMITED,FUTURE GENERATION GLOBAL INVESTMENT COMPANY,former,2015-05-28,2023-05-01,,4
4327,FUTURE GENERATION GLOBAL LIMITED,FUTURE GENERATION GLOBAL,legal,2023-05-02,,,4
4328,AQUA-CAROTENE LIMITED,AQUA CAROTENE,former,1996-07-23,2023-08-06,,4
4328,AQUACAROTENE LIMITED,AQUACAROTENE,former,1996-07-23,2023-08-06,,4
4328,FORESTA GROUP HOLDINGS LIMITED,FORESTA GROUP,legal,2023-08-07,,,4
4328,LEAF ENERGY LIMITED,LEAF ENERGY,former,1996-07-23,2023-08-06,,4
4328,LEAF RESOURCES LTD,LEAF RESOURCES,former,1996-07-23,2023-08-06,,4
4329,ALLIANCE PROPERTIES LIMITED,ALLIANCE PROPERTIES,former,1920-06-30,2017-11-24,,4
4329,FIRST GRAPHENE LIMITED,FIRST GRAPHENE,legal,2017-11-25,,,4
4329,FIRST GRAPHITE LIMITED,FIRST GRAPHITE,former,1920-06-30,2017-11-24,,4
4329,MONGOLIAN RESOURCES LIMITED,MONGOLIAN RESOURCES,former,1920-06-30,2017-11-24,,4
4329,MRL CORPORATION LTD,MRL CORPORATION,former,1920-06-30,2017-11-24,,4
4329,NOALL GROUP LTD,NOALL GROUP,former,1920-06-30,2017-11-24,,4
4329,"PRESTS"" LIMITED",PRESTS,former,1920-06-30,2017-11-24,,4
4329,ROBE AUSTRALIA LIMITED,ROBE AUSTRALIA,former,1920-06-30,2017-11-24,,4
4329,TOLHURST GROUP LIMITED,TOLHURST GROUP,former,1920-06-30,2017-11-24,,4
4329,TOLHURST NOALL GROUP LTD,TOLHURST NOALL GROUP,former,1920-06-30,2017-11-24,,4
4330,AUSTRALIAN INFRASTRUCTURE FUND LIMITED,AUSTRALIAN INFRASTRUCTURE FUND,former,1994-05-12,2023-05-02,,4
4330,FUTURE GENERATION AUSTRALIA LIMITED,FUTURE GENERATION AUSTRALIA,legal,2023-05-03,,,4
4330,FUTURE GENERATION INVESTMENT COMPANY LIMITED,FUTURE GENERATION INVESTMENT COMPANY,former,1994-05-12,2023-05-02,,4
4330,FUTURE GENERATION INVESTMENT FUND LIMITED,FUTURE GENERATION INVESTMENT FUND,former,1994-05-12,2023-05-02,,4
4330,THE AUSTRALIAN PRIVATISATION FUND LIMITED,THE AUSTRALIAN PRIVATISATION FUND,former,1994-05-12,2023-05-02,,4
4331,FRONTIER ENERGY LIMITED,FRONTIER ENERGY,legal,2022-01-28,,,4
4331,ISHINE INTERNATIONAL RESOURCES LIMITED,ISHINE INTERNATIONAL RESOURCES,former,2009-09-18,2022-01-27,,4
4331,SUPERIOR LAKE RESOURCES LIMITED,SUPERIOR LAKE RESOURCES,former,2009-09-18,2022-01-27,,4
4332,FREEHILL MINING LIMITED,FREEHILL MINING,legal,2017-01-12,,,4
4332,IATIA LIMITED,IATIA,former,2000-02-16,2017-01-11,,4
4332,SCI.COM INTERNATIONAL PTY. LTD.,SCI COM INTERNATIONAL,former,2000-02-16,2017-01-11,,4
4333,FIDUCIAN GROUP LIMITED,FIDUCIAN GROUP,legal,2014-10-20,,,4
4334,ASCOT MINING N.L.,ASCOT MINING N L,former,1985-02-08,2018-05-22,,4
4334,CHILE MINERA NL,CHILE MINERA,former,1985-02-08,2018-05-22,,4
4334,FIN RESOURCES LIMITED,FIN RESOURCES,legal,2018-05-23,,,4
4334,INTERCHROME N.L.,INTERCHROME N L,former,1985-02-08,2018-05-22,,4
4334,M HEALTH LIMITED,M HEALTH,former,1985-02-08,2018-05-22,,4
4334,MERLIN MINING N.L.,MERLIN MINING N L,former,1985-02-08,2018-05-22,,4
4334,METABOLISM HEALTH LIMITED,METABOLISM HEALTH,former,1985-02-08,2018-05-22,,4
4334,MONITOR ENERGY LIMITED,MONITOR ENERGY,former,1985-02-08,2018-05-22,,4
4334,MONITOR HOLDINGS LTD,MONITOR,former,1985-02-08,2018-05-22,,4
4334,MUSTANG GROUP LIMITED,MUSTANG GROUP,former,1985-02-08,2018-05-22,,4
4334,ORCA ENERGY LIMITED,ORCA ENERGY,former,1985-02-08,2018-05-22,,4
4334,TIMEMAC SOLUTIONS LIMITED,TIMEMAC SOLUTIONS,former,1985-02-08,2018-05-22,,4
4335,ADVANCED ENGINE COMPONENTS LIMITED,ADVANCED ENGINE COMPONENTS,former,1983-12-05,2023-09-25,,4
4335,FIRST LITHIUM LIMITED,FIRST LITHIUM,legal,2023-09-26,,,4
4335,GASPOWER TECHNOLOGY EVEREST PTY LTD,GASPOWER TECHNOLOGY EVEREST,former,1983-12-05,2023-09-25,,4
4335,OOKAMI LIMITED,OOKAMI,former,1983-12-05,2023-09-25,,4
4335,ORONSAY HOLDINGS PTY LTD,ORONSAY,former,1983-12-05,2023-09-25,,4
4335,TRANSCOM ENGINE CORPORATION LIMITED,TRANSCOM ENGINE CORPORATION,former,1983-12-05,2023-09-25,,4
4335,TRANSCOM GAS TECHNOLOGIES PTY LTD,TRANSCOM GAS TECHNOLOGIES,former,1983-12-05,2023-09-25,,4
4336,EMEFCY GROUP LIMITED,EMEFCY GROUP,former,2007-09-26,2017-07-13,,4
4336,FLUENCE CORPORATION LIMITED,FLUENCE CORPORATION,legal,2017-07-14,,,4
4336,SAVCOR GROUP LIMITED,SAVCOR GROUP,former,2007-09-26,2017-07-13,,4
4337,FLAGSHIP MINERALS LIMITED,FLAGSHIP MINERALS,legal,2025-03-06,,,4
4337,PAN ASIA METALS LIMITED,PAN ASIA METALS,former,2020-04-06,2025-03-05,,4
4338,FREELANCER LIMITED,FREELANCER,legal,2010-02-10,,,4
4339,AYMST PTY LTD,AYMST,former,1987-09-17,2013-10-31,,4
4339,FLIGHT CENTRE LIMITED,FLIGHT CENTRE,former,1987-09-17,2013-10-31,,4
4339,FLIGHT CENTRE TRAVEL GROUP LIMITED,FLIGHT CENTRE TRAVEL GROUP,legal,2013-11-01,,,4
4339,FLIGHT CENTRES AUSTRALIA PTY LIMITED,FLIGHT CENTRES AUSTRALIA,former,1987-09-17,2013-10-31,,4
4340,FELIX GROUP HOLDINGS LTD,FELIX GROUP,legal,2021-01-12,,,4
4340,JINGELLA TECHNOLOGIES PTY LTD,JINGELLA TECHNOLOGIES,former,2012-08-09,2021-01-11,,4
4340,MINER GROUP LIMITED,MINER GROUP,former,2012-08-09,2021-01-11,,4
4341,FUTURE METALS NL,FUTURE METALS,legal,2021-06-11,,,4
4341,RED EMPEROR RESOURCES NL,RED EMPEROR RESOURCES,former,2007-04-02,2021-06-10,,4
4342,ALLIED MINING AND PROCESSING LIMITED,ALLIED MINING AND PROCESSING,former,1983-05-04,2023-11-22,,4
4342,AMERICAN BOULDER N L,AMERICAN BOULDER N L,former,1983-05-04,2023-11-22,,4
4342,FORTESCUE LTD,FORTESCUE,legal,2023-11-23,,,4
4342,FORTESCUE METAL GROUP LTD,FORTESCUE METAL GROUP,former,1983-05-04,2023-11-22,,4
4342,FORTESCUE METALS GROUP LTD,FORTESCUE METALS GROUP,former,1983-05-04,2023-11-22,,4
4342,LAKE RAESIDE N L,LAKE RAESIDE N L,former,1983-05-04,2023-11-22,,4
4342,OAKWOOD ENTERPRISES N L,OAKWOOD ENTERPRISES N L,former,1983-05-04,2023-11-22,,4
4342,PHARAOH METALS CORPORATION NL,PHARAOH METALS CORPORATION,former,1983-05-04,2023-11-22,,4
4342,WINTON OIL ENTERPRISES N L,WINTON OIL ENTERPRISES N L,former,1983-05-04,2023-11-22,,4
4343,AUSTMINEX LTD,AUSTMINEX,former,1978-08-11,2022-03-02,,4
4343,AUSTMINEX N.L.,AUSTMINEX N L,former,1978-08-11,2022-03-02,,4
4343,FOCUS MINERALS LTD,FOCUS MINERALS,legal,2022-03-03,,,4
4344,ENEGEX LIMITED,ENEGEX,former,2012-10-17,2026-05-07,,4
4344,FAMIEN RESOURCES LIMITED,FAMIEN RESOURCES,legal,2026-05-08,,,4
4345,APPLYFLOW LIMITED,APPLYFLOW,former,2003-12-11,2024-06-20,,4
4345,FMR RESOURCES LIMITED,FMR RESOURCES,legal,2024-06-21,,,4
4345,GOLDEN MILE SOUTH LIMITED,GOLDEN MILE SOUTH,former,2003-12-11,2024-06-20,,4
4345,NVOI LTD,NVOI,former,2003-12-11,2024-06-20,,4
4345,ORREX RESOURCES LTD,ORREX RESOURCES,former,2003-12-11,2024-06-20,,4
4346,FINDI LIMITED,FINDI,legal,2022-08-22,,,4
4346,QED (AUSTRALIA) PTY LTD,QED AUSTRALIA,former,1992-09-01,2022-08-21,,4
4346,QED CORPORATION LIMITED,QED CORPORATION,former,1992-09-01,2022-08-21,,4
4346,QED OCCTECH LIMITED,QED OCCTECH,former,1992-09-01,2022-08-21,,4
4346,TRANSACTION SOLUTIONS INTERNATIONAL LIMITED,TRANSACTION SOLUTIONS INTERNATIONAL,former,1992-09-01,2022-08-21,,4
4346,VORTIV LIMITED,VORTIV,former,1992-09-01,2022-08-21,,4
4347,FAR NORTHERN RESOURCES LIMITED,FAR NORTHERN RESOURCES,legal,2017-09-14,,,4
4348,BRIDGE GLOBAL CAPITAL MANAGEMENT LIMITED,BRIDGE GLOBAL CAPITAL MANAGEMENT,former,2003-10-21,2020-09-22,,4
4348,FINEXIA FINANCIAL GROUP LIMITED,FINEXIA FINANCIAL GROUP,legal,2020-09-23,,,4
4348,MEJORITY CAPITAL LIMITED,MEJORITY CAPITAL,former,2003-10-21,2020-09-22,,4
4348,NATURAL FUEL (DARWIN) PTY LTD,NATURAL FUEL DARWIN,former,2003-10-21,2020-09-22,,4
4348,NATURAL FUEL LTD,NATURAL FUEL,former,2003-10-21,2020-09-22,,4
4349,FOS CAPITAL LTD,FOS CAPITAL,legal,2019-10-31,,,4
4350,FAT PROPHETS GLOBAL CONTRARIAN FUND LIMITED,FAT PROPHETS GLOBAL CONTRARIAN FUND,legal,2016-10-19,,,4
4351,FISHER & PAYKEL HEALTHCARE CORPORATION LIMITED,FISHER PAYKEL HEALTHCARE CORPORATION,legal,2001-11-16,,,4
4351,FISHER & PAYKEL INDUSTRIES LIMITED,FISHER PAYKEL INDUSTRIES,former,2001-09-03,2001-11-15,,4
4352,ECLIPX GROUP LIMITED,ECLIPX GROUP,former,2008-07-30,2023-03-26,,4
4352,FLEET AUST PTY LIMITED,FLEET AUST,former,2008-07-30,2023-03-26,,4
4352,FLEET PARTNERS GROUP LIMITED,FLEET PARTNERS GROUP,former,2008-07-30,2023-03-26,,4
4352,FLEETPARTNERS GROUP LIMITED,FLEETPARTNERS GROUP,legal,2023-03-27,,,4
4353,FIREBIRD METALS LIMITED,FIREBIRD METALS,legal,2021-03-16,,,4
4353,FORRESTANIA PTY LTD,FORRESTANIA,former,2016-01-04,2021-03-15,,4
4354,FIREBRICK PHARMA LIMITED,FIREBRICK PHARMA,legal,2012-04-12,,,4
4355,FINBAR GROUP LIMITED,FINBAR GROUP,legal,2009-03-20,,,4
4355,FINBAR INTERNATIONAL LIMITED,FINBAR INTERNATIONAL,former,1984-11-01,2009-03-19,,4
4355,LOMBARDO GROUP LIMITED,LOMBARDO GROUP,former,1984-11-01,2009-03-19,,4
4356,FARM PRIDE FOODS LIMITED,FARM PRIDE FOODS,legal,1997-10-30,,,4
4357,FORRESTANIA RESOURCES LIMITED,FORRESTANIA RESOURCES,legal,2021-02-12,,,4
4358,FREIGHTWAYS GROUP LIMITED,FREIGHTWAYS GROUP,legal,2023-03-22,,,4
4359,FLEXIROAM LIMITED,FLEXIROAM,legal,2015-06-11,,,4
4359,ISLAND METALS LIMITED,ISLAND METALS,former,2010-05-21,2015-06-10,,4
4360,FSA GROUP LIMITED,FSA GROUP,legal,2002-09-27,,,4
4360,PROSPEX INTERACTIVE LIMITED,PROSPEX INTERACTIVE,former,2000-07-21,2002-09-26,,4
4361,FLAGSHIP INVESTMENTS LIMITED,FLAGSHIP INVESTMENTS,legal,2012-10-18,,,4
4361,HYPERION FLAGSHIP INVESTMENTS LIMITED.,HYPERION FLAGSHIP INVESTMENTS,former,1997-09-23,2012-10-17,,4
4361,WAM AUSTRALIAN EQUITY FUND LIMITED,WAM AUSTRALIAN EQUITY FUND,former,1997-09-23,2012-10-17,,4
4361,WILSON INVESTMENTS TAURINE FUND LIMITED,WILSON INVESTMENTS TAURINE FUND,former,1997-09-23,2012-10-17,,4
4362,FORTIFAI LTD,FORTIFAI,legal,2025-06-20,,,4
4362,MIGHTY KINGDOM GROUP PTY LTD,MIGHTY KINGDOM GROUP,former,2018-06-28,2025-06-19,,4
4362,MIGHTY KINGDOM LIMITED,MIGHTY KINGDOM,former,2018-06-28,2025-06-19,,4
4363,FULCRUM LITHIUM LTD,FULCRUM LITHIUM,legal,2023-02-06,,,4
4364,FORTUNA METALS LTD,FORTUNA METALS,legal,2025-08-14,,,4
4364,FRONTIER RESOURCES LIMITED,FRONTIER RESOURCES,former,2001-01-23,2025-08-13,,4
4364,LANTHANEIN RESOURCES LTD,LANTHANEIN RESOURCES,former,2001-01-23,2025-08-13,,4
4364,TASEX RESOURCES LTD,TASEX RESOURCES,former,2001-01-23,2025-08-13,,4
4364,TASGOLD LTD,TASGOLD,former,2001-01-23,2025-08-13,,4
4364,TASMINE PTY LTD,TASMINE,former,2001-01-23,2025-08-13,,4
4365,FLEETWOOD CORPORATION LIMITED,FLEETWOOD CORPORATION,former,1986-11-17,2020-11-22,,4
4365,FLEETWOOD LIMITED,FLEETWOOD,legal,2020-11-23,,,4
4366,FELIX GOLD LIMITED,FELIX GOLD,legal,2020-11-11,,,4
4367,EUROPEAN GAS LIMITED,EUROPEAN GAS,former,1996-09-26,2012-11-28,,4
4367,FITZROY RIVER CORPORATION LTD,FITZROY RIVER CORPORATION,legal,2012-11-29,,,4
4367,KIMBERLEY OIL NL,KIMBERLEY OIL,former,1996-09-26,2012-11-28,,4
4368,G11 RESOURCES LIMITED,G11 RESOURCES,legal,2023-11-27,,,4
4368,LAWSON GOLD LIMITED,LAWSON GOLD,former,2010-02-02,2023-11-26,,4
4368,ODIN METALS LIMITED,ODIN METALS,former,2010-02-02,2023-11-26,,4
4369,BONYTHON LIMITED,BONYTHON,former,1983-08-08,2025-09-29,,4
4369,GROUP ONE CAPITAL LIMITED,GROUP ONE CAPITAL,legal,2025-09-30,,,4
4369,RAPTIS GROUP LIMITED,RAPTIS GROUP,former,1983-08-08,2025-09-29,,4
4370,G50 CORP LIMITED,G50 CORP,legal,2024-05-07,,,4
4370,GOLD 50 LIMITED,GOLD 50,former,2020-10-12,2024-05-06,,4
4370,GOLD50 PTY LTD,GOLD50,former,2020-10-12,2024-05-06,,4
4371,CAPRICORNIA MINING NO LIABILITY,CAPRICORNIA MINING NO LIABILITY,former,1966-12-15,2021-11-07,,4
4371,GREAT NORTHERN MINING CORPORATION NO LIABILITY,GREAT NORTHERN MINING CORPORATION NO LIABILITY,former,1966-12-15,2021-11-07,,4
4371,GROUP 6 METALS LIMITED,GROUP 6 METALS,legal,2021-11-08,,,4
4371,GTN RESOURCES LIMITED,GTN RESOURCES,former,1966-12-15,2021-11-07,,4
4371,KING ISLAND SCHEELITE LIMITED,KING ISLAND SCHEELITE,former,1966-12-15,2021-11-07,,4
4372,GOLDEN MILE RESOURCES LTD,GOLDEN MILE RESOURCES,legal,2016-08-30,,,4
4373,AREDA LTD,AREDA,former,1981-09-15,2025-08-26,,4
4373,ASRA MINERALS LIMITED,ASRA MINERALS,former,1981-09-15,2025-08-26,,4
4373,CLUFF OIL (PACIFIC) LTD,CLUFF OIL PACIFIC,former,1981-09-15,2025-08-26,,4
4373,CLUFF RESOURCES PACIFIC LTD,CLUFF RESOURCES PACIFIC,former,1981-09-15,2025-08-26,,4
4373,GOLDARC RESOURCES LIMITED,GOLDARC RESOURCES,legal,2025-08-27,,,4
4373,TORIAN RESOURCES LIMITED,TORIAN RESOURCES,former,1981-09-15,2025-08-26,,4
4374,GALILEO MINING LTD,GALILEO MINING,legal,2018-05-25,,,4
4374,PLATX LTD,PLATX,former,2003-03-18,2018-05-24,,4
4375,GALE PACIFIC LIMITED,GALE PACIFIC,legal,1998-04-08,,,4
4376,STATE GAS LIMITED,STATE GAS,legal,2017-02-10,,,4
4377,GLOBE METALS & MINING LIMITED,GLOBE METALS MINING,legal,2008-06-17,,,4
4377,GLOBE URANIUM LIMITED,GLOBE URANIUM,former,2005-05-23,2008-06-16,,4
4378,GREAT BEAR EXPLORATION LTD,GREAT BEAR EXPLORATION,legal,2026-06-09,,,4
4378,HYDROCARBON DYNAMICS LIMITED,HYDROCARBON DYNAMICS,former,2005-12-01,2026-06-08,,4
4378,INDAGO ENERGY LIMITED,INDAGO ENERGY,former,2005-12-01,2026-06-08,,4
4378,PRYME ENERGY LTD,PRYME ENERGY,former,2005-12-01,2026-06-08,,4
4378,PRYME OIL AND GAS LTD,PRYME OIL AND GAS,former,2005-12-01,2026-06-08,,4
4379,GBM RESOURCES LIMITED,GBM RESOURCES,legal,2007-10-22,,,4
4379,SYNDICATED RESOURCES LIMITED,SYNDICATED RESOURCES,former,2007-04-03,2007-10-21,,4
4380,GREAT BOULDER RESOURCES LTD.,GREAT BOULDER RESOURCES,legal,2016-04-06,,,4
4381,GLENNON SMALL COMPANIES LIMITED,GLENNON SMALL COMPANIES,legal,2015-04-29,,,4
4382,GRYPHON CAPITAL INCOME TRUST,GRYPHON CAPITAL INCOME TRUST,legal,2026-08-18,,,4
4383,CHASE MINING CORPORATION LIMITED,CHASE MINING CORPORATION,former,2006-03-14,2025-11-25,,4
4383,GCM CORPORATION LIMITED,GCM CORPORATION,legal,2025-11-26,,,4
4383,GREEN CRITICAL MINERALS LIMITED,GREEN CRITICAL MINERALS,former,2006-03-14,2025-11-25,,4
4383,KRUCIBLE METALS LIMITED,KRUCIBLE METALS,former,2006-03-14,2025-11-25,,4
4383,TOPTUNG LTD,TOPTUNG,former,2006-03-14,2025-11-25,,4
4384,GOLDEN CROSS RESOURCES LTD,GOLDEN CROSS RESOURCES,legal,2000-04-28,,,4
4384,GOLDEN CROSS RESOURCES N.L.,GOLDEN CROSS RESOURCES N L,former,1994-02-01,2000-04-27,,4
4384,SOUTHERN CROSS GOLD N.L.,SOUTHERN CROSS GOLD N L,former,1994-02-01,2000-04-27,,4
4385,GARDA PROPERTY GROUP,GARDA PROPERTY GROUP,legal,2026-08-18,,,4
4386,AUSTOCK GROUP LIMITED,AUSTOCK GROUP,former,1999-04-29,2018-03-07,,4
4386,AUSTRALIAN FINANCIAL INITIATIVES LIMITED,AUSTRALIAN FINANCIAL INITIATIVES,former,1999-04-29,2018-03-07,,4
4386,AUSTRALIAN POOLED DEVELOPMENT FINANCING LIMITED,AUSTRALIAN POOLED DEVELOPMENT FINANCING,former,1999-04-29,2018-03-07,,4
4386,GENERATION DEVELOPMENT GROUP LIMITED,GENERATION DEVELOPMENT GROUP,legal,2018-03-08,,,4
4387,GDI PROPERTY GROUP LIMITED,GDI PROPERTY GROUP,legal,2013-11-05,,,4
4388,ALL METALS RESOURCES LIMITED,ALL METALS RESOURCES,former,2021-12-07,2023-08-24,,4
4388,GREAT DIVIDE MINING LTD,GREAT DIVIDE MINING,legal,2023-08-25,,,4
4389,GOLDEN DRAGON MINING LTD,GOLDEN DRAGON MINING,legal,2025-10-27,,,4
4389,GREEN EARTH METALS PTY LTD,GREEN EARTH METALS,former,2022-06-22,2025-10-26,,4
4390,A.C.N. 054 570 777 NL,A C N 054 570 777,former,1991-12-12,2002-01-17,,4
4390,GOLDEN DEEPS LIMITED,GOLDEN DEEPS,legal,2002-01-18,,,4
4391,EARLY LEARNING SERVICES LIMITED,EARLY LEARNING SERVICES,former,2007-02-07,2010-05-26,,4
4391,G8 EDUCATION LIMITED,G8 EDUCATION,legal,2010-05-27,,,4
4391,HUTCHISON KERN CHILD CARE LIMITED,HUTCHISON KERN CHILD CARE,former,2007-02-07,2010-05-26,,4
4392,GENMIN LIMITED,GENMIN,legal,2010-01-11,,,4
4393,GENESIS RESOURCES LIMITED,GENESIS RESOURCES,legal,2005-06-16,,,4
4394,CHINA CENTURY GROUP LIMITED,CHINA CENTURY GROUP,former,2004-05-12,2017-06-19,,4
4394,CHINA INTERNATIONAL LIMITED,CHINA INTERNATIONAL,former,2004-05-12,2017-06-19,,4
4394,GLOBAL MASTERS FUND LIMITED,GLOBAL MASTERS FUND,legal,2017-06-20,,,4
4394,US MASTERS FUND LIMITED,US MASTERS FUND,former,2004-05-12,2017-06-19,,4
4395,COLONIAL GOLDFIELDS LIMITED,COLONIAL GOLDFIELDS,former,2015-01-21,2025-10-06,,4
4395,GREEN & GOLD MINERALS LIMITED,GREEN GOLD MINERALS,legal,2025-10-07,,,4
4395,WANDOO GOLD PTY LIMITED,WANDOO GOLD,former,2015-01-21,2025-10-06,,4
4396,FERROVANADIUM CORPORATION N.L.,FERROVANADIUM CORPORATION N L,former,1970-09-25,2025-01-30,,4
4396,GAMING & ENTERTAINMENT GROUP LIMITED,GAMING ENTERTAINMENT GROUP,former,1970-09-25,2025-01-30,,4
4396,GORILLA GOLD MINES LTD,GORILLA GOLD MINES,legal,2025-01-31,,,4
4396,GREAT AUSTRALIAN RESOURCES N.L.,GREAT AUSTRALIAN RESOURCES N L,former,1970-09-25,2025-01-30,,4
4396,LABYRINTH RESOURCES LIMITED,LABYRINTH RESOURCES,former,1970-09-25,2025-01-30,,4
4396,MINTAILS LIMITED,MINTAILS,former,1970-09-25,2025-01-30,,4
4396,ORMINEX LTD,ORMINEX,former,1970-09-25,2025-01-30,,4
4396,TRANS-GLOBAL INTERACTIVE LIMITED,TRANS GLOBAL INTERACTIVE,former,1970-09-25,2025-01-30,,4
4396,TRANS-GLOBAL RESOURCES N.L.,TRANS GLOBAL RESOURCES N L,former,1970-09-25,2025-01-30,,4
4397,ALTO ENERGY INTERNATIONAL LIMITED,ALTO ENERGY INTERNATIONAL,former,1996-04-17,2007-06-25,,4
4397,BIOLOGIC INTERNATIONAL LTD,BIOLOGIC INTERNATIONAL,former,1996-04-17,2007-06-25,,4
4397,COTTEE HEALTH LIMITED,COTTEE HEALTH,former,1996-04-17,2007-06-25,,4
4397,FASHION INTIMATES LIMITED,FASHION INTIMATES,former,1996-04-17,2007-06-25,,4
4397,GRAND GULF ENERGY LIMITED,GRAND GULF ENERGY,legal,2007-06-26,,,4
4397,LACH DRUMMOND RESOURCES LTD,LACH DRUMMOND RESOURCES,former,1996-04-17,2007-06-25,,4
4398,GREATLAND NEWCO LIMITED,GREATLAND NEWCO,former,2023-05-30,2025-06-22,,4
4398,GREATLAND RESOURCES LIMITED,GREATLAND RESOURCES,legal,2025-06-23,,,4
4399,GOLDEN GLOBE RESOURCES LTD,GOLDEN GLOBE RESOURCES,legal,2025-10-29,,,4
4399,RECKON HEALTH CARE HOLDINGS LIMITED,RECKON HEALTH CARE,former,2014-05-20,2025-10-28,,4
4400,ALTAN RIO MINERALS LIMITED,ALTAN RIO MINERALS,former,2021-11-10,2024-12-12,,4
4400,GOLDEN HORSE MINERALS LIMITED,GOLDEN HORSE MINERALS,legal,2024-12-13,,,4
4401,GOLD HYDROGEN LIMITED,GOLD HYDROGEN,legal,2021-01-28,,,4
4402,GIBB RIVER DIAMONDS LIMITED,GIBB RIVER DIAMONDS,legal,2018-11-20,,,4
4402,NICHOLSON RESOURCES LTD,NICHOLSON RESOURCES,former,2008-01-10,2018-11-19,,4
4402,PHOSPHATE AUSTRALIA LIMITED,PHOSPHATE AUSTRALIA,former,2008-01-10,2018-11-19,,4
4402,POZ MINERALS LIMITED,POZ MINERALS,former,2008-01-10,2018-11-19,,4
4403,GLOBAL LITHIUM RESOURCES LIMITED,GLOBAL LITHIUM RESOURCES,legal,2021-05-04,,,4
4403,GOORA LITHIUM PTY LTD,GOORA LITHIUM,former,2018-05-11,2021-05-03,,4
4404,DIE HARD LIMITED,DIE HARD,former,1988-09-08,2003-09-18,,4
4404,GLOBE INTERNATIONAL LIMITED,GLOBE INTERNATIONAL,legal,2003-09-19,,,4
4404,SOROTHAN PTY. LIMITED,SOROTHAN,former,1988-09-08,2003-09-18,,4
4405,GLG CORP LTD,GLG CORP,legal,2005-10-12,,,4
4406,GEMLIFE COMMUNITIES GROUP,GEMLIFE COMMUNITIES GROUP,legal,2026-08-18,,,4
4407,GLOBAL HEALTH LIMITED,GLOBAL HEALTH,legal,2007-12-04,,,4
4407,WORKING SYSTEMS SOLUTIONS LIMITED,WORKING SYSTEMS SOLUTIONS,former,2000-01-28,2007-12-03,,4
4408,EASTERN COPPER MINES N.L.,EASTERN COPPER MINES N L,former,1994-06-27,2010-05-31,,4
4408,EASTERN CORPORATION LIMITED,EASTERN CORPORATION,former,1994-06-27,2010-05-31,,4
4408,EASTERN GOLD CORPORATION NL,EASTERN GOLD CORPORATION,former,1994-06-27,2010-05-31,,4
4408,GALILEE ENERGY LIMITED,GALILEE ENERGY,legal,2010-06-01,,,4
4409,DEMPSEY MINERALS LIMITED,DEMPSEY MINERALS,former,2011-02-22,2018-08-09,,4
4409,GALAN LITHIUM LIMITED,GALAN LITHIUM,legal,2018-08-10,,,4
4410,L1 GLOBAL LONG SHORT FUND LIMITED,L1 GLOBAL LONG SHORT FUND,legal,2025-11-28,,,4
4410,PLATINUM CAPITAL LIMITED,PLATINUM CAPITAL,former,1994-04-27,2025-11-27,,4
4411,GENESIS MINERALS LIMITED,GENESIS MINERALS,legal,2007-04-16,,,4
4412,GOODMAN GROUP,GOODMAN GROUP,legal,2026-08-18,,,4
4413,GATEWAY MINING LIMITED,GATEWAY MINING,legal,2007-05-10,,,4
4413,GOLD PLATINUM AND CHROMIUM VENTURES LIMITED,GOLD PLATINUM AND CHROMIUM VENTURES,former,1957-11-28,2007-05-09,,4
4413,VIDOR LIMITED,VIDOR,former,1957-11-28,2007-05-09,,4
4414,COMMISSIONERS GOLD LIMITED,COMMISSIONERS GOLD,former,2005-08-19,2014-12-15,,4
4414,GOLD MOUNTAIN LIMITED,GOLD MOUNTAIN,legal,2014-12-16,,,4
4414,NERRIGA MINING GROUP PTY LTD,NERRIGA MINING GROUP,former,2005-08-19,2014-12-15,,4
4415,GRAIN SERVICES AUSTRALIA LIMITED,GRAIN SERVICES AUSTRALIA,former,1992-08-20,2006-12-05,,4
4415,GRAINCORP LIMITED,GRAINCORP,legal,2006-12-06,,,4
4416,GENESIS ENERGY LIMITED,GENESIS ENERGY,legal,2016-03-02,,,4
4416,GENESIS POWER LIMITED,GENESIS POWER,former,2011-02-24,2016-03-01,,4
4417,GR ENGINEERING SERVICES LTD,GR ENGINEERING SERVICES,legal,2011-04-15,,,4
4417,JR ENGINEERING SERVICES PTY LTD,JR ENGINEERING SERVICES,former,2006-09-04,2011-04-14,,4
4418,GOLLIN WALLSEND COAL COMPANY LTD,GOLLIN WALLSEND COAL COMPANY,former,1899-02-13,2019-10-20,,4
4418,GREAT NORTHERN MINERALS LIMITED,GREAT NORTHERN MINERALS,legal,2019-10-21,,,4
4418,GREENPOWER ENERGY LIMITED,GREENPOWER ENERGY,former,1899-02-13,2019-10-20,,4
4418,GUNNEDAH COAL COMPANY LTD,GUNNEDAH COAL COMPANY,former,1899-02-13,2019-10-20,,4
4418,GUNNEDAH COLLIERY CO LTD,GUNNEDAH COLLIERY CO,former,1899-02-13,2019-10-20,,4
4419,GENUSPLUS GROUP LTD,GENUSPLUS GROUP,legal,2017-07-06,,,4
4420,GOWING BROS LTD,GOWING BROS,legal,1920-11-03,,,4
4421,GROWTHPOINT PROPERTIES AUSTRALIA LIMITED,GROWTHPOINT PROPERTIES AUSTRALIA,legal,2014-05-12,,,4
4421,ORCHARD MANAGEMENT LIMITED,ORCHARD MANAGEMENT,former,2007-02-22,2014-05-11,,4
4421,SAITEYSMCMAHON INDUSTRIAL LIMITED,SAITEYSMCMAHON INDUSTRIAL,former,2007-02-22,2014-05-11,,4
4422,GEOPACIFIC RESOURCES LTD,GEOPACIFIC RESOURCES,legal,2013-11-29,,,4
4422,GEOPACIFIC RESOURCES N L,GEOPACIFIC RESOURCES N L,former,1986-12-15,2013-11-28,,4
4423,GPT GROUP,GPT GROUP,legal,2026-08-18,,,4
4424,GQG PARTNERS INC.,GQG PARTNERS,legal,2021-09-13,,,4
4425,GREAT DIRT RESOURCES LTD,GREAT DIRT RESOURCES,legal,2023-08-28,,,4
4426,ACNCO RESOURCES PTY LTD,ACNCO RESOURCES,former,2021-03-24,2021-12-29,,4
4426,GREENTECH METALS LIMITED,GREENTECH METALS,legal,2021-12-30,,,4
4427,GODOLPHIN RESOURCES LIMITED,GODOLPHIN RESOURCES,former,2019-06-19,2026-07-29,,4
4427,GODOLPHIN RESOURCES LIMITED,GODOLPHIN RESOURCES,legal,2026-08-18,,,4
4427,ORBIT RESOURCES LIMITED,ORBIT RESOURCES,legal,2026-07-30,2026-08-18,,4
4428,GRANGE RESOURCES LIMITED,GRANGE RESOURCES,legal,2011-12-15,,,4
4428,SABMINCO N.L.,SABMINCO N L,former,1985-05-23,2011-12-14,,4
4428,SURFBOARD LIMITED,SURFBOARD,former,1985-05-23,2011-12-14,,4
4429,GWARDAR RESOURCES LIMITED,GWARDAR RESOURCES,legal,2025-12-17,,,4
4430,GREENVALE ENERGY LTD,GREENVALE ENERGY,legal,2022-11-25,,,4
4430,GREENVALE MINING LTD,GREENVALE MINING,former,1969-12-23,2022-11-24,,4
4430,GREENVALE MINING N.L.,GREENVALE MINING N L,former,1969-12-23,2022-11-24,,4
4431,GREENX METALS LIMITED,GREENX METALS,legal,2021-12-10,,,4
4431,INVESTMENT COMPANY OF THE WEST LTD,INVESTMENT COMPANY OF THE WEST,former,1957-06-27,2021-12-09,,4
4431,PRAIRIE DOWNS METALS LIMITED,PRAIRIE DOWNS METALS,former,1957-06-27,2021-12-09,,4
4431,PRAIRIE MINING LIMITED,PRAIRIE MINING,former,1957-06-27,2021-12-09,,4
4431,PROPERTY INVESTMENTS LTD,PROPERTY INVESTMENTS,former,1957-06-27,2021-12-09,,4
4432,GOLDEN STATE MINING LIMITED,GOLDEN STATE MINING,legal,2017-08-15,,,4
4433,FORTE CONSOLIDATED LIMITED,FORTE CONSOLIDATED,former,2011-01-12,2018-06-28,,4
4433,GREAT SOUTHERN MINING LIMITED,GREAT SOUTHERN MINING,legal,2018-06-29,,,4
4434,GENETIC SIGNATURES LIMITED,GENETIC SIGNATURES,legal,2015-04-01,,,4
4434,HUMAN GENETIC SIGNATURES PTY LIMITED,HUMAN GENETIC SIGNATURES,former,2001-02-15,2015-03-31,,4
4435,GENERAL NICE LITHIUM PTY LTD,GENERAL NICE LITHIUM,former,2021-03-12,2021-11-07,,4
4435,GREAT NORTHERN LITHIUM PTY LTD,GREAT NORTHERN LITHIUM,former,2021-03-12,2021-11-07,,4
4435,GREEN TECHNOLOGY METALS LIMITED,GREEN TECHNOLOGY METALS,legal,2021-11-08,,,4
4436,GREEN360 TECHNOLOGIES LIMITED,GREEN360 TECHNOLOGIES,legal,2025-03-07,,,4
4436,LITHEX RESOURCES LIMITED,LITHEX RESOURCES,former,2009-10-30,2025-03-06,,4
4436,SUVO STRATEGIC MINERALS LIMITED,SUVO STRATEGIC MINERALS,former,2009-10-30,2025-03-06,,4
4436,ULTRACHARGE LIMITED,ULTRACHARGE,former,2009-10-30,2025-03-06,,4
4437,GREAT WESTERN EXPLORATION LIMITED,GREAT WESTERN EXPLORATION,legal,2007-01-25,,,4
4438,CONCORD MINING N.L.,CONCORD MINING N L,former,1987-01-05,2025-05-13,,4
4438,CONSOLIDATED VICTORIAN GOLD MINES N.L.,CONSOLIDATED VICTORIAN GOLD MINES N L,former,1987-01-05,2025-05-13,,4
4438,CONSOLIDATED VICTORIAN MINES N.L.,CONSOLIDATED VICTORIAN MINES N L,former,1987-01-05,2025-05-13,,4
4438,DUKETON GOLDFIELDS LIMITED,DUKETON GOLDFIELDS,former,1987-01-05,2025-05-13,,4
4438,GENETIC TECHNOLOGIES LIMITED,GENETIC TECHNOLOGIES,legal,2025-05-14,,,4
4439,GRATIFII LIMITED,GRATIFII,legal,2021-05-12,,,4
4439,MOBECOM LIMITED,MOBECOM,former,2007-05-30,2021-05-11,,4
4439,WARATAH GOLD LIMITED,WARATAH GOLD,former,2007-05-30,2021-05-11,,4
4439,WARATAH RESOURCES LIMITED,WARATAH RESOURCES,former,2007-05-30,2021-05-11,,4
4440,GENTRACK GROUP LIMITED,GENTRACK GROUP,legal,2014-04-23,,,4
4441,A.C.N. 606 841 801 LTD,A C N 606 841 801,former,2015-07-02,2016-05-31,,4
4441,GTN LIMITED,GTN,legal,2016-06-01,,,4
4442,GULLEWA GOLD NL,GULLEWA GOLD,former,1953-07-10,2002-09-26,,4
4442,GULLEWA LIMITED,GULLEWA,legal,2002-09-27,,,4
4442,NATIONAL RESOURCES EXPLORATION LIMITED,NATIONAL RESOURCES EXPLORATION,former,1953-07-10,2002-09-26,,4
4442,UDAP INVESTMENTS LIMITED,UDAP INVESTMENTS,former,1953-07-10,2002-09-26,,4
4442,URANIUM DEVELOPMENT AND PROSPECTING NO-LIABILITY,URANIUM DEVELOPMENT AND PROSPECTING NO LIABILITY,former,1953-07-10,2002-09-26,,4
4443,GUMTREE AUSTRALIA MARKETS LIMITED,GUMTREE AUSTRALIA MARKETS,legal,2025-01-29,,,4
4443,HOTCOPPER HOLDINGS LIMITED,HOTCOPPER,former,2016-04-07,2025-01-28,,4
4443,THE MARKET HERALD LIMITED,THE MARKET HERALD,former,2016-04-07,2025-01-28,,4
4443,THE MARKET LIMITED,THE MARKET,former,2016-04-07,2025-01-28,,4
4444,GLOBAL VALUE FUND LIMITED,GLOBAL VALUE FUND,former,2014-03-20,2023-11-08,,4
4444,METAGE GLOBAL VALUE FUND LIMITED,METAGE GLOBAL VALUE FUND,former,2014-03-20,2023-11-08,,4
4444,STAUDE CAPITAL GLOBAL VALUE FUND LIMITED,STAUDE CAPITAL GLOBAL VALUE FUND,legal,2023-11-09,,,4
4445,BASS METALS LTD,BASS METALS,former,2004-07-07,2021-07-18,,4
4445,GREENWING RESOURCES LTD,GREENWING RESOURCES,legal,2021-07-19,,,4
4445,RESOURCE FINANCE AND INVESTMENTS LIMITED,RESOURCE FINANCE AND INVESTMENTS,former,2004-07-07,2021-07-18,,4
4446,GWA GROUP LIMITED.,GWA GROUP,legal,2026-08-18,,,4
4447,GOLDEN WEST RESOURCES LIMITED,GOLDEN WEST RESOURCES,former,2002-11-18,2013-11-28,,4
4447,GREAT WESTERN RESOURCES LIMITED,GREAT WESTERN RESOURCES,former,2002-11-18,2013-11-28,,4
4447,GWR GROUP LIMITED,GWR GROUP,legal,2013-11-29,,,4
4448,GUZMAN Y GOMEZ LIMITED,GUZMAN Y GOMEZ,legal,2007-05-23,,,4
4449,FERMISCAN HOLDINGS LIMITED,FERMISCAN,former,1969-05-07,2026-04-30,,4
4449,GREENHY2 LIMITED,GREENHY2,former,1969-05-07,2026-04-30,,4
4449,H2G LIMITED,H2G,legal,2026-05-01,,,4
4449,OLYMPUS PETROLEUM N.L.,OLYMPUS PETROLEUM N L,former,1969-05-07,2026-04-30,,4
4449,OLYMPUS RESOURCES LTD,OLYMPUS RESOURCES,former,1969-05-07,2026-04-30,,4
4449,TEMPO AUSTRALIA LTD,TEMPO AUSTRALIA,former,1969-05-07,2026-04-30,,4
4449,WEATHERLY OIL N.L.,WEATHERLY OIL N L,former,1969-05-07,2026-04-30,,4
4450,BLUEFIRE GAS LIMITED,BLUEFIRE GAS,former,1997-07-22,2025-11-30,,4
4450,H3 ENERGY LIMITED,H3 ENERGY,legal,2025-12-01,,,4
4450,TRANSERV AUSTRALIA LIMITED,TRANSERV AUSTRALIA,former,1997-07-22,2025-11-30,,4
4450,TRANSERV ENERGY LIMITED,TRANSERV ENERGY,former,1997-07-22,2025-11-30,,4
4450,WHITEBARK ENERGY LIMITED,WHITEBARK ENERGY,former,1997-07-22,2025-11-30,,4
4451,HALO TECHNOLOGIES HOLDINGS LTD,HALO TECHNOLOGIES,legal,2020-10-30,,,4
4452,HARANGA RESOURCES LIMITED,HARANGA RESOURCES,legal,2009-12-15,,,4
4453,AUGUSTUS MINERALS LIMITED,AUGUSTUS MINERALS,former,2006-11-29,2015-10-11,,4
4453,HASTINGS RARE METALS LTD,HASTINGS RARE METALS,former,2006-11-29,2015-10-11,,4
4453,HASTINGS TECHNOLOGY METALS LTD,HASTINGS TECHNOLOGY METALS,legal,2015-10-12,,,4
4454,HAVILAH RESOURCES LIMITED,HAVILAH RESOURCES,legal,1997-02-11,,,4
4455,GREAT GOLD MINES N.L.,GREAT GOLD MINES N L,former,1985-11-22,2008-03-25,,4
4455,GUTNICK RESOURCES N.L.,GUTNICK RESOURCES N L,former,1985-11-22,2008-03-25,,4
4455,HAWTHORN RESOURCES LIMITED,HAWTHORN RESOURCES,legal,2008-03-26,,,4
4455,MT. KERSEY MINING N.L.,MT KERSEY MINING N L,former,1985-11-22,2008-03-25,,4
4456,H&G HIGH CONVICTION LIMITED,H G HIGH CONVICTION,legal,2022-06-08,,,4
4457,HOT CHILI LIMITED,HOT CHILI,legal,2008-05-06,,,4
4458,HIGHCOM LIMITED,HIGHCOM,legal,2023-11-24,,,4
4458,XTEK LIMITED,XTEK,former,2003-02-06,2023-11-23,,4
4459,COLLTECH AUSTRALIA LIMITED,COLLTECH AUSTRALIA,former,2000-09-18,2009-07-12,,4
4459,HOLISTA COLLTECH LIMITED,HOLISTA COLLTECH,legal,2009-07-13,,,4
4459,ST KILDA CLINIC 2 PTY LTD,ST KILDA CLINIC 2,former,2000-09-18,2009-07-12,,4
4460,HEALTHCO HEALTHCARE AND WELLNESS REIT,HEALTHCO HEALTHCARE AND WELLNESS REIT,legal,2026-08-18,,,4
4461,HOMECO DAILY NEEDS REIT,HOMECO DAILY NEEDS REIT,legal,2026-08-18,,,4
4462,HELIOS ENERGY LTD,HELIOS ENERGY,legal,2017-04-20,,,4
4462,NEW HORIZON COAL LTD,NEW HORIZON COAL,former,2010-06-04,2017-04-19,,4
4462,NEW HORIZON MINERALS LTD,NEW HORIZON MINERALS,former,2010-06-04,2017-04-19,,4
4463,HIGHFIELD RESOURCES LIMITED,HIGHFIELD RESOURCES,legal,2011-10-25,,,4
4464,HUBIFY LIMITED,HUBIFY,legal,2020-10-27,,,4
4464,LIFESTYLE GLOBAL NETWORKS LTD,LIFESTYLE GLOBAL NETWORKS,former,2015-08-28,2020-10-26,,4
4464,UNITED NETWORKS LTD,UNITED NETWORKS,former,2015-08-28,2020-10-26,,4
4465,HEARTLAND GROUP HOLDINGS LIMITED,HEARTLAND GROUP,legal,2018-07-31,,,4
4466,HILLGROVE GOLD LIMITED,HILLGROVE GOLD,former,1952-03-24,2018-01-16,,4
4466,HILLGROVE RESOURCES LIMITED,HILLGROVE RESOURCES,legal,2018-01-17,,,4
4466,VAM LIMITED,VAM,former,1952-03-24,2018-01-16,,4
4466,VICTORIAN ANTIMONY MINES LTD.,VICTORIAN ANTIMONY MINES,former,1952-03-24,2018-01-16,,4
4467,CARPENTARIA EXPLORATION LIMITED,CARPENTARIA EXPLORATION,former,2000-11-17,2021-08-09,,4
4467,CARPENTARIA RESOURCES LTD,CARPENTARIA RESOURCES,former,2000-11-17,2021-08-09,,4
4467,HAWSONS IRON LTD,HAWSONS IRON,legal,2021-08-10,,,4
4467,SUNMUSTARD PTY LTD,SUNMUSTARD,former,2000-11-17,2021-08-09,,4
4468,HITIQ LIMITED,HITIQ,legal,2021-06-15,,,4
4468,IMPACT TECHNOLOGIES AUSTRALIA PTY LTD,IMPACT TECHNOLOGIES AUSTRALIA,former,2015-11-27,2021-06-14,,4
4469,HITECH GROUP AUSTRALIA LIMITED,HITECH GROUP AUSTRALIA,legal,2000-04-06,,,4
4469,HITECH PERSONNEL PTY. LTD.,HITECH PERSONNEL,former,1993-10-14,2000-04-05,,4
4470,GENWORTH MORTGAGE INSURANCE AUSTRALIA LIMITED,GENWORTH MORTGAGE INSURANCE AUSTRALIA,former,2011-12-21,2022-11-14,,4
4470,GENWORTH MORTGAGE INSURANCE GROUP LIMITED,GENWORTH MORTGAGE INSURANCE GROUP,former,2011-12-21,2022-11-14,,4
4470,HELIA GROUP LIMITED,HELIA GROUP,legal,2022-11-15,,,4
4471,HEARTLINK DIAGNOSTICS LIMITED,HEARTLINK DIAGNOSTICS,former,2000-01-17,2017-04-09,,4
4471,HEARTLINK LIMITED,HEARTLINK,former,2000-01-17,2017-04-09,,4
4471,HELLOWORLD LIMITED,HELLOWORLD,former,2000-01-17,2017-04-09,,4
4471,HELLOWORLD TRAVEL LIMITED,HELLOWORLD TRAVEL,legal,2017-04-10,,,4
4471,JETSET TRAVELWORLD LTD,JETSET TRAVELWORLD,former,2000-01-17,2017-04-09,,4
4472,HEALIUS LIMITED,HEALIUS,legal,2018-12-03,,,4
4472,HYGRISTOR PTY LTD,HYGRISTOR,former,1994-05-17,2018-12-02,,4
4472,PRIMARY HEALTH CARE LIMITED,PRIMARY HEALTH CARE,former,1994-05-17,2018-12-02,,4
4473,HELIX RESOURCES LIMITED,HELIX RESOURCES,legal,2001-06-28,,,4
4473,HELIX RESOURCES N.L.,HELIX RESOURCES N L,former,1985-06-26,2001-06-27,,4
4474,HEARTS AND MINDS INVESTMENTS LIMITED,HEARTS AND MINDS INVESTMENTS,legal,2018-09-12,,,4
4475,HMC CAPITAL LIMITED,HMC CAPITAL,legal,2022-11-24,,,4
4475,HOME CONSORTIUM LIMITED,HOME CONSORTIUM,former,2009-08-20,2022-11-23,,4
4475,HYDROX HOLDINGS PTY LTD,HYDROX,former,2009-08-20,2022-11-23,,4
4476,HERAMED LIMITED,HERAMED,legal,2018-05-21,,,4
4477,HAMELIN GOLD LIMITED,HAMELIN GOLD,legal,2021-05-24,,,4
4478,HIREMII LIMITED,HIREMII,legal,2020-07-28,,,4
4479,CENTRAL QUEENSLAND RESOURCES LIMITED,CENTRAL QUEENSLAND RESOURCES,former,2000-11-16,2017-06-19,,4
4479,HAMMER METALS LIMITED,HAMMER METALS,legal,2017-06-20,,,4
4479,MIDAS RESOURCES LTD,MIDAS RESOURCES,former,2000-11-16,2017-06-19,,4
4480,HARMONEY CORP LIMITED,HARMONEY CORP,legal,2020-10-12,,,4
4481,HORSESHOE METALS LIMITED,HORSESHOE METALS,legal,2025-09-04,,,4
4481,SHERGAR CORPORATION LIMITED,SHERGAR CORPORATION,former,2006-12-14,2025-09-03,,4
4482,THE HYDRATION PHARMACEUTICALS COMPANY LIMITED,THE HYDRATION PHARMACEUTICALS COMPANY,legal,2017-07-24,,,4
4483,HIPAGES GROUP HOLDINGS LTD,HIPAGES GROUP,legal,2020-09-18,,,4
4484,HIGH PEAK ROYALTIES LIMITED,HIGH PEAK ROYALTIES,legal,2014-04-17,,,4
4484,TORRENS ENERGY LIMITED,TORRENS ENERGY,former,2006-01-27,2014-04-16,,4
4485,HEAVY RARE EARTHS LIMITED,HEAVY RARE EARTHS,legal,2022-08-22,,,4
4485,HRE CORPORATION LIMITED,HRE CORPORATION,former,2021-03-25,2022-08-21,,4
4486,HORIZON GOLD LIMITED,HORIZON GOLD,legal,2016-08-10,,,4
4487,HANSEN TECHNOLOGIES LIMITED,HANSEN TECHNOLOGIES,legal,2000-03-17,,,4
4488,ADEFFECTIVE LIMITED,ADEFFECTIVE,former,1998-12-11,2016-07-18,,4
4488,HARRIS TECHNOLOGY GROUP LIMITED,HARRIS TECHNOLOGY GROUP,legal,2016-07-19,,,4
4488,SHOPLY LIMITED,SHOPLY,former,1998-12-11,2016-07-18,,4
4488,THE SWISH GROUP LIMITED,THE SWISH GROUP,former,1998-12-11,2016-07-18,,4
4489,HIGH-TECH METALS LTD,HIGH TECH METALS,legal,2022-02-11,,,4
4490,FINDLAY SECURITIES LIMITED,FINDLAY SECURITIES,former,2007-04-13,2013-08-14,,4
4490,HUB24 LIMITED,HUB24,legal,2013-08-15,,,4
4490,INVESTORFIRST LIMITED,INVESTORFIRST,former,2007-04-13,2013-08-14,,4
4491,FLEXIGROUP LIMITED,FLEXIGROUP,former,2006-11-14,2020-11-19,,4
4491,HUMM GROUP LIMITED,HUMM GROUP,legal,2020-11-20,,,4
4492,CAVITON LTD,CAVITON,former,1987-02-09,1997-03-13,,4
4492,HARVEY NORMAN HOLDINGS LTD,HARVEY NORMAN,legal,1997-03-14,,,4
4493,HEAVY MINERALS LIMITED,HEAVY MINERALS,legal,2021-02-10,,,4
4494,ALDERAN RESOURCES LIMITED,ALDERAN RESOURCES,former,2013-07-31,2024-11-27,,4
4494,HAWK RESOURCES LIMITED,HAWK RESOURCES,legal,2024-11-28,,,4
4495,HEXIMA LIMITED.,HEXIMA,legal,2020-12-01,,,4
4495,MELBOURNE SCIENCE AND TECHNOLOGY FUND LIMITED,MELBOURNE SCIENCE AND TECHNOLOGY FUND,former,1997-07-17,2020-11-30,,4
4496,HAPWIL PTY LTD,HAPWIL,former,1993-06-16,2018-10-31,,4
4496,HYDRIX LIMITED,HYDRIX,legal,2018-11-01,,,4
4496,PANORAMA SYNERGY LTD,PANORAMA SYNERGY,former,1993-06-16,2018-10-31,,4
4496,ST SYNERGY LIMITED,ST SYNERGY,former,1993-06-16,2018-10-31,,4
4497,BRAINZ INSTRUMENTS LIMITED,BRAINZ INSTRUMENTS,former,2005-10-24,2022-06-29,,4
4497,HYTERRA LTD,HYTERRA,legal,2022-06-30,,,4
4497,TANGO PETROLEUM LIMITED,TANGO PETROLEUM,former,2005-10-24,2022-06-29,,4
4497,TRIPLE ENERGY LIMITED,TRIPLE ENERGY,former,2005-10-24,2022-06-29,,4
4498,BLIGH OIL & MINERALS N.L.,BLIGH OIL MINERALS N L,former,1969-11-28,2011-02-17,,4
4498,HORIZON OIL LIMITED,HORIZON OIL,legal,2011-02-18,,,4
4498,HORIZON OIL N.L.,HORIZON OIL N L,former,1969-11-28,2011-02-17,,4
4499,HAZER GROUP LIMITED,HAZER GROUP,legal,2015-11-30,,,4
4499,HAZER PTY LTD,HAZER,former,2010-06-21,2015-11-29,,4
4500,INFINI RESOURCES LIMITED,INFINI RESOURCES,legal,2021-12-16,,,4
4501,INSURANCE AUSTRALIA GROUP LIMITED,INSURANCE AUSTRALIA GROUP,legal,2023-06-15,,,4
4501,NRMA INSURANCE GROUP LIMITED,NRMA INSURANCE GROUP,former,1999-11-30,2023-06-14,,4
4502,CASHWERKZ LIMITED,CASHWERKZ,former,1986-07-15,2021-08-09,,4
4502,CORPORATE QUEENSLAND LIMITED,CORPORATE QUEENSLAND,former,1986-07-15,2021-08-09,,4
4502,INCOME ASSET MANAGEMENT GROUP LIMITED,INCOME ASSET MANAGEMENT GROUP,legal,2021-08-10,,,4
4502,QUEENSLAND TOURISM INDUSTRIES LIMITED,QUEENSLAND TOURISM INDUSTRIES,former,1986-07-15,2021-08-09,,4
4502,QUEENSLAND TRUSTEES AND INVESTMENT LIMITED,QUEENSLAND TRUSTEES AND INVESTMENT,former,1986-07-15,2021-08-09,,4
4502,TRUSTEES AUSTRALIA LIMITED,TRUSTEES AUSTRALIA,former,1986-07-15,2021-08-09,,4
4503,BESVARE LIMITED,BESVARE,former,1986-06-24,2025-11-27,,4
4503,BT AUSTRALIAN EQUITY MANAGEMENT LIMITED,BT AUSTRALIAN EQUITY MANAGEMENT,former,1986-06-24,2025-11-27,,4
4503,IRONBARK BALANCED INCOME LIMITED,IRONBARK BALANCED INCOME,legal,2025-11-28,,,4
4503,IRONBARK CAPITAL LIMITED,IRONBARK CAPITAL,former,1986-06-24,2025-11-27,,4
4504,CAPE LAMBERT IRON ORE LTD,CAPE LAMBERT IRON ORE,former,2000-11-10,2026-01-28,,4
4504,CAPE LAMBERT RESOURCES LIMITED,CAPE LAMBERT RESOURCES,former,2000-11-10,2026-01-28,,4
4504,CYCLONE METALS LIMITED,CYCLONE METALS,former,2000-11-10,2026-01-28,,4
4504,HAMILL RESOURCES LTD,HAMILL RESOURCES,former,2000-11-10,2026-01-28,,4
4504,INTERNATIONAL GOLDFIELDS LIMITED,INTERNATIONAL GOLDFIELDS,former,2000-11-10,2026-01-28,,4
4504,IRON BEAR RESOURCES LTD,IRON BEAR RESOURCES,legal,2026-01-29,,,4
4505,IMAGION BIOSYSTEMS LIMITED,IMAGION BIOSYSTEMS,legal,2016-12-06,,,4
4506,ICETANA LIMITED,ICETANA,legal,2009-11-09,,,4
4507,ICENI GOLD LIMITED,ICENI GOLD,legal,2020-07-13,,,4
4508,INTELICARE HOLDINGS LIMITED,INTELICARE,legal,2017-10-26,,,4
4509,BIR FINANCIAL LIMITED,BIR FINANCIAL,former,1996-05-16,2025-02-13,,4
4509,BIRRABONG CORPORATION LIMITED,BIRRABONG CORPORATION,former,1996-05-16,2025-02-13,,4
4509,FERROWEST LIMITED,FERROWEST,former,1996-05-16,2025-02-13,,4
4509,INVESTOR CENTRE LIMITED,INVESTOR CENTRE,legal,2025-02-14,,,4
4509,LIVING CITIES DEVELOPMENT GROUP LIMITED,LIVING CITIES DEVELOPMENT GROUP,former,1996-05-16,2025-02-13,,4
4509,WESTERN AUSTRALIAN PULP MILLS PTY LTD,WESTERN AUSTRALIAN PULP MILLS,former,1996-05-16,2025-02-13,,4
4510,A.C.N. 603 107 044 PTY LTD,A C N 603 107 044,former,2014-11-28,2022-12-28,,4
4510,IDENTITII LIMITED,IDENTITII,legal,2022-12-29,,,4
4510,SPARRO (AUSTRALIA) PTY LTD,SPARRO AUSTRALIA,former,2014-11-28,2022-12-28,,4
4511,GOLDSTREAM MINING N.L.,GOLDSTREAM MINING N L,former,1985-04-19,2016-06-09,,4
4511,IMX RESOURCES LIMITED,IMX RESOURCES,former,1985-04-19,2016-06-09,,4
4511,INDIANA RESOURCES LIMITED,INDIANA RESOURCES,legal,2016-06-10,,,4
4512,IDT AUSTRALIA LIMITED,IDT AUSTRALIA,legal,2007-10-29,,,4
4512,INSTITUTE OF DRUG TECHNOLOGY (AUST.) LIMITED,INSTITUTE OF DRUG TECHNOLOGY AUST,former,1986-02-11,2007-10-28,,4
4512,INSTITUTE OF DRUG TECHNOLOGY AUSTRALIA LIMITED,INSTITUTE OF DRUG TECHNOLOGY AUSTRALIA,former,1986-02-11,2007-10-28,,4
4512,SIXTH COMET PTY. LTD.,SIXTH COMET,former,1986-02-11,2007-10-28,,4
4513,INTEGRAL DIAGNOSTICS LIMITED,INTEGRAL DIAGNOSTICS,legal,2020-04-24,,,4
4513,LAKE IMAGING HOLDINGS PTY LTD,LAKE IMAGING,former,2008-04-29,2020-04-23,,4
4514,IDP EDUCATION LIMITED,IDP EDUCATION,legal,2005-12-22,,,4
4515,INTERNATIONAL EQUITIES CORPORATION LTD,INTERNATIONAL EQUITIES CORPORATION,legal,1997-03-13,,,4
4515,INTERNATIONAL PHILATELIC CORPORATION LTD,INTERNATIONAL PHILATELIC CORPORATION,former,1984-03-22,1997-03-12,,4
4515,MANKARA PTY. LTD.,MANKARA,former,1984-03-22,1997-03-12,,4
4516,FAMILY INSIGHTS GROUP LIMITED,FAMILY INSIGHTS GROUP,former,2001-05-21,2024-11-07,,4
4516,FRUGL GROUP LIMITED,FRUGL GROUP,former,2001-05-21,2024-11-07,,4
4516,INFOCUS GROUP HOLDINGS LIMITED,INFOCUS GROUP,legal,2024-11-08,,,4
4516,SHIELDLINER LIMITED,SHIELDLINER,former,2001-05-21,2024-11-07,,4
4516,SHIELDLINERCO LTD,SHIELDLINERCO,former,2001-05-21,2024-11-07,,4
4516,VORTEX PIPES LIMITED,VORTEX PIPES,former,2001-05-21,2024-11-07,,4
4516,VTX HOLDINGS LIMITED,VTX,former,2001-05-21,2024-11-07,,4
4516,WANGLE TECHNOLOGIES LIMITED,WANGLE TECHNOLOGIES,former,2001-05-21,2024-11-07,,4
4517,A.C.N. 668 228 742 PTY LTD,A C N 668 228 742,former,2023-05-24,2025-06-22,,4
4517,INFRAGREEN GROUP LIMITED,INFRAGREEN GROUP,legal,2025-06-23,,,4
4518,INFRATIL LIMITED,INFRATIL,legal,2010-07-26,,,4
4519,INTERNATIONAL GRAPHITE LIMITED,INTERNATIONAL GRAPHITE,legal,2018-02-21,,,4
4520,IVE GROUP LIMITED,IVE GROUP,legal,2015-06-10,,,4
4521,CANDLE AUSTRALIA LIMITED,CANDLE AUSTRALIA,former,1984-02-20,2018-12-01,,4
4521,CANDLE COMPUTER SERVICES PTY LTD,CANDLE COMPUTER SERVICES,former,1984-02-20,2018-12-01,,4
4521,CLARIUS GROUP LIMITED,CLARIUS GROUP,former,1984-02-20,2018-12-01,,4
4521,IGNITE LIMITED,IGNITE,legal,2018-12-02,,,4
4521,MENDNOR PTY LTD,MENDNOR,former,1984-02-20,2018-12-01,,4
4522,IGO LIMITED,IGO,legal,2020-01-17,,,4
4522,INDEPENDENCE GOLD NL,INDEPENDENCE GOLD,former,2000-05-10,2020-01-16,,4
4522,INDEPENDENCE GROUP NL,INDEPENDENCE GROUP,former,2000-05-10,2020-01-16,,4
4523,BARD1 LIFE SCIENCES LIMITED,BARD1 LIFE SCIENCES,former,1983-06-30,2021-11-30,,4
4523,ESMERALDA EXPLORATION LIMITED,ESMERALDA EXPLORATION,former,1983-06-30,2021-11-30,,4
4523,EUROGOLD LIMITED,EUROGOLD,former,1983-06-30,2021-11-30,,4
4523,INOVIQ LTD,INOVIQ,legal,2021-12-01,,,4
4524,IKEGPS GROUP LIMITED,IKEGPS GROUP,legal,2016-11-16,,,4
4525,ISLAND PHARMACEUTICALS LIMITED,ISLAND PHARMACEUTICALS,legal,2020-05-25,,,4
4526,ARCHIES PLACE PTY LTD,ARCHIES PLACE,former,2021-04-09,2023-06-27,,4
4526,ILTANI RESOURCES LIMITED,ILTANI RESOURCES,legal,2023-06-28,,,4
4527,ILUKA RESOURCES LIMITED,ILUKA RESOURCES,legal,1999-05-24,,,4
4527,WESTRALIAN SANDS LIMITED,WESTRALIAN SANDS,former,1954-07-21,1999-05-23,,4
4528,IMAGE RESOURCES NL,IMAGE RESOURCES,legal,2002-07-03,,,4
4528,MAGNETIC RESOURCES NL,MAGNETIC RESOURCES,former,1994-03-22,2002-07-02,,4
4529,AUSTRAL AFRICA RESOURCES LIMITED,AUSTRAL AFRICA RESOURCES,former,1993-06-30,2021-12-06,,4
4529,EAST AFRICA RESOURCES LIMITED,EAST AFRICA RESOURCES,former,1993-06-30,2021-12-06,,4
4529,INTELLIGENT MONITORING GROUP LIMITED,INTELLIGENT MONITORING GROUP,legal,2021-12-07,,,4
4529,MT GRACE GOLD MINING NL,MT GRACE GOLD MINING,former,1993-06-30,2021-12-06,,4
4529,MT GRACE RESOURCES LIMITED,MT GRACE RESOURCES,former,1993-06-30,2021-12-06,,4
4529,NEW WORLD ALLOYS LIMITED,NEW WORLD ALLOYS,former,1993-06-30,2021-12-06,,4
4529,THREAT PROTECT AUSTRALIA LIMITED,THREAT PROTECT AUSTRALIA,former,1993-06-30,2021-12-06,,4
4530,ANADIS LIMITED,ANADIS,former,1994-01-13,2008-11-27,,4
4530,IMMURON LIMITED,IMMURON,legal,2008-11-28,,,4
4531,IMDEX LTD,IMDEX,legal,1997-03-12,,,4
4531,IMDEX N.L.,IMDEX N L,former,1980-12-17,1997-03-11,,4
4531,PILBARA GOLD N.L.,PILBARA GOLD N L,former,1980-12-17,1997-03-11,,4
4532,ABC - AUSTRALIAN BIODIESEL CONSULTANCY PTY. LTD.,ABC AUSTRALIAN BIODIESEL CONSULTANCY,former,2001-05-03,2018-08-27,,4
4532,AUSTRALIAN BIODIESEL GROUP LIMITED,AUSTRALIAN BIODIESEL GROUP,former,2001-05-03,2018-08-27,,4
4532,IMEXHS LIMITED,IMEXHS,legal,2018-08-28,,,4
4532,OMNI MARKET TIDE LTD,OMNI MARKET TIDE,former,2001-05-03,2018-08-27,,4
4532,SOLVERDI WORLDWIDE LIMITED,SOLVERDI WORLDWIDE,former,2001-05-03,2018-08-27,,4
4532,SWW ENERGY LIMITED,SWW ENERGY,former,2001-05-03,2018-08-27,,4
4533,INFINITY MINING LIMITED,INFINITY MINING,legal,2021-12-20,,,4
4533,MACARTHUR LITHIUM PTY LTD,MACARTHUR LITHIUM,former,2015-11-24,2021-12-19,,4
4533,MACARTHUR OPERATIONS PTY LTD,MACARTHUR OPERATIONS,former,2015-11-24,2021-12-19,,4
4534,IMMUTEP LIMITED,IMMUTEP,legal,2017-11-22,,,4
4534,PRIMA BIOMED LTD,PRIMA BIOMED,former,1987-05-21,2017-11-21,,4
4534,PRIMA RESOURCES LTD,PRIMA RESOURCES,former,1987-05-21,2017-11-21,,4
4534,PRIMA RESOURCES N.L.,PRIMA RESOURCES N L,former,1987-05-21,2017-11-21,,4
4535,"IMRICOR MEDICAL SYSTEMS, INC.",IMRICOR MEDICAL SYSTEMS,legal,2019-04-26,,,4
4536,CALDABLE PTY. LIMITED,CALDABLE,former,1986-05-30,2002-08-21,,4
4536,IMUGENE LIMITED,IMUGENE,legal,2002-08-22,,,4
4536,VOS INDUSTRIES LIMITED,VOS INDUSTRIES,former,1986-05-30,2002-08-21,,4
4536,VOSFRY SYSTEMS AUSTRALIA PTY. LTD.,VOSFRY SYSTEMS AUSTRALIA,former,1986-05-30,2002-08-21,,4
4536,VOSTECH LIMITED,VOSTECH,former,1986-05-30,2002-08-21,,4
4537,INGENIA COMMUNITIES GROUP,INGENIA COMMUNITIES GROUP,legal,2026-08-18,,,4
4538,INDUSTRIAL MINERALS LTD,INDUSTRIAL MINERALS,legal,2021-02-23,,,4
4539,INFINITY LITHIUM CORPORATION LIMITED,INFINITY LITHIUM CORPORATION,former,2010-11-17,2025-07-31,,4
4539,INFINITY METALS LIMITED,INFINITY METALS,legal,2025-08-01,,,4
4539,PLYMOUTH MINERALS LIMITED,PLYMOUTH MINERALS,former,2010-11-17,2025-07-31,,4
4540,INGHAM HOLDINGS I LIMITED,INGHAM HOLDINGS I,former,2013-03-06,2017-06-19,,4
4540,INGHAMS GROUP LIMITED,INGHAMS GROUP,legal,2017-06-20,,,4
4541,GLOBAL GEOSCIENCE LIMITED,GLOBAL GEOSCIENCE,former,2001-10-26,2018-10-30,,4
4541,IONEER LTD,IONEER,legal,2018-10-31,,,4
4541,PARADIGM GEOSCIENCE PTY LTD,PARADIGM GEOSCIENCE,former,2001-10-26,2018-10-30,,4
4542,AUSTRALASIAN WEALTH INVESTMENTS LIMITED,AUSTRALASIAN WEALTH INVESTMENTS,former,2004-11-12,2016-05-17,,4
4542,FAT PROPHETS AUSTRALIA FUND LIMITED,FAT PROPHETS AUSTRALIA FUND,former,2004-11-12,2016-05-17,,4
4542,INVESTSMART GROUP LIMITED,INVESTSMART GROUP,legal,2016-05-18,,,4
4542,MERRICKS CAPITAL SPECIAL OPPORTUNITY FUND LIMITED,MERRICKS CAPITAL SPECIAL OPPORTUNITY FUND,former,2004-11-12,2016-05-17,,4
4543,IODM LIMITED,IODM,legal,2016-06-30,,,4
4543,PARADIGM GOLD LIMITED,PARADIGM GOLD,former,2002-11-07,2016-06-29,,4
4543,PARADIGM METALS LIMITED,PARADIGM METALS,former,2002-11-07,2016-06-29,,4
4544,IONDRIVE LIMITED,IONDRIVE,legal,2023-11-10,,,4
4544,SOUTHERN GOLD LIMITED,SOUTHERN GOLD,former,2004-01-02,2023-11-09,,4
4545,FIRESTRIKE RESOURCES LIMITED,FIRESTRIKE RESOURCES,former,2011-03-10,2025-11-26,,4
4545,ION VIDEO LTD,ION VIDEO,legal,2025-11-27,,,4
4545,LINIUS TECHNOLOGIES LIMITED,LINIUS TECHNOLOGIES,former,2011-03-10,2025-11-26,,4
4546,BELMONT HOLDINGS LTD,BELMONT,former,1954-12-13,2010-11-09,,4
4546,IMPERIAL PACIFIC LIMITED,IMPERIAL PACIFIC,legal,2010-11-10,,,4
4547,IMPEDIMED LIMITED,IMPEDIMED,legal,1999-09-27,,,4
4548,ALSTOM INDUSTRIAL PRODUCTS LIMITED,ALSTOM INDUSTRIAL PRODUCTS,former,2004-09-29,2021-12-14,,4
4548,IPD GROUP LTD,IPD GROUP,legal,2021-12-15,,,4
4549,IPH LIMITED,IPH,legal,2014-04-09,,,4
4550,IMPACT MINERALS LIMITED,IMPACT MINERALS,legal,2006-03-31,,,4
4551,HYPERION METALS LIMITED,HYPERION METALS,former,2017-05-05,2022-02-08,,4
4551,IPERIONX LIMITED,IPERIONX,legal,2022-02-09,,,4
4551,TAO COMMODITIES LTD,TAO COMMODITIES,former,2017-05-05,2022-02-08,,4
4552,IRON ROAD LTD,IRON ROAD,legal,2007-11-29,,,4
4553,BRIDGE/DFS LIMITED,BRIDGE DFS,former,1993-05-31,2012-05-10,,4
4553,BRIDGEDFS LIMITED,BRIDGEDFS,former,1993-05-31,2012-05-10,,4
4553,DUNAI FINANCIAL SYSTEMS PTY. LTD.,DUNAI FINANCIAL SYSTEMS,former,1993-05-31,2012-05-10,,4
4553,IRESS LIMITED,IRESS,legal,2012-05-11,,,4
4553,IRESS MARKET TECHNOLOGY LIMITED,IRESS MARKET TECHNOLOGY,former,1993-05-31,2012-05-10,,4
4554,INTEGRATED RESEARCH LIMITED,INTEGRATED RESEARCH,legal,1988-08-03,,,4
4555,I SYNERGY GROUP LIMITED,I SYNERGY GROUP,legal,2016-07-28,,,4
4556,ITECH MINERALS LTD,ITECH MINERALS,legal,2021-02-24,,,4
4557,ARUNTA RESOURCES LIMITED,ARUNTA RESOURCES,former,1999-08-24,2025-10-26,,4
4557,DADON LIMITED,DADON,former,1999-08-24,2025-10-26,,4
4557,INFOTRUST LTD,INFOTRUST,legal,2025-10-27,,,4
4557,ONLINE TRADING SYSTEMS LIMITED,ONLINE TRADING SYSTEMS,former,1999-08-24,2025-10-26,,4
4557,SPIRIT TECHNOLOGY SOLUTIONS LTD,SPIRIT TECHNOLOGY SOLUTIONS,former,1999-08-24,2025-10-26,,4
4557,SPIRIT TELECOM LIMITED,SPIRIT TELECOM,former,1999-08-24,2025-10-26,,4
4557,TRANSOL CORPORATION LIMITED,TRANSOL CORPORATION,former,1999-08-24,2025-10-26,,4
4558,DOMINION MINERALS LIMITED,DOMINION MINERALS,former,2002-09-06,2025-01-02,,4
4558,FACTOR THERAPEUTICS LIMITED,FACTOR THERAPEUTICS,former,2002-09-06,2025-01-02,,4
4558,INVERT GRAPHITE LIMITED,INVERT GRAPHITE,legal,2025-01-03,,,4
4558,TISSUE THERAPIES LIMITED,TISSUE THERAPIES,former,2002-09-06,2025-01-02,,4
4559,INVESTIGATOR RESOURCES LTD,INVESTIGATOR RESOURCES,former,2005-07-18,2025-11-26,,4
4559,INVESTIGATOR SILVER LIMITED,INVESTIGATOR SILVER,legal,2025-11-27,,,4
4559,SOUTHERN URANIUM LIMITED,SOUTHERN URANIUM,former,2005-07-18,2025-11-26,,4
4560,CBIO LIMITED,CBIO,former,2000-10-11,2012-08-30,,4
4560,INVION LIMITED,INVION,legal,2012-08-31,,,4
4561,INTERPOSE HOLDINGS LIMITED,INTERPOSE,former,2011-05-17,2018-06-17,,4
4561,INVICTUS ENERGY LTD,INVICTUS ENERGY,legal,2018-06-18,,,4
4561,SUNBIRD ENERGY LTD.,SUNBIRD ENERGY,former,2011-05-17,2018-06-17,,4
4562,INVEX THERAPEUTICS LTD,INVEX THERAPEUTICS,legal,2019-03-08,,,4
4563,EZENET LIMITED,EZENET,former,1998-07-29,2020-03-18,,4
4563,IONIC RARE EARTHS LIMITED,IONIC RARE EARTHS,legal,2020-03-19,,,4
4563,ORO VERDE LIMITED,ORO VERDE,former,1998-07-29,2020-03-18,,4
4564,JAMESON RESOURCES LIMITED,JAMESON RESOURCES,legal,2007-07-05,,,4
4565,HAMILTON JAMES & BRUCE GROUP LIMITED,HAMILTON JAMES BRUCE GROUP,former,2000-02-02,2017-12-14,,4
4565,HJ&B GROUP LIMITED,HJ B GROUP,former,2000-02-02,2017-12-14,,4
4565,HJB CORPORATION LIMITED,HJB CORPORATION,former,2000-02-02,2017-12-14,,4
4565,JANISON EDUCATION GROUP LIMITED,JANISON EDUCATION GROUP,legal,2017-12-15,,,4
4566,JATCORP LIMITED,JATCORP,legal,2020-06-18,,,4
4566,JATENERGY LIMITED,JATENERGY,former,2006-11-23,2020-06-17,,4
4566,JATOIL LIMITED,JATOIL,former,2006-11-23,2020-06-17,,4
4566,THIRDPLAN INVESTMENTS LIMITED,THIRDPLAN INVESTMENTS,former,2006-11-23,2020-06-17,,4
4567,JAVELIN MINERALS LIMITED,JAVELIN MINERALS,legal,2021-12-01,,,4
4567,VICTORY MINES LIMITED,VICTORY MINES,former,2011-07-04,2021-11-30,,4
4568,JAYRIDE GROUP LIMITED,JAYRIDE GROUP,legal,2022-04-13,,,4
4568,JAYRIDE TECHNOLOGY PTY LTD,JAYRIDE TECHNOLOGY,former,2012-01-23,2022-04-12,,4
4569,BELLCAVE PTY. LIMITED,BELLCAVE,former,2000-06-07,2003-10-22,,4
4569,JB HI-FI LIMITED,JB HI FI,legal,2003-10-23,,,4
4570,JCURVE SOLUTIONS LTD,JCURVE SOLUTIONS,legal,2013-12-10,,,4
4570,STRATACOM COMMUNICATIONS PTY LTD,STRATACOM COMMUNICATIONS,former,1999-06-24,2013-12-09,,4
4570,STRATATEL LIMITED,STRATATEL,former,1999-06-24,2013-12-09,,4
4570,STRATATEL.COM LIMITED,STRATATEL COM,former,1999-06-24,2013-12-09,,4
4571,A.C.N. 612 862 727 LIMITED,A C N 612 862 727,former,2016-06-07,2021-11-02,,4
4571,JUDO CAPITAL HOLDINGS LIMITED,JUDO CAPITAL,legal,2021-11-03,,,4
4572,HIGH GRADE METALS LIMITED,HIGH GRADE METALS,former,1994-01-11,2021-09-29,,4
4572,IC2 GLOBAL LIMITED,IC2 GLOBAL,former,1994-01-11,2021-09-29,,4
4572,JADE GAS HOLDINGS LIMITED,JADE GAS,legal,2021-09-30,,,4
4572,QUEST MINERALS LIMITED,QUEST MINERALS,former,1994-01-11,2021-09-29,,4
4572,WESTEL GROUP LIMITED,WESTEL GROUP,former,1994-01-11,2021-09-29,,4
4573,JAMES HARDIE INDUSTRIES PLC,JAMES HARDIE INDUSTRIES PLC,legal,2026-08-18,,,4
4574,JUMBO CORPORATION LIMITED,JUMBO CORPORATION,former,1986-07-16,2010-11-15,,4
4574,JUMBO INTERACTIVE LIMITED,JUMBO INTERACTIVE,legal,2010-11-16,,,4
4574,JUMBOMALL.COM CORPORATION LIMITED,JUMBOMALL COM CORPORATION,former,1986-07-16,2010-11-15,,4
4574,MANACCOM CORPORATION LIMITED,MANACCOM CORPORATION,former,1986-07-16,2010-11-15,,4
4574,WINDSOR RESOURCES LIMITED,WINDSOR RESOURCES,former,1986-07-16,2010-11-15,,4
4574,WINDSOR RESOURCES N.L.,WINDSOR RESOURCES N L,former,1986-07-16,2010-11-15,,4
4575,HORIZON EXPLORATION PTY LTD,HORIZON EXPLORATION,former,1994-03-29,2023-11-26,,4
4575,JINDALEE LITHIUM LIMITED,JINDALEE LITHIUM,legal,2023-11-27,,,4
4575,JINDALEE RESOURCES LIMITED,JINDALEE RESOURCES,former,1994-03-29,2023-11-26,,4
4575,MALEX MINING PTY LTD,MALEX MINING,former,1994-03-29,2023-11-26,,4
4575,NOVA EXPLORATION PTY LTD,NOVA EXPLORATION,former,1994-03-29,2023-11-26,,4
4576,JUPITER MINES LIMITED,JUPITER MINES,legal,2003-08-20,,,4
4577,JUNO MINERALS LIMITED,JUNO MINERALS,legal,2020-11-10,,,4
4578,GEODYNAMICS LIMITED,GEODYNAMICS,former,2000-11-07,2025-05-08,,4
4578,JANUS ELECTRIC HOLDINGS LIMITED,JANUS ELECTRIC,legal,2025-05-09,,,4
4578,RENU ENERGY LIMITED,RENU ENERGY,former,2000-11-07,2025-05-08,,4
4579,JUPITER ENERGY LIMITED,JUPITER ENERGY,legal,2025-08-19,,,4
4579,WESTCOAST MINING LIMITED,WESTCOAST MINING,former,1998-10-27,2025-08-18,,4
4580,JOYCE CORPORATION LTD,JOYCE CORPORATION,legal,2001-12-17,,,4
4580,L S PUBLIC SHELF CO. (NO. 2) LTD,L S PUBLIC SHELF CO NO 2,former,1984-11-30,2001-12-16,,4
4581,KALGOORLIE GOLD MINING LIMITED,KALGOORLIE GOLD MINING,legal,2020-11-05,,,4
4582,K2 ASSET MANAGEMENT HOLDINGS LTD,K2 ASSET MANAGEMENT,legal,2026-08-18,,,4
4583,KAOKO METALS LIMITED,KAOKO METALS,legal,2025-06-13,,,4
4584,KAROON ENERGY LTD,KAROON ENERGY,legal,2018-12-04,,,4
4584,KAROON GAS AUSTRALIA LTD,KAROON GAS AUSTRALIA,former,2003-11-11,2018-12-03,,4
4585,EXCELSIOR CAPITAL LIMITED,EXCELSIOR CAPITAL,former,2005-09-19,2005-12-19,,4
4585,KATANA CAPITAL LIMITED,KATANA CAPITAL,legal,2005-12-20,,,4
4586,KAISER REEF LIMITED,KAISER REEF,legal,2019-09-02,,,4
4587,JAM DEVELOPMENT CAPITAL LIMITED,JAM DEVELOPMENT CAPITAL,former,1999-06-25,2025-05-07,,4
4587,KEYBRIDGE CAPITAL LIMITED,KEYBRIDGE CAPITAL,legal,2025-05-08,,,4
4587,MARINER BRIDGE INVESTMENTS LIMITED,MARINER BRIDGE INVESTMENTS,former,1999-06-25,2025-05-07,,4
4587,MARINER WEALTH MANAGEMENT LIMITED,MARINER WEALTH MANAGEMENT,former,1999-06-25,2025-05-07,,4
4588,KINCORA COPPER LIMITED,KINCORA COPPER,legal,2020-11-25,,,4
4589,KINGSGATE CONSOLIDATED LIMITED,KINGSGATE CONSOLIDATED,legal,2002-09-27,,,4
4589,KINGSGATE CONSOLIDATED N.L.,KINGSGATE CONSOLIDATED N L,former,1970-10-28,2002-09-26,,4
4589,KINGSGATE MINING & EXPLORATION CO N L,KINGSGATE MINING EXPLORATION CO N L,former,1970-10-28,2002-09-26,,4
4590,KEY PETROLEUM LIMITED,KEY PETROLEUM,legal,2006-07-05,,,4
4591,KINGFISHER MINING LTD,KINGFISHER MINING,legal,2018-10-29,,,4
4592,KENTOR GOLD LTD,KENTOR GOLD,former,1998-05-18,2013-08-08,,4
4592,KGL RESOURCES LIMITED,KGL RESOURCES,legal,2013-08-09,,,4
4593,KOGAN.COM LTD,KOGAN COM,legal,2016-05-19,,,4
4594,KAPSTREAM INVESTMENT TRUST,KAPSTREAM INVESTMENT TRUST,legal,2026-08-18,,,4
4595,KKR CREDIT INCOME FUND,KKR CREDIT INCOME FUND,legal,2026-08-18,,,4
4596,KINETIKO ENERGY LTD.,KINETIKO ENERGY,legal,2010-01-25,,,4
4597,ACCESS ASIA MINING LTD,ACCESS ASIA MINING,former,2021-01-21,2022-02-07,,4
4597,ACCESS AUSTRALIA MINERALS LTD,ACCESS AUSTRALIA MINERALS,former,2021-01-21,2022-02-07,,4
4597,KILLI RESOURCES LIMITED,KILLI RESOURCES,legal,2022-02-08,,,4
4598,KAILI RESOURCES LIMITED,KAILI RESOURCES,legal,2014-11-20,,,4
4598,OMNITECH HOLDINGS LIMITED,OMNITECH,former,1997-02-19,2014-11-19,,4
4599,KELSIAN GROUP LIMITED,KELSIAN GROUP,legal,2021-11-05,,,4
4599,SEALINK TRAVEL GROUP LIMITED,SEALINK TRAVEL GROUP,former,2004-05-13,2021-11-04,,4
4599,TRAVELLINK LIMITED,TRAVELLINK,former,2004-05-13,2021-11-04,,4
4600,KLEVO REWARDS LIMITED,KLEVO REWARDS,legal,2025-09-22,,,4
4600,MY REWARDS INTERNATIONAL LIMITED,MY REWARDS INTERNATIONAL,former,2000-11-09,2025-09-21,,4
4600,THE REWARDS FACTORY LIMITED,THE REWARDS FACTORY,former,2000-11-09,2025-09-21,,4
4601,KALI METALS LIMITED,KALI METALS,legal,2021-08-31,,,4
4602,KATHMANDU HOLDINGS LIMITED,KATHMANDU,former,2009-10-06,2022-03-17,,4
4602,KMD BRANDS LIMITED,KMD BRANDS,legal,2022-03-18,,,4
4603,GLANSHELL PTY LTD,GLANSHELL,former,1987-11-19,2003-08-12,,4
4603,KIP MCGRATH EDUCATION CENTRES LIMITED,KIP MCGRATH EDUCATION CENTRES,legal,2003-08-13,,,4
4604,KOONENBERRY GOLD LIMITED,KOONENBERRY GOLD,legal,2017-05-16,,,4
4605,KINGSLAND MINERALS LTD,KINGSLAND MINERALS,legal,2021-02-12,,,4
4606,KOPPAR RESOURCES EUROPE PTY LTD,KOPPAR RESOURCES EUROPE,former,2017-05-24,2021-08-19,,4
4606,KUNIKO LIMITED,KUNIKO,legal,2021-08-20,,,4
4607,KNOSYS LIMITED,KNOSYS,legal,2015-03-16,,,4
4608,K SLEEP HOLDINGS PTY LTD,K SLEEP,former,2017-06-05,2026-03-29,,4
4608,THE KOALA COMPANY LIMITED,THE KOALA COMPANY,legal,2026-03-30,,,4
4609,KOBA RESOURCES LIMITED,KOBA RESOURCES,legal,2021-05-14,,,4
4610,KIA ORA INVESTMENTS LIMITED,KIA ORA INVESTMENTS,former,1970-02-04,1997-03-06,,4
4610,KORVEST LTD.,KORVEST,legal,1997-03-07,,,4
4611,KORE POTASH PLC,KORE POTASH PLC,legal,2017-09-21,,,4
4612,KELLY PARTNERS GROUP HOLDINGS LIMITED,KELLY PARTNERS GROUP,legal,2007-04-16,,,4
4613,ENHANCED SYSTEMS TECHNOLOGIES LIMITED,ENHANCED SYSTEMS TECHNOLOGIES,former,1950-11-30,2015-06-29,,4
4613,INSURANCE MY WAY LIMITED,INSURANCE MY WAY,former,1950-11-30,2015-06-29,,4
4613,KALINA POWER LIMITED,KALINA POWER,legal,2015-06-30,,,4
4613,RUNDLES HOLDINGS LTD,RUNDLES,former,1950-11-30,2015-06-29,,4
4613,WASABI ENERGY LIMITED,WASABI ENERGY,former,1950-11-30,2015-06-29,,4
4614,KINGSROSE MINING LTD,KINGSROSE MINING,legal,2017-07-31,,,4
4614,KINGSROSE PTY LTD,KINGSROSE,former,2005-01-06,2017-07-30,,4
4615,COLONIAL MINING LIMITED,COLONIAL MINING,former,2002-05-28,2018-11-28,,4
4615,KING RIVER COPPER LIMITED,KING RIVER COPPER,former,2002-05-28,2018-11-28,,4
4615,KING RIVER RESOURCES LIMITED,KING RIVER RESOURCES,legal,2018-11-29,,,4
4615,NIPLATS AUSTRALIA LIMITED,NIPLATS AUSTRALIA,former,2002-05-28,2018-11-28,,4
4615,SPEEWAH METALS LTD,SPEEWAH METALS,former,2002-05-28,2018-11-28,,4
4616,K & S CORPORATION LIMITED,K S CORPORATION,legal,1998-11-25,,,4
4616,REID BROS. HOLDINGS LIMITED,REID BROS,former,1955-10-13,1998-11-24,,4
4616,SCOTT CORPORATION LTD.,SCOTT CORPORATION,former,1955-10-13,1998-11-24,,4
4617,KINA SECURITIES LIMITED,KINA SECURITIES,legal,2015-06-01,,,4
4618,DATAMOTION ASIA PACIFIC LIMITED,DATAMOTION ASIA PACIFIC,former,1985-09-06,2012-10-10,,4
4618,DRY CREEK MINING N.L.,DRY CREEK MINING N L,former,1985-09-06,2012-10-10,,4
4618,IPT SYSTEMS LIMITED,IPT SYSTEMS,former,1985-09-06,2012-10-10,,4
4618,KINGSTON RESOURCES LIMITED,KINGSTON RESOURCES,legal,2012-10-11,,,4
4618,NEXUS MINERALS NL,NEXUS MINERALS,former,1985-09-06,2012-10-10,,4
4618,NUWORLD SOLUTIONS LIMITED,NUWORLD SOLUTIONS,former,1985-09-06,2012-10-10,,4
4618,SYNERGY EQUITIES GROUP LIMITED,SYNERGY EQUITIES GROUP,former,1985-09-06,2012-10-10,,4
4619,KRAKATOA RESOURCES LIMITED,KRAKATOA RESOURCES,legal,2012-01-19,,,4
4620,KTEK AEROSYSTEMS LTD,KTEK AEROSYSTEMS,legal,2026-03-20,,,4
4621,KYRON CAPITAL GROUP,KYRON CAPITAL GROUP,legal,2026-08-18,,,4
4622,CV CHECK LTD,CV CHECK,former,2004-11-09,2022-10-12,,4
4622,KINATICO LTD,KINATICO,legal,2022-10-13,,,4
4623,KALAMAZOO RESOURCES LIMITED,KALAMAZOO RESOURCES,legal,2011-03-23,,,4
4624,L1 GROUP LIMITED,L1 GROUP,legal,2025-10-01,,,4
4624,PLATINUM ASSET MANAGEMENT LTD,PLATINUM ASSET MANAGEMENT,former,1990-08-14,2025-09-30,,4
4624,QUEENS HILL LTD,QUEENS HILL,former,1990-08-14,2025-09-30,,4
4625,LIGHTNING MINERALS LTD,LIGHTNING MINERALS,legal,2022-11-18,,,4
4625,NICKEL1 LTD,NICKEL1,former,2021-12-13,2022-11-17,,4
4626,ARDIDEN LTD,ARDIDEN,former,2004-09-08,2026-05-20,,4
4626,ELDORE MINING CORPORATION LIMITED,ELDORE MINING CORPORATION,former,2004-09-08,2026-05-20,,4
4626,LAC GOLD LIMITED,LAC GOLD,legal,2026-05-21,,,4
4626,RILEY CORPORATION LIMITED,RILEY CORPORATION,former,2004-09-08,2026-05-20,,4
4626,STRATOS RESOURCES LIMITED,STRATOS RESOURCES,former,2004-09-08,2026-05-20,,4
4627,LARAMIDE RESOURCES LTD.,LARAMIDE RESOURCES,legal,2011-11-08,,,4
4628,DISCOVEX RESOURCES LIMITED,DISCOVEX RESOURCES,former,2005-08-15,2024-06-10,,4
4628,LATITUDE 66 LTD,LATITUDE 66,legal,2024-06-11,,,4
4628,SYNDICATED METALS LIMITED,SYNDICATED METALS,former,2005-08-15,2024-06-10,,4
4629,BONEL MANUFACTURING LIMITED,BONEL MANUFACTURING,former,1993-09-15,2015-09-16,,4
4629,LINDSAY AUSTRALIA LIMITED,LINDSAY AUSTRALIA,legal,2015-09-17,,,4
4629,P & H RURAL LIMITED,P H RURAL,former,1993-09-15,2015-09-16,,4
4630,H.V.O.F. AUSTRALIA LIMITED,H V O F AUSTRALIA,former,1992-09-30,2007-12-12,,4
4630,LASERBOND LIMITED,LASERBOND,legal,2007-12-13,,,4
4631,LONDON CITY EQUITIES LTD,LONDON CITY EQUITIES,legal,1986-11-28,,,4
4632,LCL RESOURCES LIMITED,LCL RESOURCES,legal,2023-06-07,,,4
4632,LOS CERROS LIMITED,LOS CERROS,former,2006-05-18,2023-06-06,,4
4632,METMINCO LIMITED,METMINCO,former,2006-05-18,2023-06-06,,4
4633,LEGACY IRON ORE LTD,LEGACY IRON ORE,legal,2007-04-20,,,4
4634,LODE RESOURCES LTD,LODE RESOURCES,legal,2019-11-18,,,4
4635,LUMOS DIAGNOSTICS HOLDINGS LIMITED,LUMOS DIAGNOSTICS,legal,2018-12-07,,,4
4636,LDR CAPITAL PROPERTY FUND,LDR CAPITAL PROPERTY FUND,legal,2026-08-18,,,4
4637,KANANDRO N.L.,KANANDRO N L,former,1993-09-01,2000-05-11,,4
4637,LEGEND MINING LIMITED,LEGEND MINING,legal,2000-05-12,,,4
4638,LE MINERALS LIMITED,LE MINERALS,legal,2026-05-28,,,4
4638,LITHIUM ENERGY LIMITED,LITHIUM ENERGY,former,2021-01-14,2026-05-27,,4
4639,LEFROY EXPLORATION LIMITED,LEFROY EXPLORATION,legal,2016-10-18,,,4
4639,US MASTERS HOLDINGS LIMITED,US MASTERS,former,1991-06-05,2016-10-17,,4
4640,LA TROBE PRIVATE CREDIT FUND,LA TROBE PRIVATE CREDIT FUND,legal,2026-08-18,,,4
4641,LIBERTY FINANCIAL GROUP LIMITED,LIBERTY FINANCIAL GROUP,legal,2020-12-14,,,4
4641,MINERVA TECHNOLOGY PTY LTD,MINERVA TECHNOLOGY,former,2007-05-25,2020-12-13,,4
4642,KVD AUSTRALIA HOLDCO LIMITED,KVD AUSTRALIA HOLDCO,former,2015-06-15,2022-01-03,,4
4642,LATITUDE GROUP HOLDINGS LIMITED,LATITUDE GROUP,legal,2022-01-04,,,4
4643,LI-FT POWER LTD.,LI FT POWER,legal,2026-04-02,,,4
4644,L1 GOLD FUND LIMITED,L1 GOLD FUND,legal,2026-02-13,,,4
4645,LANDFILL GAS INDUSTRIES PTY LTD,LANDFILL GAS INDUSTRIES,former,2009-07-03,2022-09-29,,4
4645,LGI LIMITED,LGI,legal,2022-09-30,,,4
4646,LEGACY MINERALS HOLDINGS LIMITED,LEGACY MINERALS,legal,2021-05-21,,,4
4647,HABI PHARMA PTY LTD,HABI PHARMA,former,2016-10-27,2020-02-18,,4
4647,LITTLE GREEN PHARMA LTD,LITTLE GREEN PHARMA,legal,2020-02-19,,,4
4648,LIBERTY METALS LTD,LIBERTY METALS,legal,2025-10-09,,,4
4648,TRAKA RESOURCES LIMITED,TRAKA RESOURCES,former,2003-01-08,2025-10-08,,4
4649,LIFESTYLE COMMUNITIES LTD,LIFESTYLE COMMUNITIES,legal,2007-06-07,,,4
4649,NAMBERRY GEM PTY. LTD.,NAMBERRY GEM,former,1997-05-26,2007-06-06,,4
4649,NAMBERRY LTD,NAMBERRY,former,1997-05-26,2007-06-06,,4
4649,PRACOM LIMITED,PRACOM,former,1997-05-26,2007-06-06,,4
4650,LINDIAN RESOURCES LIMITED,LINDIAN RESOURCES,legal,2006-10-24,,,4
4650,MBOX.COM LIMITED,MBOX COM,former,1999-12-15,2006-10-23,,4
4650,VIRTUALPLUS HOLDINGS LIMITED,VIRTUALPLUS,former,1999-12-15,2006-10-23,,4
4650,VPH LIMITED,VPH,former,1999-12-15,2006-10-23,,4
4651,ATHERTON ANTIMONY N.L.,ATHERTON ANTIMONY N L,former,1970-01-13,2003-10-01,,4
4651,KALGOORLIE RESOURCES NL,KALGOORLIE RESOURCES,former,1970-01-13,2003-10-01,,4
4651,KALREZ ENERGY LIMITED,KALREZ ENERGY,former,1970-01-13,2003-10-01,,4
4651,LION ENERGY LIMITED,LION ENERGY,legal,2003-10-02,,,4
4652,LI-S ENERGY LIMITED,LI S ENERGY,legal,2019-07-12,,,4
4653,COBRE MONTANA NL,COBRE MONTANA,former,2007-06-22,2024-10-29,,4
4653,LITHIUM AUSTRALIA LIMITED,LITHIUM AUSTRALIA,former,2007-06-22,2024-10-29,,4
4653,LIVIUM LTD,LIVIUM,legal,2024-10-30,,,4
4653,MIDWINTER RESOURCES NL,MIDWINTER RESOURCES,former,2007-06-22,2024-10-29,,4
4654,LAKE EXPLORATION N.L.,LAKE EXPLORATION N L,former,1997-07-24,2001-08-23,,4
4654,LAKE RESOURCES N.L.,LAKE RESOURCES N L,legal,2001-08-24,,,4
4655,LAKES BLUE ENERGY NL,LAKES BLUE ENERGY,legal,2021-03-23,,,4
4655,LAKES OIL LIMITED,LAKES OIL,former,1946-09-23,2021-03-22,,4
4655,LAKES OIL N.L.,LAKES OIL N L,former,1946-09-23,2021-03-22,,4
4656,LOCKSLEY RESOURCES LIMITED,LOCKSLEY RESOURCES,legal,2018-10-29,,,4
4657,LENDLEASE GROUP,LENDLEASE GROUP,legal,2026-08-18,,,4
4658,LOYAL LITHIUM LIMITED,LOYAL LITHIUM,former,2020-09-23,2025-05-29,,4
4658,LOYAL METALS LTD,LOYAL METALS,legal,2025-05-30,,,4
4658,MONGER GOLD LTD.,MONGER GOLD,former,2020-09-23,2025-05-29,,4
4659,LEEUWIN METALS LTD,LEEUWIN METALS,legal,2021-12-14,,,4
4660,ACH NICKEL PTY LTD,ACH NICKEL,former,2014-06-09,2021-06-10,,4
4660,LUNNON METALS LIMITED,LUNNON METALS,legal,2021-06-11,,,4
4661,LATROBE MAGNESIUM LIMITED,LATROBE MAGNESIUM,legal,2002-09-06,,,4
4661,MONEY MINING N.L.,MONEY MINING N L,former,1986-04-23,2002-09-05,,4
4661,RAMBORA TECHNOLOGIES LIMITED,RAMBORA TECHNOLOGIES,former,1986-04-23,2002-09-05,,4
4662,ANABAN PTY. LTD.,ANABAN,former,1974-06-24,2007-03-07,,4
4662,CENTREX ENERGY LIMITED,CENTREX ENERGY,former,1974-06-24,2007-03-07,,4
4662,CENTREX EXPLORATION LIMITED,CENTREX EXPLORATION,former,1974-06-24,2007-03-07,,4
4662,LINCOLN MINERALS LIMITED,LINCOLN MINERALS,legal,2007-03-08,,,4
4663,LITCHFIELD MINERALS LIMITED,LITCHFIELD MINERALS,legal,2016-05-27,,,4
4664,LINQ MINERALS LIMITED,LINQ MINERALS,legal,2025-06-25,,,4
4664,XAVIERLINQ PTY LTD,XAVIERLINQ,former,2023-02-09,2025-06-24,,4
4665,"LIGHT & WONDER, INC.",LIGHT WONDER,legal,2023-04-18,,,4
4666,DRAGON ENERGY LTD,DRAGON ENERGY,former,2006-06-01,2019-08-28,,4
4666,HYLEA METALS LIMITED,HYLEA METALS,former,2006-06-01,2019-08-28,,4
4666,LOTUS RESOURCES LIMITED,LOTUS RESOURCES,legal,2019-08-29,,,4
4666,RIVA RESOURCES LIMITED,RIVA RESOURCES,former,2006-06-01,2019-08-28,,4
4667,LOVISA HOLDINGS LIMITED,LOVISA,legal,2014-11-06,,,4
4668,LOCALITY PLANNING ENERGY HOLDINGS LIMITED,LOCALITY PLANNING ENERGY,legal,2015-12-15,,,4
4668,STRATUM METALS LIMITED,STRATUM METALS,former,2010-12-15,2015-12-14,,4
4669,LITHIUM PLUS MINERALS LTD.,LITHIUM PLUS MINERALS,legal,2021-09-10,,,4
4670,ENEABBA GAS LIMITED,ENEABBA GAS,former,2003-12-12,2022-04-04,,4
4670,LORD RESOURCES LIMITED,LORD RESOURCES,legal,2022-04-05,,,4
4671,AUSTRALIAN WHISKY HOLDINGS LIMITED,AUSTRALIAN WHISKY,former,2003-05-02,2020-04-14,,4
4671,LARK DISTILLING CO. LTD,LARK DISTILLING CO,legal,2020-04-15,,,4
4671,MONTEC ASIA PACIFIC LIMITED,MONTEC ASIA PACIFIC,former,2003-05-02,2020-04-14,,4
4671,MONTEC INTERNATIONAL LIMITED,MONTEC INTERNATIONAL,former,2003-05-02,2020-04-14,,4
4672,HILL END GOLD LIMITED,HILL END GOLD,former,1996-02-01,2025-08-06,,4
4672,LION ROCK MINERALS LTD,LION ROCK MINERALS,legal,2025-08-07,,,4
4672,NUGGET RESOURCES AUSTRALIA LIMITED,NUGGET RESOURCES AUSTRALIA,former,1996-02-01,2025-08-06,,4
4672,PEAK MINERALS LIMITED,PEAK MINERALS,former,1996-02-01,2025-08-06,,4
4672,PURE ALUMINA LIMITED,PURE ALUMINA,former,1996-02-01,2025-08-06,,4
4673,LOWELL RESOURCES FUND,LOWELL RESOURCES FUND,legal,2026-08-18,,,4
4674,LARVOTTO RESOURCES LIMITED,LARVOTTO RESOURCES,legal,2020-11-02,,,4
4675,DEVEX LTD,DEVEX,former,1970-02-23,2018-04-30,,4
4675,GYMPIE GOLD LIMITED,GYMPIE GOLD,former,1970-02-23,2018-04-30,,4
4675,LACHLAN STAR LIMITED,LACHLAN STAR,legal,2018-05-01,,,4
4675,TOODYAY RESOURCES LTD,TOODYAY RESOURCES,former,1970-02-23,2018-04-30,,4
4676,L1 LONG SHORT FUND LIMITED,L1 LONG SHORT FUND,legal,2017-12-14,,,4
4677,LODESTAR MINERALS LIMITED,LODESTAR MINERALS,legal,2007-08-13,,,4
4678,LION SELECTION GROUP LIMITED,LION SELECTION GROUP,legal,1997-04-04,,,4
4679,LTR PHARMA LIMITED,LTR PHARMA,legal,2020-10-07,,,4
4680,BASE RESOURCES LIMITED,BASE RESOURCES,former,2006-02-02,2025-11-27,,4
4680,LIONTOWN LIMITED,LIONTOWN,legal,2025-11-28,,,4
4680,LIONTOWN RESOURCES LIMITED,LIONTOWN RESOURCES,former,2006-02-02,2025-11-27,,4
4681,ESPORTS MOGUL ASIA PACIFIC LIMITED,ESPORTS MOGUL ASIA PACIFIC,former,2011-01-20,2023-08-09,,4
4681,ESPORTS MOGUL LIMITED,ESPORTS MOGUL,former,2011-01-20,2023-08-09,,4
4681,LITHIUM UNIVERSE LIMITED,LITHIUM UNIVERSE,legal,2023-08-10,,,4
4681,MOGUL GAMES GROUP LTD,MOGUL GAMES GROUP,former,2011-01-20,2023-08-09,,4
4681,VOLTA MINING LTD.,VOLTA MINING,former,2011-01-20,2023-08-09,,4
4682,LUX COPPER CORP. LTD,LUX COPPER CORP,legal,2024-11-21,,,4
4683,A.C.N. 009 027 178 PTY LTD,A C N 009 027 178,former,1982-04-22,2017-05-24,,4
4683,ASIAN PROMOTIONS AND GIVE AWAYS PTY. LTD.,ASIAN PROMOTIONS AND GIVE AWAYS,former,1982-04-22,2017-05-24,,4
4683,DATETIX GROUP LTD,DATETIX GROUP,former,1982-04-22,2017-05-24,,4
4683,ENVERRO LTD.,ENVERRO,former,1982-04-22,2017-05-24,,4
4683,G. CLAYTON PTY LTD,G CLAYTON,former,1982-04-22,2017-05-24,,4
4683,LOVE GROUP GLOBAL LTD,LOVE GROUP GLOBAL,legal,2017-05-25,,,4
4683,PACIFIC RIM MARKETING PTY LTD,PACIFIC RIM MARKETING,former,1982-04-22,2017-05-24,,4
4683,PRM CLOUD SOLUTIONS LTD,PRM CLOUD SOLUTIONS,former,1982-04-22,2017-05-24,,4
4684,LYNAS CORPORATION LIMITED,LYNAS CORPORATION,former,1983-05-23,2020-11-26,,4
4684,LYNAS GOLD N.L.,LYNAS GOLD N L,former,1983-05-23,2020-11-26,,4
4684,LYNAS RARE EARTHS LIMITED,LYNAS RARE EARTHS,legal,2020-11-27,,,4
4684,YILGANGI GOLD N.L.,YILGANGI GOLD N L,former,1983-05-23,2020-11-26,,4
4685,LYCOPODIUM INTERNATIONAL PTY LTD,LYCOPODIUM INTERNATIONAL,former,2001-10-25,2004-12-13,,4
4685,LYCOPODIUM LIMITED,LYCOPODIUM,legal,2004-12-14,,,4
4686,MAMBA EXPLORATION LIMITED,MAMBA EXPLORATION,legal,2020-09-23,,,4
4687,MT MALCOLM MINES NL,MT MALCOLM MINES,legal,2020-12-09,,,4
4688,MIRAMAR HOLDINGS PTY LTD,MIRAMAR,former,2019-08-06,2020-10-20,,4
4688,MIRAMAR RESOURCES LIMITED,MIRAMAR RESOURCES,legal,2020-10-21,,,4
4689,M3 METALS LIMITED,M3 METALS,former,2020-09-22,2021-07-26,,4
4689,M3 MINING LIMITED,M3 MINING,legal,2021-07-27,,,4
4690,AUTO ENTERPRISES LIMITED,AUTO ENTERPRISES,former,1980-05-05,2022-12-11,,4
4690,BEVONA PTY LTD,BEVONA,former,1980-05-05,2022-12-11,,4
4690,BRAINYTOYS LIMITED,BRAINYTOYS,former,1980-05-05,2022-12-11,,4
4690,ENERGIO LIMITED,ENERGIO,former,1980-05-05,2022-12-11,,4
4690,KOGI IRON LIMITED,KOGI IRON,former,1980-05-05,2022-12-11,,4
4690,MACRO METALS LIMITED,MACRO METALS,legal,2022-12-12,,,4
4690,SPEEDY WHEELS (AUST) PTY LTD,SPEEDY WHEELS AUST,former,1980-05-05,2022-12-11,,4
4690,SPEEDY WHEELS LTD,SPEEDY WHEELS,former,1980-05-05,2022-12-11,,4
4691,FIRETAIL RESOURCES LIMITED,FIRETAIL RESOURCES,former,2021-06-16,2025-07-31,,4
4691,MAMMOTH MINERALS LIMITED,MAMMOTH MINERALS,legal,2025-08-01,,,4
4692,3D MEDICAL LIMITED,3D MEDICAL,former,1977-01-20,2016-04-10,,4
4692,HAYJOHANN PTY. LTD.,HAYJOHANN,former,1977-01-20,2016-04-10,,4
4692,MACH7 TECHNOLOGIES LIMITED,MACH7 TECHNOLOGIES,legal,2016-04-11,,,4
4692,SAFETY MEDICAL PRODUCTS LIMITED,SAFETY MEDICAL PRODUCTS,former,1977-01-20,2016-04-10,,4
4692,SYRINGE SAFE TECHNOLOGIES LIMITED,SYRINGE SAFE TECHNOLOGIES,former,1977-01-20,2016-04-10,,4
4693,CORELLA RESOURCES LTD,CORELLA RESOURCES,former,2007-06-14,2026-06-16,,4
4693,EXOMA ENERGY LIMITED,EXOMA ENERGY,former,2007-06-14,2026-06-16,,4
4693,MAVERICK MINERALS AUSTRALIA LTD,MAVERICK MINERALS AUSTRALIA,legal,2026-06-17,,,4
4693,SINETECH LIMITED,SINETECH,former,2007-06-14,2026-06-16,,4
4693,THE GRUDEN GROUP LTD,THE GRUDEN GROUP,former,2007-06-14,2026-06-16,,4
4694,MA CREDIT INCOME TRUST,MA CREDIT INCOME TRUST,legal,2026-08-18,,,4
4695,MADER GROUP LIMITED,MADER GROUP,legal,2012-07-04,,,4
4696,MA FINANCIAL GROUP LIMITED,MA FINANCIAL GROUP,legal,2021-06-03,,,4
4696,MOELIS AUSTRALIA HOLDINGS PTY. LTD.,MOELIS AUSTRALIA,former,2010-02-12,2021-06-02,,4
4697,MAGMATIC RESOURCES LIMITED,MAGMATIC RESOURCES,legal,2016-10-28,,,4
4698,MACMAHON HOLDINGS LIMITED,MACMAHON,legal,1963-08-05,,,4
4699,MICROEQUITIES ASSET MANAGEMENT GROUP LIMITED,MICROEQUITIES ASSET MANAGEMENT GROUP,legal,2018-04-27,,,4
4699,MICROEQUITIES LTD,MICROEQUITIES,former,2004-09-01,2018-04-26,,4
4700,BRONSON GROUP LIMITED,BRONSON GROUP,former,1986-05-22,2019-08-04,,4
4700,MANDRAKE RESOURCES LIMITED,MANDRAKE RESOURCES,legal,2019-08-05,,,4
4700,MULTI CHANNEL SOLUTIONS LIMITED,MULTI CHANNEL SOLUTIONS,former,1986-05-22,2019-08-04,,4
4700,SAILANA LIMITED,SAILANA,former,1986-05-22,2019-08-04,,4
4700,SEED CAPITAL INTERNATIONAL LIMITED,SEED CAPITAL INTERNATIONAL,former,1986-05-22,2019-08-04,,4
4700,SEEDCAP LIMITED,SEEDCAP,former,1986-05-22,2019-08-04,,4
4700,SUN CAPITAL GROUP LIMITED,SUN CAPITAL GROUP,former,1986-05-22,2019-08-04,,4
4700,THE AUSTRALIAN FOOD GROUP LTD,THE AUSTRALIAN FOOD GROUP,former,1986-05-22,2019-08-04,,4
4701,MICROBA LIFE SCIENCES LIMITED,MICROBA LIFE SCIENCES,legal,2022-04-04,,,4
4701,MICROBA PTY LTD,MICROBA,former,2017-01-31,2022-04-03,,4
4702,MACQUARIE CORPORATE TELECOMMUNICATIONS HOLDINGS LIMITED,MACQUARIE CORPORATE TELECOMMUNICATIONS,former,1992-07-13,2023-05-28,,4
4702,MACQUARIE TECHNOLOGY GROUP LIMITED,MACQUARIE TECHNOLOGY GROUP,legal,2023-05-29,,,4
4702,MACQUARIE TELECOM GROUP LIMITED,MACQUARIE TELECOM GROUP,former,1992-07-13,2023-05-28,,4
4703,KALGOORLIE-BOULDER RESOURCES LTD,KALGOORLIE BOULDER RESOURCES,former,2003-10-20,2008-12-22,,4
4703,MATSA RESOURCES LIMITED,MATSA RESOURCES,legal,2008-12-23,,,4
4704,ESCAPE3D. LIMITED,ESCAPE3D,former,1994-09-14,2016-11-02,,4
4704,MELBANA ENERGY LIMITED,MELBANA ENERGY,legal,2016-11-03,,,4
4704,MEO AUSTRALIA LIMITED,MEO AUSTRALIA,former,1994-09-14,2016-11-02,,4
4704,METHANOL AUSTRALIA LIMITED,METHANOL AUSTRALIA,former,1994-09-14,2016-11-02,,4
4704,TIMOR SEA PETROLEUM NL,TIMOR SEA PETROLEUM,former,1994-09-14,2016-11-02,,4
4705,MB GOLD LIMITED,MB GOLD,legal,2025-09-17,,,4
4706,JUMBUCK CORPORATION LTD,JUMBUCK CORPORATION,former,2000-05-12,2020-07-15,,4
4706,JUMBUCK ENTERTAINMENT LTD,JUMBUCK ENTERTAINMENT,former,2000-05-12,2020-07-15,,4
4706,JUMBUCK.COM LTD,JUMBUCK COM,former,2000-05-12,2020-07-15,,4
4706,LONGTABLE GROUP LIMITED,LONGTABLE GROUP,former,2000-05-12,2020-07-15,,4
4706,MAGGIE BEER HOLDINGS LTD,MAGGIE BEER,legal,2020-07-16,,,4
4706,PRIMARY OPINION LIMITED,PRIMARY OPINION,former,2000-05-12,2020-07-15,,4
4707,CMG IRON LIMITED,CMG IRON,former,2007-08-29,2011-02-24,,4
4707,CMG METALS LIMITED,CMG METALS,former,2007-08-29,2011-02-24,,4
4707,METAL BANK LIMITED,METAL BANK,legal,2011-02-25,,,4
4708,MARIMACA COPPER CORP.,MARIMACA COPPER CORP,legal,2024-12-11,,,4
4709,MURRAY COD AUSTRALIA LIMITED,MURRAY COD AUSTRALIA,legal,2017-01-18,,,4
4709,PACIFIC RESOURCE SECURITIES LTD,PACIFIC RESOURCE SECURITIES,former,2010-05-28,2017-01-17,,4
4709,TIMPETRA RESOURCES LIMITED,TIMPETRA RESOURCES,former,2010-05-28,2017-01-17,,4
4710,COAL OF AFRICA LIMITED,COAL OF AFRICA,former,1979-12-06,2017-11-26,,4
4710,GOLDEN VALLEY MINES LIMITED,GOLDEN VALLEY MINES,former,1979-12-06,2017-11-26,,4
4710,GOLDEN VALLEY MINES N.L.,GOLDEN VALLEY MINES N L,former,1979-12-06,2017-11-26,,4
4710,GVM METALS LIMITED,GVM METALS,former,1979-12-06,2017-11-26,,4
4710,MC MINING LIMITED,MC MINING,legal,2017-11-27,,,4
4711,CARDIA BIOPLASTICS LIMITED,CARDIA BIOPLASTICS,former,1994-05-23,2024-11-13,,4
4711,CARDIA MINING NL,CARDIA MINING,former,1994-05-23,2024-11-13,,4
4711,CARDIA TECHNOLOGIES LIMITED,CARDIA TECHNOLOGIES,former,1994-05-23,2024-11-13,,4
4711,MYECO GROUP LTD,MYECO GROUP,legal,2024-11-14,,,4
4711,SECOS GROUP LTD,SECOS GROUP,former,1994-05-23,2024-11-13,,4
4712,MCPHERSON'S LIMITED,MCPHERSON S,legal,1913-08-20,,,4
4713,MERCURY NZ LIMITED,MERCURY NZ,legal,2016-08-03,,,4
4713,MIGHTY RIVER POWER LIMITED,MIGHTY RIVER POWER,former,2013-03-13,2016-08-02,,4
4714,MIDDLE ISLAND RESOURCES LIMITED,MIDDLE ISLAND RESOURCES,legal,2010-03-02,,,4
4715,BRONICK LIMITED,BRONICK,former,2003-10-30,2004-12-02,,4
4715,MINDAX LIMITED,MINDAX,legal,2004-12-03,,,4
4716,MORPHIC ETHICAL EQUITIES FUND LIMITED,MORPHIC ETHICAL EQUITIES FUND,legal,2017-02-13,,,4
4717,MEGADO GOLD LIMITED,MEGADO GOLD,former,2019-03-08,2022-07-03,,4
4717,MEGADO MINERALS LTD,MEGADO MINERALS,legal,2022-07-04,,,4
4718,METEORIC RESOURCES LIMITED,METEORIC RESOURCES,legal,2004-02-13,,,4
4719,CAPTECH GROUP LIMITED,CAPTECH GROUP,former,1997-12-04,2022-07-10,,4
4719,INTEGRATED INVESTMENT GROUP LIMITED,INTEGRATED INVESTMENT GROUP,former,1997-12-04,2022-07-10,,4
4719,INTEGRATED RESOURCES GROUP LIMITED,INTEGRATED RESOURCES GROUP,former,1997-12-04,2022-07-10,,4
4719,LATITUDE CONSOLIDATED LIMITED,LATITUDE CONSOLIDATED,former,1997-12-04,2022-07-10,,4
4719,MEEKA GOLD LIMITED,MEEKA GOLD,former,1997-12-04,2022-07-10,,4
4719,MEEKA METALS LIMITED,MEEKA METALS,legal,2022-07-11,,,4
4719,TECHNOLOGY LICENSING LIMITED,TECHNOLOGY LICENSING,former,1997-12-04,2022-07-10,,4
4719,WORKMAN AUSTRALIA LIMITED,WORKMAN AUSTRALIA,former,1997-12-04,2022-07-10,,4
4720,METGASCO LTD,METGASCO,legal,1999-06-22,,,4
4721,MEMPHASYS LIMITED,MEMPHASYS,legal,2016-07-01,,,4
4721,NUSEP HOLDINGS LTD,NUSEP,former,2006-07-11,2016-06-30,,4
4722,MARMOSA RESOURCES LIMITED,MARMOSA RESOURCES,former,2006-04-28,2016-11-08,,4
4722,MARMOTA ENERGY LIMITED,MARMOTA ENERGY,former,2006-04-28,2016-11-08,,4
4722,MARMOTA LIMITED,MARMOTA,legal,2016-11-09,,,4
4722,MONAX METALS & MINING LIMITED,MONAX METALS MINING,former,2006-04-28,2016-11-08,,4
4723,MINERALS EXPLORATION LIMITED,MINERALS EXPLORATION,legal,2025-11-28,,,4
4723,UVRE LIMITED,UVRE,former,2021-05-12,2025-11-27,,4
4724,MERIDIAN ENERGY LIMITED,MERIDIAN ENERGY,legal,2011-07-19,,,4
4725,MAYFIELD CHILDCARE LIMITED,MAYFIELD CHILDCARE,legal,2015-03-25,,,4
4726,MAGELLAN FLAGSHIP FUND LIMITED,MAGELLAN FLAGSHIP FUND,former,2006-09-29,2016-10-26,,4
4726,MFF CAPITAL INVESTMENTS LIMITED,MFF CAPITAL INVESTMENTS,legal,2016-10-27,,,4
4727,MAGELLAN FINANCIAL GROUP LTD,MAGELLAN FINANCIAL GROUP,legal,2017-06-20,,,4
4727,PENGANA HEDGEFUNDS LTD,PENGANA HEDGEFUNDS,former,2004-03-19,2017-06-19,,4
4727,PENGANA MANAGERS LIMITED,PENGANA MANAGERS,former,2004-03-19,2017-06-19,,4
4728,METALSGROVE MINING LTD,METALSGROVE MINING,legal,2021-11-26,,,4
4729,MAAS GROUP HOLDINGS LIMITED,MAAS GROUP,legal,2019-04-18,,,4
4730,ADVANCED MAGNESIUM LIMITED,ADVANCED MAGNESIUM,former,1983-01-18,2011-11-21,,4
4730,AUSTRALIAN MAGNESIUM CORPORATION LIMITED,AUSTRALIAN MAGNESIUM CORPORATION,former,1983-01-18,2011-11-21,,4
4730,MAGONTEC LIMITED,MAGONTEC,legal,2011-11-22,,,4
4730,QUEENSLAND METALS CORPORATION LIMITED,QUEENSLAND METALS CORPORATION,former,1983-01-18,2011-11-21,,4
4730,QUEENSLAND METALS CORPORATION N. L.,QUEENSLAND METALS CORPORATION N L,former,1983-01-18,2011-11-21,,4
4731,MIRVAC GROUP,MIRVAC GROUP,legal,2026-08-18,,,4
4732,MAGNETITE MINES LIMITED,MAGNETITE MINES,legal,2015-12-07,,,4
4732,ROYAL RESOURCES LIMITED,ROYAL RESOURCES,former,2004-02-23,2015-12-06,,4
4732,UNITED GOLD LTD,UNITED GOLD,former,2004-02-23,2015-12-06,,4
4733,MAGNUM GOLD N L,MAGNUM GOLD N L,former,1986-09-22,2006-09-21,,4
4733,MAGNUM MINING AND EXPLORATION LIMITED,MAGNUM MINING AND EXPLORATION,legal,2006-09-22,,,4
4734,MGX RESOURCES LIMITED,MGX RESOURCES,legal,2025-11-25,,,4
4734,MOUNT GIBSON IRON LIMITED,MOUNT GIBSON IRON,former,1938-04-06,2025-11-24,,4
4734,WHITTAKERS LIMITED,WHITTAKERS,former,1938-04-06,2025-11-24,,4
4735,BLACKGRANGE LIMITED,BLACKGRANGE,former,2006-12-18,2025-11-27,,4
4735,MANHATTAN CORPORATION LIMITED,MANHATTAN CORPORATION,former,2006-12-18,2025-11-27,,4
4735,MANHATTAN GOLD CORPORATION LIMITED,MANHATTAN GOLD CORPORATION,legal,2025-11-28,,,4
4735,URANIO LIMITED,URANIO,former,2006-12-18,2025-11-27,,4
4736,A.C.N. 610 937 598 LTD,A C N 610 937 598,former,2016-02-24,2016-07-10,,4
4736,MICHAEL HILL INTERNATIONAL LIMITED,MICHAEL HILL INTERNATIONAL,legal,2016-07-11,,,4
4737,METAL HAWK LIMITED,METAL HAWK,legal,2018-12-06,,,4
4738,MOUNT HOPE MINING LIMITED,MOUNT HOPE MINING,legal,2024-05-27,,,4
4739,MINERALS 260 LIMITED,MINERALS 260,legal,2021-06-04,,,4
4740,A.C.N. 118 549 910 LTD,A C N 118 549 910,former,2006-02-27,2006-07-25,,4
4740,MINERAL RESOURCES LIMITED,MINERAL RESOURCES,legal,2006-07-26,,,4
4741,MACARTHUR DIAMONDS LIMITED,MACARTHUR DIAMONDS,former,2002-12-02,2019-12-04,,4
4741,MACARTHUR MINERALS LIMITED,MACARTHUR MINERALS,legal,2019-12-05,,,4
4742,APRYA LIMITED,APRYA,former,1998-12-17,2008-10-01,,4
4742,MIRRABOOKA INVESTMENTS LTD,MIRRABOOKA INVESTMENTS,legal,2008-10-02,,,4
4743,MANUKA RESOURCES LTD,MANUKA RESOURCES,legal,2016-04-20,,,4
4744,A.C.N. 678 095 273 PTY. LTD.,A C N 678 095 273,former,2024-06-11,2025-12-08,,4
4744,MOONLIGHT RESOURCES LTD,MOONLIGHT RESOURCES,legal,2025-12-09,,,4
4745,LEAHY HAULAGE PTY LTD,LEAHY HAULAGE,former,2002-10-28,2021-04-29,,4
4745,MLG OZ LIMITED,MLG OZ,legal,2021-04-30,,,4
4746,AUSTRALIAN UNITED GOLD LIMITED,AUSTRALIAN UNITED GOLD,former,1981-06-25,2006-09-12,,4
4746,AUSTRALIAN UNITED GOLD N.L.,AUSTRALIAN UNITED GOLD N L,former,1981-06-25,2006-09-12,,4
4746,BASS BASIN EXPLORATION N.L.,BASS BASIN EXPLORATION N L,former,1981-06-25,2006-09-12,,4
4746,METALS AUSTRALIA LTD,METALS AUSTRALIA,legal,2006-09-13,,,4
4747,BLUESTONE TIN LIMITED,BLUESTONE TIN,former,2004-07-23,2007-01-01,,4
4747,METALS X LIMITED,METALS X,legal,2007-01-02,,,4
4748,COWAN LITHIUM LIMITED,COWAN LITHIUM,former,2018-03-23,2021-09-02,,4
4748,MIDAS MINERALS LTD,MIDAS MINERALS,legal,2021-09-03,,,4
4749,ACH MINERALS PTY LTD,ACH MINERALS,former,2015-11-10,2021-03-17,,4
4749,MEDALLION METALS LIMITED,MEDALLION METALS,legal,2021-03-18,,,4
4750,MARONAN METALS LIMITED,MARONAN METALS,legal,2022-04-28,,,4
4750,MEGATRON RARE EARTHS PTY LIMITED,MEGATRON RARE EARTHS,former,2012-03-14,2022-04-27,,4
4751,MONEYME LIMITED,MONEYME,legal,2019-10-11,,,4
4752,METRO MINING LIMITED,METRO MINING,legal,2014-11-26,,,4
4752,METROCOAL LIMITED,METROCOAL,former,2006-01-06,2014-11-25,,4
4753,ALLUP SAND PTY LTD,ALLUP SAND,former,2013-04-05,2024-11-30,,4
4753,ALLUP SILICA LIMITED,ALLUP SILICA,former,2013-04-05,2024-11-30,,4
4753,MCLAREN MINERALS LIMITED,MCLAREN MINERALS,legal,2024-12-01,,,4
4753,NEXTGAS PTY LTD,NEXTGAS,former,2013-04-05,2024-11-30,,4
4753,SELLAWINE.COM PTY LTD,SELLAWINE COM,former,2013-04-05,2024-11-30,,4
4753,WINEAPP PTY LTD,WINEAPP,former,2013-04-05,2024-11-30,,4
4754,MEC RESOURCES LTD,MEC RESOURCES,legal,2006-05-22,,,4
4754,MEC STRATEGIC LTD,MEC STRATEGIC,former,2005-04-20,2006-05-21,,4
4755,MCMILLAN SHAKESPEARE LIMITED,MCMILLAN SHAKESPEARE,legal,2003-12-01,,,4
4756,MINBOS RESOURCES LIMITED,MINBOS RESOURCES,legal,2009-12-17,,,4
4757,ACLINK INTERNATIONAL PTY LTD,ACLINK INTERNATIONAL,former,2013-03-15,2024-10-27,,4
4757,MERINO & CO. LIMITED,MERINO CO,legal,2024-10-28,,,4
4758,MONADELPHOUS CORPORATION (HOLDINGS) LIMITED,MONADELPHOUS CORPORATION,former,1981-07-16,1997-02-24,,4
4758,MONADELPHOUS GROUP LIMITED,MONADELPHOUS GROUP,legal,1997-02-25,,,4
4759,MACALLUM ENERGY PTY LTD,MACALLUM ENERGY,former,2018-09-21,2026-02-22,,4
4759,MACALLUM GREEN ENERGY PTY LTD,MACALLUM GREEN ENERGY,former,2018-09-21,2026-02-22,,4
4759,MACALLUM NEW ENERGY LIMITED,MACALLUM NEW ENERGY,legal,2026-02-23,,,4
4760,AXE GROUP HOLDINGS PTY LTD,AXE GROUP,former,2025-03-24,2026-07-21,,4
4760,MONVIA LIMITED,MONVIA,legal,2026-07-22,,,4
4761,MOHO RESOURCES LIMITED,MOHO RESOURCES,legal,2012-03-12,,,4
4762,ADULTSHOP.COM LIMITED,ADULTSHOP COM,former,1985-09-03,2022-09-11,,4
4762,DELECTA LIMITED,DELECTA,former,1985-09-03,2022-09-11,,4
4762,KESTREL MINING N.L.,KESTREL MINING N L,former,1985-09-03,2022-09-11,,4
4762,MOAB MINERALS LIMITED,MOAB MINERALS,legal,2022-09-12,,,4
4762,WESTERN MINERALS N.L.,WESTERN MINERALS N L,former,1985-09-03,2022-09-11,,4
4763,METRICS INCOME OPPORTUNITIES TRUST,METRICS INCOME OPPORTUNITIES TRUST,legal,2026-08-18,,,4
4764,MOVE LOGISTICS GROUP LIMITED,MOVE LOGISTICS GROUP,legal,2022-06-21,,,4
4765,MEGAPORT LIMITED,MEGAPORT,legal,2015-07-27,,,4
4766,MANY PEAKS GOLD LIMITED,MANY PEAKS GOLD,former,2020-07-06,2023-11-21,,4
4766,MANY PEAKS MINERALS LTD,MANY PEAKS MINERALS,legal,2023-11-22,,,4
4767,MEDIBANK LIMITED,MEDIBANK,former,1997-12-01,2014-11-27,,4
4767,MEDIBANK PRIVATE LIMITED,MEDIBANK PRIVATE,legal,2014-11-28,,,4
4768,METRO PERFORMANCE GLASS LIMITED,METRO PERFORMANCE GLASS,legal,2014-07-03,,,4
4769,MPOWER GROUP LIMITED,MPOWER GROUP,former,1963-10-08,2025-09-08,,4
4769,MPR AUSTRALIA LIMITED,MPR AUSTRALIA,legal,2025-09-09,,,4
4769,NETTLEFOLDS LTD.,NETTLEFOLDS,former,1963-10-08,2025-09-08,,4
4769,TAG PACIFIC LIMITED,TAG PACIFIC,former,1963-10-08,2025-09-08,,4
4770,K-TIG LIMITED,K TIG,former,2012-05-11,2025-02-17,,4
4770,KABUNI LTD,KABUNI,former,2012-05-11,2025-02-17,,4
4770,MAGNOLIA RESOURCES LIMITED,MAGNOLIA RESOURCES,former,2012-05-11,2025-02-17,,4
4770,METAL POWDER WORKS LIMITED,METAL POWDER WORKS,legal,2025-02-18,,,4
4770,SERPENTINE TECHNOLOGIES LIMITED,SERPENTINE TECHNOLOGIES,former,2012-05-11,2025-02-17,,4
4770,WHOLE NEW HOME LTD,WHOLE NEW HOME,former,2012-05-11,2025-02-17,,4
4771,MUSTERA PROPERTY GROUP LIMITED,MUSTERA PROPERTY GROUP,legal,2014-11-24,,,4
4771,MUTUAL STREET PROPERTY GROUP PTY LTD,MUTUAL STREET PROPERTY GROUP,former,2010-03-03,2014-11-23,,4
4772,MACQUARIE GROUP LIMITED,MACQUARIE GROUP,legal,2024-12-16,,,4
4772,PUZZLE HOLDINGS LIMITED,PUZZLE,former,2006-10-12,2024-12-15,,4
4773,MARQUEE RESOURCES LIMITED,MARQUEE RESOURCES,legal,2016-11-30,,,4
4774,AXG MINING LIMITED,AXG MINING,former,2000-04-03,2014-11-30,,4
4774,MOUNT RIDLEY MINES LIMITED,MOUNT RIDLEY MINES,legal,2014-12-01,,,4
4774,WRF LAND CO LIMITED,WRF LAND CO,former,2000-04-03,2014-11-30,,4
4775,METRICS REAL ESTATE MULTI-STRATEGY FUND,METRICS REAL ESTATE MULTI STRATEGY FUND,legal,2026-08-18,,,4
4776,MRG METALS LIMITED,MRG METALS,legal,2011-01-24,,,4
4777,MINREX RESOURCES LIMITED,MINREX RESOURCES,legal,2011-05-30,,,4
4778,HORIZON MINERALS LIMITED,HORIZON MINERALS,former,1974-05-24,2026-04-06,,4
4778,INTERMIN RESOURCE CORPORATION LTD.,INTERMIN RESOURCE CORPORATION,former,1974-05-24,2026-04-06,,4
4778,INTERMIN RESOURCES LIMITED,INTERMIN RESOURCES,former,1974-05-24,2026-04-06,,4
4778,MARITANA MINERALS LIMITED,MARITANA MINERALS,legal,2026-04-07,,,4
4778,PIDEV LIMITED,PIDEV,former,1974-05-24,2026-04-06,,4
4778,PIONEER HOMES LTD.,PIONEER HOMES,former,1974-05-24,2026-04-06,,4
4779,MONT ROYAL RESOURCES LIMITED,MONT ROYAL RESOURCES,legal,2018-03-26,,,4
4780,MESOBLAST LIMITED,MESOBLAST,legal,2004-06-08,,,4
4781,MCS SERVICES LIMITED,MCS SERVICES,legal,2015-12-14,,,4
4781,MICHAELMASS37 PTY LTD,MICHAELMASS37,former,2006-05-11,2015-12-13,,4
4781,RED GUM RESOURCES LIMITED,RED GUM RESOURCES,former,2006-05-11,2015-12-13,,4
4782,GRADBECK PTY. LTD.,GRADBECK,former,1989-06-20,1997-03-13,,4
4782,MULTISTACK INTERNATIONAL LIMITED,MULTISTACK INTERNATIONAL,legal,1997-03-14,,,4
4783,DRILL TORQUE LIMITED,DRILL TORQUE,former,2011-02-08,2013-12-15,,4
4783,MITCHELL SERVICES LIMITED,MITCHELL SERVICES,legal,2013-12-16,,,4
4784,METALSTECH LTD.,METALSTECH,legal,2016-05-25,,,4
4785,MITHRIL RESOURCES LTD,MITHRIL RESOURCES,former,2002-04-26,2024-09-04,,4
4785,MITHRIL SILVER AND GOLD LIMITED,MITHRIL SILVER AND GOLD,legal,2024-09-05,,,4
4786,CAENEUS MINERALS LTD,CAENEUS MINERALS,former,1998-05-15,2022-11-29,,4
4786,FIRST EQUITY VENTURES LIMITED,FIRST EQUITY VENTURES,former,1998-05-15,2022-11-29,,4
4786,MANTLE MINERALS LIMITED,MANTLE MINERALS,legal,2022-11-30,,,4
4786,MATRIX METALS LIMITED,MATRIX METALS,former,1998-05-15,2022-11-29,,4
4787,METALLIUM LIMITED,METALLIUM,legal,2025-07-08,,,4
4787,MT MONGER RESOURCES LIMITED,MT MONGER RESOURCES,former,2020-11-13,2025-07-07,,4
4787,MTM CRITICAL METALS LIMITED,MTM CRITICAL METALS,former,2020-11-13,2025-07-07,,4
4788,MOTORCYCLE HOLDINGS LIMITED,MOTORCYCLE,legal,2011-04-12,,,4
4789,METCASH LIMITED,METCASH,legal,2011-02-02,,,4
4789,THE NEWCO PROJECT X LIMITED,THE NEWCO PROJECT X,former,2004-12-03,2011-02-01,,4
4790,MONASH IVF GROUP LIMITED,MONASH IVF GROUP,legal,2014-04-30,,,4
4791,GRAPHEX MINING LIMITED,GRAPHEX MINING,former,2016-01-21,2020-07-19,,4
4791,MARVEL GOLD LIMITED,MARVEL GOLD,legal,2020-07-20,,,4
4792,MEDICAL DEVELOPMENTS INTERNATIONAL LIMITED,MEDICAL DEVELOPMENTS INTERNATIONAL,legal,2003-09-16,,,4
4793,MICRO-X LIMITED,MICRO X,legal,2011-09-16,,,4
4794,BARRUKKA HOLDINGS PTY. LIMITED,BARRUKKA,former,1987-06-25,2021-09-13,,4
4794,MAXI-CUBE (HOLDINGS) PTY. LIMITED,MAXI CUBE,former,1987-06-25,2021-09-13,,4
4794,MAXI-CUBE/FRUEHAUF (HOLDINGS) LTD.,MAXI CUBE FRUEHAUF,former,1987-06-25,2021-09-13,,4
4794,MAXIPARTS LIMITED,MAXIPARTS,legal,2021-09-14,,,4
4794,MAXITRANS INDUSTRIES LIMITED,MAXITRANS INDUSTRIES,former,1987-06-25,2021-09-13,,4
4795,MOTIO LTD,MOTIO,legal,2020-11-09,,,4
4795,RED OCTOBER RESOURCES LTD,RED OCTOBER RESOURCES,former,2010-12-17,2020-11-08,,4
4795,WHITE EAGLE RESOURCES LTD,WHITE EAGLE RESOURCES,former,2010-12-17,2020-11-08,,4
4795,XTD LTD,XTD,former,2010-12-17,2020-11-08,,4
4796,METRICS MASTER INCOME TRUST,METRICS MASTER INCOME TRUST,legal,2026-08-18,,,4
4797,MASTERMYNE GROUP LIMITED,MASTERMYNE GROUP,legal,2024-11-28,,,4
4797,METAROCK GROUP LIMITED,METAROCK GROUP,former,2010-03-10,2024-11-27,,4
4798,ALLIED TECHNOLOGIES GROUP LIMITED,ALLIED TECHNOLOGIES GROUP,former,1985-09-09,2020-11-23,,4
4798,CAMBRIAN RESOURCES LIMITED,CAMBRIAN RESOURCES,former,1985-09-09,2020-11-23,,4
4798,CAMBRIAN RESOURCES N.L.,CAMBRIAN RESOURCES N L,former,1985-09-09,2020-11-23,,4
4798,LONGREACH GROUP LIMITED,LONGREACH GROUP,former,1985-09-09,2020-11-23,,4
4798,MAYFIELD GROUP HOLDINGS LIMITED,MAYFIELD GROUP,legal,2020-11-24,,,4
4798,SERVICEPOINT LIMITED,SERVICEPOINT,former,1985-09-09,2020-11-23,,4
4798,STREAM GROUP LIMITED,STREAM GROUP,former,1985-09-09,2020-11-23,,4
4799,MYER HOLDINGS LIMITED,MYER,legal,2009-11-02,,,4
4799,NB FLINDERS PTY LTD,NB FLINDERS,former,2006-04-03,2009-11-01,,4
4800,MYSTATE LIMITED,MYSTATE,legal,2008-10-08,,,4
4801,A.C.N. 115 832 963 LIMITED,A C N 115 832 963,former,2005-08-18,2010-11-16,,4
4801,HALCYGEN LIMITED,HALCYGEN,former,2005-08-18,2010-11-16,,4
4801,HALCYGEN PHARMACEUTICALS LIMITED,HALCYGEN PHARMACEUTICALS,former,2005-08-18,2010-11-16,,4
4801,MAYNE PHARMA GROUP LIMITED,MAYNE PHARMA GROUP,legal,2010-11-17,,,4
4802,N1 HOLDINGS LIMITED,N1,legal,2015-11-24,,,4
4803,NATIONAL AUSTRALIA BANK LIMITED,NATIONAL AUSTRALIA BANK,legal,2022-11-28,,,4
4803,NATIONAL COMMERCIAL BANKING CORPORATION OF AUSTRALIA LIMITED,NATIONAL COMMERCIAL BANKING CORPORATION OF AUSTRALIA,former,1893-06-23,2022-11-27,,4
4803,THE NATIONAL BANK OF AUSTRALASIA LIMITED,THE NATIONAL BANK OF AUSTRALASIA,former,1893-06-23,2022-11-27,,4
4804,NAOS ABSOLUTE OPPORTUNITIES COMPANY LTD,NAOS ABSOLUTE OPPORTUNITIES COMPANY,former,2014-05-08,2018-07-05,,4
4804,NAOS EX-50 OPPORTUNITIES COMPANY LIMITED,NAOS EX 50 OPPORTUNITIES COMPANY,legal,2018-07-06,,,4
4805,H.E.A. PTY. LTD.,H E A,former,1968-10-22,2006-07-19,,4
4805,HEAT EXCHANGERS (AUSTRALIA) PTY. LTD.,HEAT EXCHANGERS AUSTRALIA,former,1968-10-22,2006-07-19,,4
4805,HEAT EXCHANGERS INTERNATIONAL LIMITED,HEAT EXCHANGERS INTERNATIONAL,former,1968-10-22,2006-07-19,,4
4805,LABTAM LIMITED,LABTAM,former,1968-10-22,2006-07-19,,4
4805,NEW AGE EXPLORATION LIMITED,NEW AGE EXPLORATION,legal,2006-07-20,,,4
4806,NAGAMBIE MINING LIMITED,NAGAMBIE MINING,former,2004-10-29,2015-11-17,,4
4806,NAGAMBIE RESOURCES LIMITED,NAGAMBIE RESOURCES,legal,2015-11-18,,,4
4806,PANAEGIS GOLD MINES LTD,PANAEGIS GOLD MINES,former,2004-10-29,2015-11-17,,4
4807,NANOSONICS LIMITED,NANOSONICS,legal,2000-11-14,,,4
4808,NICO RESOURCES LIMITED,NICO RESOURCES,legal,2021-04-29,,,4
4809,NANOLLOSE LIMITED,NANOLLOSE,legal,2014-09-08,,,4
4810,NAOS EMERGING OPPORTUNITIES COMPANY LIMITED,NAOS EMERGING OPPORTUNITIES COMPANY,legal,2012-11-06,,,4
4811,NICK SCALI & CO PTY LTD,NICK SCALI CO,former,1962-08-08,2017-06-19,,4
4811,NICK SCALI LIMITED,NICK SCALI,legal,2017-06-20,,,4
4812,NIDO EDUCATION LIMITED,NIDO EDUCATION,legal,2021-06-11,,,4
4813,NINE ENTERTAINMENT CO. HOLDINGS LIMITED,NINE ENTERTAINMENT CO,legal,2017-06-20,,,4
4813,PBL MEDIA HOLDINGS PTY LTD,PBL MEDIA,former,2006-10-16,2017-06-19,,4
4814,NEWMONT CORPORATION,NEWMONT CORPORATION,legal,2023-08-31,,,4
4815,ALAMAR RESOURCES LTD,ALAMAR RESOURCES,former,2007-09-19,2017-12-05,,4
4815,MINATORE RESOURCES LIMITED,MINATORE RESOURCES,former,2007-09-19,2017-12-05,,4
4815,MONGOLIAN RESOURCE CORPORATION LTD,MONGOLIAN RESOURCE CORPORATION,former,2007-09-19,2017-12-05,,4
4815,NELSON RESOURCES LIMITED,NELSON RESOURCES,legal,2017-12-06,,,4
4816,NEUREN PHARMACEUTICALS LIMITED,NEUREN PHARMACEUTICALS,legal,2004-10-22,,,4
4817,NORFOLK METALS LIMITED,NORFOLK METALS,legal,2021-07-30,,,4
4818,CASTILLO COPPER LIMITED,CASTILLO COPPER,former,2009-06-11,2024-11-27,,4
4818,NEW FRONTIER MINERALS LIMITED,NEW FRONTIER MINERALS,legal,2024-11-28,,,4
4818,OAKLAND RESOURCES LIMITED,OAKLAND RESOURCES,former,2009-06-11,2024-11-27,,4
4819,NEW GUINEA ENERGY LTD,NEW GUINEA ENERGY,former,2005-02-04,2017-05-29,,4
4819,NGE CAPITAL LIMITED,NGE CAPITAL,legal,2017-05-30,,,4
4820,HFA HOLDINGS LIMITED,HFA,former,2002-08-05,2017-11-05,,4
4820,MFS CAPITAL LIMITED,MFS CAPITAL,former,2002-08-05,2017-11-05,,4
4820,NAVIGATOR GLOBAL INVESTMENTS LIMITED,NAVIGATOR GLOBAL INVESTMENTS,legal,2017-11-06,,,4
4821,NUTRITIONAL GROWTH SOLUTIONS LTD.,NUTRITIONAL GROWTH SOLUTIONS,legal,2020-08-13,,,4
4822,NGX LIMITED,NGX,legal,2021-04-19,,,4
4823,NEW HOLLAND MINING LIMITED,NEW HOLLAND MINING,former,1985-03-26,2011-12-06,,4
4823,NEW HOLLAND MINING N.L.,NEW HOLLAND MINING N L,former,1985-03-26,2011-12-06,,4
4823,NUENERGY CAPITAL LIMITED,NUENERGY CAPITAL,former,1985-03-26,2011-12-06,,4
4823,NUENERGY GAS LIMITED,NUENERGY GAS,legal,2011-12-07,,,4
4824,FLUOROMETRICS PTY LIMITED,FLUOROMETRICS,former,2001-12-19,2024-12-01,,4
4824,FLUOROTECHNICS LIMITED,FLUOROTECHNICS,former,2001-12-19,2024-12-01,,4
4824,HEXAGON ENERGY MATERIALS LIMITED,HEXAGON ENERGY MATERIALS,former,2001-12-19,2024-12-01,,4
4824,HEXAGON RESOURCES LIMITED,HEXAGON RESOURCES,former,2001-12-19,2024-12-01,,4
4824,LAMBOO RESOURCES LIMITED,LAMBOO RESOURCES,former,2001-12-19,2024-12-01,,4
4824,NH3 CLEAN ENERGY LIMITED,NH3 CLEAN ENERGY,legal,2024-12-02,,,4
4825,NEW HOPE CONSOLIDATED INDUSTRIES LIMITED,NEW HOPE CONSOLIDATED INDUSTRIES,former,1986-07-15,2003-11-26,,4
4825,NEW HOPE CORPORATION LIMITED,NEW HOPE CORPORATION,legal,2003-11-27,,,4
4825,SURREY PROPERTIES PTY. LIMITED,SURREY PROPERTIES,former,1986-07-15,2003-11-26,,4
4826,GIOTTO INVESTMENTS PTY LTD,GIOTTO INVESTMENTS,former,2015-01-13,2022-04-05,,4
4826,NOBLE HELIUM LIMITED,NOBLE HELIUM,legal,2022-04-06,,,4
4827,NIB HOLDINGS LTD,NIB,legal,2007-05-28,,,4
4828,NEU HORIZON URANIUM LIMITED,NEU HORIZON URANIUM,legal,2026-07-03,,,4
4828,TASMANIA DATA INFRASTRUCTURE PTY LTD,TASMANIA DATA INFRASTRUCTURE,former,2021-09-16,2026-07-02,,4
4829,NICKEL INDUSTRIES LIMITED,NICKEL INDUSTRIES,legal,2022-05-31,,,4
4829,NICKEL MINES LIMITED,NICKEL MINES,former,2007-09-12,2022-05-30,,4
4830,CLOONMORE GROUP PTY LTD,CLOONMORE GROUP,former,2012-02-22,2021-11-17,,4
4830,NIMY RESOURCES LIMITED,NIMY RESOURCES,legal,2021-11-18,,,4
4831,NEX METALS EXPLORATION LIMITED,NEX METALS EXPLORATION,legal,2026-08-18,,,4
4832,NEW MURCHISON GOLD LIMITED,NEW MURCHISON GOLD,legal,2024-11-13,,,4
4832,ORA GOLD LIMITED,ORA GOLD,former,2003-09-08,2024-11-12,,4
4832,THUNDELARRA EXPLORATION LTD,THUNDELARRA EXPLORATION,former,2003-09-08,2024-11-12,,4
4832,THUNDELARRA LIMITED,THUNDELARRA,former,2003-09-08,2024-11-12,,4
4833,NATIVE MINERAL RESOURCES HOLDINGS LIMITED,NATIVE MINERAL RESOURCES,legal,2020-08-07,,,4
4834,NEOMETALS LTD,NEOMETALS,legal,2014-12-12,,,4
4834,REED RESOURCES LTD,REED RESOURCES,former,2001-12-20,2014-12-11,,4
4835,NORDIC NICKEL LIMITED,NORDIC NICKEL,former,2021-01-27,2024-12-01,,4
4835,NORDIC RESOURCES LTD,NORDIC RESOURCES,legal,2024-12-02,,,4
4836,ACORN PRUDENTIAL LTD,ACORN PRUDENTIAL,former,1902-06-05,2021-07-20,,4
4836,NOBLEOAK LIFE LIMITED,NOBLEOAK LIFE,legal,2021-07-21,,,4
4836,UNITED ANCIENT ORDER OF DRUIDS FRIENDLY SOCIETY N.S.W. LTD,UNITED ANCIENT ORDER OF DRUIDS FRIENDLY SOCIETY N S W,former,1902-06-05,2021-07-20,,4
4837,DEEPSKY WEBMARKET LTD,DEEPSKY WEBMARKET,former,1993-12-24,2015-06-07,,4
4837,ENTERPRISE SOLUTIONS ASIA PACIFIC LTD,ENTERPRISE SOLUTIONS ASIA PACIFIC,former,1993-12-24,2015-06-07,,4
4837,MONTERAY GROUP LTD,MONTERAY GROUP,former,1993-12-24,2015-06-07,,4
4837,MONTERAY MINING GROUP LTD,MONTERAY MINING GROUP,former,1993-12-24,2015-06-07,,4
4837,NORWOOD SYSTEMS LIMITED,NORWOOD SYSTEMS,legal,2015-06-08,,,4
4838,AUSTRALIAN NATURAL FOODS HOLDINGS LTD,AUSTRALIAN NATURAL FOODS,former,1984-07-30,2021-11-17,,4
4838,FREEDOM FOODS GROUP LIMITED,FREEDOM FOODS GROUP,former,1984-07-30,2021-11-17,,4
4838,FREEDOM NUTRITIONAL PRODUCTS LIMITED,FREEDOM NUTRITIONAL PRODUCTS,former,1984-07-30,2021-11-17,,4
4838,NOUMI LIMITED,NOUMI,legal,2021-11-18,,,4
4838,SO NATURAL FOODS AUSTRALIA LIMITED,SO NATURAL FOODS AUSTRALIA,former,1984-07-30,2021-11-17,,4
4838,VOTRAINT NO 84 PTY LTD,VOTRAINT NO 84,former,1984-07-30,2021-11-17,,4
4839,NOVATTI GROUP LIMITED,NOVATTI GROUP,legal,2015-06-19,,,4
4840,NOXOPHARM LIMITED,NOXOPHARM,legal,2015-10-27,,,4
4841,DARK HORSE RESOURCES LIMITED,DARK HORSE RESOURCES,former,1995-04-05,2020-09-06,,4
4841,NAVAHO GOLD LIMITED,NAVAHO GOLD,former,1995-04-05,2020-09-06,,4
4841,NAVAHO MINING PTY. LTD.,NAVAHO MINING,former,1995-04-05,2020-09-06,,4
4841,NEWPEAK METALS LIMITED,NEWPEAK METALS,legal,2020-09-07,,,4
4842,LUSTRUM MINERALS LTD,LUSTRUM MINERALS,former,2015-12-01,2020-11-05,,4
4842,NORONEX LIMITED,NORONEX,legal,2020-11-06,,,4
4843,LEIGH CREEK ENERGY LIMITED,LEIGH CREEK ENERGY,former,2004-01-28,2022-03-24,,4
4843,MARATHON RESOURCES LTD,MARATHON RESOURCES,former,2004-01-28,2022-03-24,,4
4843,NEURIZER LTD,NEURIZER,legal,2022-03-25,,,4
4844,HARVEST TECHNOLOGY GROUP LTD,HARVEST TECHNOLOGY GROUP,former,2011-04-20,2026-07-15,,4
4844,NODESTREAM LTD,NODESTREAM,legal,2026-07-16,,,4
4844,SENA RESOURCES LTD,SENA RESOURCES,former,2011-04-20,2026-07-15,,4
4844,SHARK MITIGATION SYSTEMS LTD,SHARK MITIGATION SYSTEMS,former,2011-04-20,2026-07-15,,4
4844,SMART MARINE SYSTEMS LIMITED,SMART MARINE SYSTEMS,former,2011-04-20,2026-07-15,,4
4845,ALZHYME LIMITED,ALZHYME,former,2002-11-14,2018-07-24,,4
4845,NEUROSCIENTIFIC BIOPHARMACEUTICALS LTD,NEUROSCIENTIFIC BIOPHARMACEUTICALS,legal,2018-07-25,,,4
4846,CONTANGO MICROCAP LIMITED,CONTANGO MICROCAP,former,2004-01-14,2019-12-18,,4
4846,NAOS SMALL CAP OPPORTUNITIES COMPANY LIMITED,NAOS SMALL CAP OPPORTUNITIES COMPANY,legal,2019-12-19,,,4
4847,NORTH STAWELL GOLD PTY LTD,NORTH STAWELL GOLD,former,2019-05-14,2020-09-21,,4
4847,NORTH STAWELL MINERALS LTD,NORTH STAWELL MINERALS,legal,2020-09-22,,,4
4848,NORTHERN STAR RESOURCES LTD,NORTHERN STAR RESOURCES,legal,2000-05-12,,,4
4849,AUSTRALIA'S 4WD TYRE SUPER STORE PTY. LTD.,AUSTRALIA S 4WD TYRE SUPER STORE,former,2001-02-08,2024-03-25,,4
4849,FOURBY'S PTY. LTD.,FOURBY S,former,2001-02-08,2024-03-25,,4
4849,NATIONAL TYRE & WHEEL LIMITED,NATIONAL TYRE WHEEL,former,2001-02-08,2024-03-25,,4
4849,NTAW HOLDINGS LIMITED,NTAW,legal,2024-03-26,,,4
4849,STFT INVESTMENT HOLDINGS PTY LTD,STFT INVESTMENT,former,2001-02-08,2024-03-25,,4
4850,NEUROTECH INTERNATIONAL LIMITED,NEUROTECH INTERNATIONAL,legal,2016-01-15,,,4
4851,BURDEKIN PACIFIC LIMITED,BURDEKIN PACIFIC,former,1993-04-21,2022-06-09,,4
4851,BURDEKIN RESOURCES LIMITED,BURDEKIN RESOURCES,former,1993-04-21,2022-06-09,,4
4851,NT MINERALS LIMITED,NT MINERALS,legal,2022-06-10,,,4
4851,REDBANK COPPER LIMITED,REDBANK COPPER,former,1993-04-21,2022-06-09,,4
4851,REDBANK MINES LIMITED,REDBANK MINES,former,1993-04-21,2022-06-09,,4
4852,NORTHERN MINERALS LIMITED,NORTHERN MINERALS,legal,2011-02-02,,,4
4852,NORTHERN URANIUM LIMITED,NORTHERN URANIUM,former,2006-05-31,2011-02-01,,4
4853,NUCHEV LIMITED,NUCHEV,legal,2013-04-09,,,4
4854,NUFARM LIMITED,NUFARM,legal,2000-01-27,,,4
4855,ECHO TECHNOLOGIES LTD,ECHO TECHNOLOGIES,former,2000-08-03,2024-10-09,,4
4855,NEURIZON THERAPEUTICS LIMITED,NEURIZON THERAPEUTICS,legal,2024-10-10,,,4
4855,PHARMAUST LIMITED,PHARMAUST,former,2000-08-03,2024-10-09,,4
4856,NOVA MINERALS CORP,NOVA MINERALS CORP,legal,2026-05-13,,,4
4857,NOVO RESOURCES CORP.,NOVO RESOURCES CORP,legal,2023-01-13,,,4
4858,NOVIQTECH LIMITED,NOVIQTECH,legal,2023-10-03,,,4
4858,TYMLEZ GROUP LIMITED,TYMLEZ GROUP,former,2017-11-13,2023-10-02,,4
4859,NANOVEU LIMITED,NANOVEU,legal,2018-02-14,,,4
4860,GRAPHITECORP LIMITED,GRAPHITECORP,former,2012-04-05,2017-07-10,,4
4860,NOVONIX LIMITED,NOVONIX,legal,2017-07-11,,,4
4861,NRW HOLDINGS LIMITED,NRW,legal,2006-02-10,,,4
4862,A.C.N. 620 145 404 LIMITED,A C N 620 145 404,former,2017-06-30,2017-11-19,,4
4862,NETWEALTH GROUP LIMITED,NETWEALTH GROUP,legal,2017-11-20,,,4
4863,NORWEST GOLD PTY LTD,NORWEST GOLD,former,2017-11-21,2018-11-27,,4
4863,NORWEST MINERALS LIMITED,NORWEST MINERALS,legal,2018-11-28,,,4
4864,NEW NEWSCORP INC,NEW NEWSCORP,former,2013-05-22,2013-09-05,,4
4864,NEW NEWSCORP LLC,NEW NEWSCORP LLC,former,2013-05-22,2013-09-05,,4
4864,NEWS CORPORATION,NEWS CORPORATION,legal,2013-09-06,,,4
4865,INHALERX LIMITED,INHALERX,former,2016-04-13,2026-01-29,,4
4865,LIFESPOT HEALTH LTD,LIFESPOT HEALTH,former,2016-04-13,2026-01-29,,4
4865,NEXALIS THERAPEUTICS LTD,NEXALIS THERAPEUTICS,legal,2026-01-30,,,4
4866,DGI HOLDINGS LIMITED,DGI,former,2003-06-06,2022-12-04,,4
4866,DIGISLIDE HOLDINGS LIMITED,DIGISLIDE,former,2003-06-06,2022-12-04,,4
4866,ICOLLEGE LIMITED,ICOLLEGE,former,2003-06-06,2022-12-04,,4
4866,NEXTED GROUP LIMITED,NEXTED GROUP,legal,2022-12-05,,,4
4867,NEXGEN ENERGY (CANADA) LTD.,NEXGEN ENERGY CANADA,legal,2021-04-09,,,4
4868,NUIX AUSTRALIA PTY LTD,NUIX AUSTRALIA,former,2005-11-15,2020-12-03,,4
4868,NUIX LIMITED,NUIX,legal,2020-12-04,,,4
4869,HEMISPHERE RESOURCES LIMITED,HEMISPHERE RESOURCES,former,2006-10-06,2012-11-22,,4
4869,NEXUS MINERALS LIMITED,NEXUS MINERALS,legal,2012-11-23,,,4
4870,NEXSEN BIOTECH PTY LTD,NEXSEN BIOTECH,former,2021-11-09,2025-10-09,,4
4870,NEXSEN LIMITED,NEXSEN,legal,2025-10-10,,,4
4870,NEXSEN MEDTECH PTY LTD,NEXSEN MEDTECH,former,2021-11-09,2025-10-09,,4
4871,NEXTDC LIMITED,NEXTDC,legal,2010-05-11,,,4
4872,NARRYER METALS LIMITED,NARRYER METALS,legal,2021-07-01,,,4
4873,NYRADA INC.,NYRADA,legal,2018-05-01,,,4
4874,NEW ZEALAND KING SALMON INVESTMENTS LIMITED,NEW ZEALAND KING SALMON INVESTMENTS,legal,2016-08-17,,,4
4875,NZME LIMITED,NZME,legal,2016-06-27,,,4
4875,WILSON & HORTON LIMITED,WILSON HORTON,former,2016-06-08,2016-06-26,,4
4876,OAKRIDGE INTERNATIONAL LIMITED,OAKRIDGE INTERNATIONAL,legal,2021-04-16,,,4
4876,PANAX GEOTHERMAL LIMITED,PANAX GEOTHERMAL,former,2006-10-16,2021-04-15,,4
4876,RAYA GROUP LIMITED,RAYA GROUP,former,2006-10-16,2021-04-15,,4
4876,URANOZ LIMITED,URANOZ,former,2006-10-16,2021-04-15,,4
4876,UTOPIAN ENERGY LIMITED,UTOPIAN ENERGY,former,2006-10-16,2021-04-15,,4
4876,XPED LIMITED,XPED,former,2006-10-16,2021-04-15,,4
4877,AUSAMERICAN MINING LIMITED,AUSAMERICAN MINING,former,1996-03-06,2024-12-03,,4
4877,AUSROC METALS LTD,AUSROC METALS,former,1996-03-06,2024-12-03,,4
4877,AUSTRALIAN-AMERICAN MINING CORPORATION LIMITED,AUSTRALIAN AMERICAN MINING CORPORATION,former,1996-03-06,2024-12-03,,4
4877,AUSTRALIAN-AMERICAN MINING CORPORATION N.L.,AUSTRALIAN AMERICAN MINING CORPORATION N L,former,1996-03-06,2024-12-03,,4
4877,MONARO MINING N.L.,MONARO MINING N L,former,1996-03-06,2024-12-03,,4
4877,ORBMINCO LIMITED,ORBMINCO,legal,2024-12-04,,,4
4877,SOUTH PACIFIC NICKEL N.L.,SOUTH PACIFIC NICKEL N L,former,1996-03-06,2024-12-03,,4
4877,WOOMERA MINING LIMITED,WOOMERA MINING,former,1996-03-06,2024-12-03,,4
4878,BENTHAM IMF LIMITED,BENTHAM IMF,former,1994-12-01,2022-07-14,,4
4878,IMF (AUSTRALIA) LTD.,IMF AUSTRALIA,former,1994-12-01,2022-07-14,,4
4878,IMF BENTHAM LIMITED,IMF BENTHAM,former,1994-12-01,2022-07-14,,4
4878,INSOLVENCY MANAGEMENT FUND LIMITED,INSOLVENCY MANAGEMENT FUND,former,1994-12-01,2022-07-14,,4
4878,MAX MULTIMEDIA LIMITED,MAX MULTIMEDIA,former,1994-12-01,2022-07-14,,4
4878,OMNI BRIDGEWAY LIMITED,OMNI BRIDGEWAY,legal,2022-07-15,,,4
4878,REDTINGLE PTY LTD,REDTINGLE,former,1994-12-01,2022-07-14,,4
4879,EASTERN GOLDFIELDS LIMITED,EASTERN GOLDFIELDS,former,2002-03-26,2019-06-06,,4
4879,MONARCH GOLD MINING COMPANY LIMITED,MONARCH GOLD MINING COMPANY,former,2002-03-26,2019-06-06,,4
4879,MONARCH RESOURCES LIMITED,MONARCH RESOURCES,former,2002-03-26,2019-06-06,,4
4879,ORA BANDA MINING LTD,ORA BANDA MINING,legal,2019-06-07,,,4
4879,SWAN GOLD MINING LIMITED,SWAN GOLD MINING,former,2002-03-26,2019-06-06,,4
4880,OCEANIA HEALTHCARE LIMITED,OCEANIA HEALTHCARE,legal,2017-02-23,,,4
4881,ORTHOCELL LIMITED,ORTHOCELL,legal,2006-03-21,,,4
4882,COMPUTECHNICS PTY LTD,COMPUTECHNICS,former,1990-12-11,2000-07-31,,4
4882,MARANGO PTY. LTD.,MARANGO,former,1990-12-11,2000-07-31,,4
4882,OBJECTIVE CORPORATION LIMITED,OBJECTIVE CORPORATION,legal,2000-08-01,,,4
4883,CEARA METALS 2050 PTY LTD,CEARA METALS 2050,former,2021-10-18,2025-11-27,,4
4883,OCEANA LITHIUM LIMITED,OCEANA LITHIUM,former,2021-10-18,2025-11-27,,4
4883,OCEANA METALS LIMITED,OCEANA METALS,legal,2025-11-28,,,4
4884,8 AU LIMITED,8 AU,former,2020-09-15,2022-09-13,,4
4884,OCTAVA MINERALS LIMITED,OCTAVA MINERALS,legal,2022-09-14,,,4
4885,OD6 METALS LIMITED,OD6 METALS,legal,2022-06-20,,,4
4885,ODETTE SIX METALS LIMITED,ODETTE SIX METALS,former,2021-10-27,2022-06-19,,4
4886,COOLGARDIE GOLD N.L.,COOLGARDIE GOLD N L,former,1983-05-10,2018-08-15,,4
4886,ORCODA LIMITED,ORCODA,legal,2018-08-16,,,4
4886,SMARTTRANS HOLDINGS LTD,SMARTTRANS,former,1983-05-10,2018-08-15,,4
4887,CARPENTER PACIFIC RESOURCES LIMITED,CARPENTER PACIFIC RESOURCES,former,1935-11-14,2021-12-01,,4
4887,CARPENTER PACIFIC RESOURCES N.L.,CARPENTER PACIFIC RESOURCES N L,former,1935-11-14,2021-12-01,,4
4887,CARPENTERS INVESTMENT TRADING CO LTD,CARPENTERS INVESTMENT TRADING CO,former,1935-11-14,2021-12-01,,4
4887,CRE8TEK LIMITED,CRE8TEK,former,1935-11-14,2021-12-01,,4
4887,FARGO ENTERPRISES LIMITED,FARGO ENTERPRISES,former,1935-11-14,2021-12-01,,4
4887,FLAMINGO AI LIMITED,FLAMINGO AI,former,1935-11-14,2021-12-01,,4
4887,MARION ENERGY LIMITED,MARION ENERGY,former,1935-11-14,2021-12-01,,4
4887,ODESSA MINERALS LIMITED,ODESSA MINERALS,legal,2021-12-02,,,4
4888,ODYSSEY ENERGY LIMITED,ODYSSEY ENERGY,former,2005-09-08,2021-01-12,,4
4888,ODYSSEY GOLD LTD,ODYSSEY GOLD,legal,2021-01-13,,,4
4889,ORBITAL CORPORATION LIMITED,ORBITAL CORPORATION,legal,2004-10-27,,,4
4889,ORBITAL ENGINE CORPORATION LIMITED,ORBITAL ENGINE CORPORATION,former,1988-09-30,2004-10-26,,4
4889,SARICH TECHNOLOGIES LIMITED,SARICH TECHNOLOGIES,former,1988-09-30,2004-10-26,,4
4890,KANINI INVESTMENTS LIMITED,KANINI INVESTMENTS,former,2004-01-07,2006-08-20,,4
4890,OTTO ENERGY LIMITED,OTTO ENERGY,legal,2006-08-21,,,4
4890,OTTOMAN ENERGY LIMITED,OTTOMAN ENERGY,former,2004-01-07,2006-08-20,,4
4891,ARCHEAN INVESTMENTS LTD,ARCHEAN INVESTMENTS,former,1969-12-18,2005-12-01,,4
4891,ARCHEAN MINING INVESTMENTS LTD,ARCHEAN MINING INVESTMENTS,former,1969-12-18,2005-12-01,,4
4891,ARCHEAN MINING PTY LTD,ARCHEAN MINING,former,1969-12-18,2005-12-01,,4
4891,ARCHEAN OIL LTD,ARCHEAN OIL,former,1969-12-18,2005-12-01,,4
4891,CARTER ADAMS PTY LTD,CARTER ADAMS,former,1969-12-18,2005-12-01,,4
4891,CENTRAL BORE NICKEL N.L.,CENTRAL BORE NICKEL N L,former,1969-12-18,2005-12-01,,4
4891,CENTRAL BORE NL,CENTRAL BORE,former,1969-12-18,2005-12-01,,4
4891,CENTRAL EXCHANGE LIMITED,CENTRAL EXCHANGE,former,1969-12-18,2005-12-01,,4
4891,ORION EQUITIES LIMITED,ORION EQUITIES,legal,2005-12-02,,,4
4891,TRI-ARC ENERGY LTD,TRI ARC ENERGY,former,1969-12-18,2005-12-01,,4
4891,TRIARC CORPORATION LTD,TRIARC CORPORATION,former,1969-12-18,2005-12-01,,4
4892,OFX GROUP LIMITED,OFX GROUP,legal,2016-08-24,,,4
4892,OZFOREX GROUP LIMITED,OZFOREX GROUP,former,2013-09-02,2016-08-23,,4
4893,OPTISCAN IMAGING LIMITED,OPTISCAN IMAGING,legal,1997-03-11,,,4
4894,AUSTRALIAN STONE CREATIONS LTD,AUSTRALIAN STONE CREATIONS,former,2006-12-11,2008-06-04,,4
4894,AUSTRALIAN STONE SOLUTIONS LTD,AUSTRALIAN STONE SOLUTIONS,former,2006-12-11,2008-06-04,,4
4894,OAKAJEE CORPORATION LTD,OAKAJEE CORPORATION,legal,2008-06-05,,,4
4895,H. OLDFIELD & SON HOLDINGS LTD,H OLDFIELD SON,former,1960-04-01,2026-02-26,,4
4895,OLDFIELDS HOLDINGS LTD,OLDFIELDS,legal,2026-02-27,,,4
4896,OLIVER'S AUSTRALIA HOLDINGS LIMITED,OLIVER S AUSTRALIA,former,2013-10-29,2017-06-19,,4
4896,OLIVER'S REAL FOOD LIMITED,OLIVER S REAL FOOD,legal,2017-06-20,,,4
4897,OPENLEARNING LIMITED,OPENLEARNING,legal,2019-08-30,,,4
4898,CROPLOGIC LIMITED,CROPLOGIC,former,2017-07-06,2022-12-11,,4
4898,OLYMPIO METALS LIMITED,OLYMPIO METALS,legal,2022-12-12,,,4
4899,OMNIA METALS GROUP LTD,OMNIA METALS GROUP,legal,2021-02-23,,,4
4900,LUCO ENERGY PTY LTD,LUCO ENERGY,former,2020-09-23,2022-10-23,,4
4900,OMEGA OIL & GAS LIMITED,OMEGA OIL GAS,legal,2022-10-24,,,4
4901,FORBIDDEN FOODS LIMITED,FORBIDDEN FOODS,former,2016-12-19,2025-05-19,,4
4901,OMG GROUP LIMITED,OMG GROUP,legal,2025-05-20,,,4
4902,OM HOLDINGS LIMITED,OM,legal,1997-12-11,,,4
4903,OOH!MEDIA LIMITED,OOH MEDIA,legal,2014-10-07,,,4
4904,ORANGE MINERALS NL,ORANGE MINERALS,legal,2021-05-24,,,4
4905,ONEVIEW HEALTHCARE PLC,ONEVIEW HEALTHCARE PLC,legal,2026-08-18,,,4
4906,OPHIR HIGH CONVICTION FUND,OPHIR HIGH CONVICTION FUND,legal,2026-08-18,,,4
4907,AUROCH MINERALS LTD,AUROCH MINERALS,former,2011-01-25,2025-11-23,,4
4907,FUTURE BATTERY MINERALS LIMITED,FUTURE BATTERY MINERALS,former,2011-01-25,2025-11-23,,4
4907,ORE RESOURCES LIMITED,ORE RESOURCES,legal,2025-11-24,,,4
4907,TERRANOVA MINERALS LTD.,TERRANOVA MINERALS,former,2011-01-25,2025-11-23,,4
4908,AMCOR PACKAGING (AUSTRALIA) LIMITED,AMCOR PACKAGING AUSTRALIA,former,1949-11-07,2013-12-17,,4
4908,CONTAINERS LIMITED,CONTAINERS,former,1949-11-07,2013-12-17,,4
4908,ORORA LIMITED,ORORA,legal,2013-12-18,,,4
4909,ORDELL MINERALS LIMITED,ORDELL MINERALS,legal,2022-10-05,,,4
4910,OREZONE GOLD CORPORATION,OREZONE GOLD CORPORATION,legal,2025-04-23,,,4
4911,BORAL LTD,BORAL,former,1946-03-04,2016-12-22,,4
4911,ORIGIN ENERGY LIMITED,ORIGIN ENERGY,legal,2016-12-23,,,4
4912,ICI AUSTRALIA LIMITED,ICI AUSTRALIA,former,1928-05-31,2012-07-09,,4
4912,IMPERIAL CHEMICAL INDUSTRIES (AUSTRALASIA) LIMITED,IMPERIAL CHEMICAL INDUSTRIES AUSTRALASIA,former,1928-05-31,2012-07-09,,4
4912,IMPERIAL CHEMICAL INDUSTRIES OF AUSTRALIA AND NEW ZEALAND LIMITED,IMPERIAL CHEMICAL INDUSTRIES OF AUSTRALIA AND NEW ZEALAND,former,1928-05-31,2012-07-09,,4
4912,ORICA LIMITED,ORICA,legal,2012-07-10,,,4
4913,GOLDSTAR RESOURCES LIMITED,GOLDSTAR RESOURCES,former,2001-12-03,2018-02-01,,4
4913,ORION GOLD NL,ORION GOLD,former,2001-12-03,2018-02-01,,4
4913,ORION MINERALS LTD,ORION MINERALS,legal,2018-02-02,,,4
4914,ARGONAUT RESOURCES N.L.,ARGONAUT RESOURCES N L,former,1985-09-27,2024-02-15,,4
4914,CENTRAL MINING CORPORATION N.L.,CENTRAL MINING CORPORATION N L,former,1985-09-27,2024-02-15,,4
4914,ORPHEUS URANIUM LIMITED,ORPHEUS URANIUM,legal,2024-02-16,,,4
4914,STAR MINING CORPORATION N.L.,STAR MINING CORPORATION N L,former,1985-09-27,2024-02-15,,4
4915,CONCEPT BIOTECH LTD,CONCEPT BIOTECH,former,2005-04-14,2013-05-23,,4
4915,NEURODISCOVERY LTD,NEURODISCOVERY,former,2005-04-14,2013-05-23,,4
4915,ONCOSIL MEDICAL LTD,ONCOSIL MEDICAL,legal,2013-05-24,,,4
4916,OSMOND RESOURCES LIMITED,OSMOND RESOURCES,legal,2021-04-15,,,4
4917,OSTEOPORE LIMITED,OSTEOPORE,legal,2018-12-11,,,4
4918,IOUPAY LIMITED,IOUPAY,former,2000-01-13,2024-01-28,,4
4918,ISENTRIC LIMITED,ISENTRIC,former,2000-01-13,2024-01-28,,4
4918,OCCUPATIONAL & MEDICAL INNOVATIONS LIMITED,OCCUPATIONAL MEDICAL INNOVATIONS,former,2000-01-13,2024-01-28,,4
4918,OMI HOLDINGS LIMITED,OMI,former,2000-01-13,2024-01-28,,4
4918,OVANTI LIMITED,OVANTI,legal,2024-01-29,,,4
4919,OZAURUM RESOURCES LIMITED,OZAURUM RESOURCES,legal,2020-08-05,,,4
4920,OZZ RESOURCES LIMITED,OZZ RESOURCES,legal,2020-08-27,,,4
4921,PURE HYDROGEN CORPORATION LIMITED,PURE HYDROGEN CORPORATION,former,2021-06-28,2025-12-02,,4
4921,PURE ONE CORPORATION LIMITED,PURE ONE CORPORATION,legal,2025-12-03,,,4
4921,STRATA-X ENERGY LTD.,STRATA X ENERGY,former,2021-06-28,2025-12-02,,4
4922,PATRYS LIMITED,PATRYS,legal,2006-12-08,,,4
4923,ACADAMY HOLDINGS LIMITED,ACADAMY,former,1987-02-23,2015-10-18,,4
4923,ACADEMY HOLDINGS LIMITED,ACADEMY,former,1987-02-23,2015-10-18,,4
4923,P T H GROUP LTD,P T H GROUP,former,1987-02-23,2015-10-18,,4
4923,PACIFIC CURRENT GROUP LIMITED,PACIFIC CURRENT GROUP,legal,2015-10-19,,,4
4923,PAPER TECHNOLOGY INTERNATIONAL LIMITED,PAPER TECHNOLOGY INTERNATIONAL,former,1987-02-23,2015-10-18,,4
4923,TREASURY GROUP LTD,TREASURY GROUP,former,1987-02-23,2015-10-18,,4
4924,PAN AFRICAN RESOURCES PLC,PAN AFRICAN RESOURCES PLC,legal,2026-03-23,,,4
4925,PARADIGM BIOPHARMACEUTICALS LIMITED,PARADIGM BIOPHARMACEUTICALS,legal,2014-05-02,,,4
4926,PATRIOT LITHIUM LIMITED,PATRIOT LITHIUM,former,2021-01-28,2025-04-28,,4
4926,PATRIOT RESOURCES LIMITED,PATRIOT RESOURCES,legal,2025-04-29,,,4
4927,POINTSBET HOLDINGS LIMITED,POINTSBET,legal,2017-08-18,,,4
4928,PARABELLUM RESOURCES LIMITED,PARABELLUM RESOURCES,legal,2020-10-15,,,4
4929,PC GOLD LTD,PC GOLD,legal,2015-12-12,,,4
4930,ABTOURK (SYD NO.448) PTY. LIMITED,ABTOURK SYD NO 448,former,1993-03-03,2017-05-31,,4
4930,HUNTER HALL INTERNATIONAL LIMITED,HUNTER HALL INTERNATIONAL,former,1993-03-03,2017-05-31,,4
4930,HUNTER HALL INVESTMENT MANAGEMENT LIMITED,HUNTER HALL INVESTMENT MANAGEMENT,former,1993-03-03,2017-05-31,,4
4930,PENGANA CAPITAL GROUP LIMITED,PENGANA CAPITAL GROUP,legal,2017-06-01,,,4
4930,RUSHCUTTER INVESTMENTS LIMITED,RUSHCUTTER INVESTMENTS,former,1993-03-03,2017-05-31,,4
4931,PERPETUAL CREDIT INCOME TRUST,PERPETUAL CREDIT INCOME TRUST,legal,2026-08-18,,,4
4932,EPAT TECHNOLOGIES LTD,EPAT TECHNOLOGIES,former,2010-08-27,2018-01-16,,4
4932,MERAH RESOURCES LIMITED,MERAH RESOURCES,former,2010-08-27,2018-01-16,,4
4932,MINERVA RESOURCES LIMITED,MINERVA RESOURCES,former,2010-08-27,2018-01-16,,4
4932,MINQUEST LIMITED,MINQUEST,former,2010-08-27,2018-01-16,,4
4932,PAINCHEK LTD,PAINCHEK,legal,2018-01-17,,,4
4933,GENESIS RESOURCES N.L.,GENESIS RESOURCES N L,former,1985-12-09,2021-08-30,,4
4933,KIMBERLEY DIAMOND MINES (AUSTRALIA) N L,KIMBERLEY DIAMOND MINES AUSTRALIA N L,former,1985-12-09,2021-08-30,,4
4933,PANCONTINENTAL ENERGY NL,PANCONTINENTAL ENERGY,legal,2021-08-31,,,4
4933,PANCONTINENTAL OIL & GAS NL,PANCONTINENTAL OIL GAS,former,1985-12-09,2021-08-30,,4
4933,THE AUSTRALIAN EMERALD COMPANY N L,THE AUSTRALIAN EMERALD COMPANY N L,former,1985-12-09,2021-08-30,,4
4934,PENGANA GLOBAL PRIVATE CREDIT TRUST,PENGANA GLOBAL PRIVATE CREDIT TRUST,legal,2026-08-18,,,4
4935,PREDICTIVE DISCOVERY LIMITED,PREDICTIVE DISCOVERY,legal,2007-08-22,,,4
4936,PALADIN ENERGY LTD,PALADIN ENERGY,legal,2018-02-01,,,4
4936,PALADIN RESOURCES LTD,PALADIN RESOURCES,former,1993-09-24,2018-01-31,,4
4937,PENGANA PRIVATE EQUITY TRUST,PENGANA PRIVATE EQUITY TRUST,legal,2026-08-18,,,4
4938,PACIFIC EDGE LIMITED,PACIFIC EDGE,legal,2021-09-15,,,4
4939,PERPETUAL RESOURCES LIMITED,PERPETUAL RESOURCES,legal,2011-11-29,,,4
4940,KANOWNA LIGHTS LIMITED,KANOWNA LIGHTS,former,1993-11-12,2014-01-29,,4
4940,PENINSULA ENERGY LIMITED,PENINSULA ENERGY,legal,2014-01-30,,,4
4940,PENINSULA MINERALS LIMITED,PENINSULA MINERALS,former,1993-11-12,2014-01-29,,4
4941,ANTISENSE THERAPEUTICS LIMITED,ANTISENSE THERAPEUTICS,former,2000-11-13,2023-11-20,,4
4941,PERCHERON THERAPEUTICS LIMITED,PERCHERON THERAPEUTICS,legal,2023-11-21,,,4
4942,IMT HOLDINGS LIMITED,IMT,former,2002-02-12,2018-08-16,,4
4942,PHOSLOCK ENVIRONMENTAL TECHNOLOGIES LIMITED,PHOSLOCK ENVIRONMENTAL TECHNOLOGIES,legal,2018-08-17,,,4
4942,PHOSLOCK WATER SOLUTIONS LIMITED,PHOSLOCK WATER SOLUTIONS,former,2002-02-12,2018-08-16,,4
4943,PANTERA LITHIUM LIMITED,PANTERA LITHIUM,former,2020-12-23,2025-11-23,,4
4943,PANTERA MINERALS LIMITED,PANTERA MINERALS,legal,2025-11-24,,,4
4944,AUSTRALIAN VALUE FUNDS MANAGEMENT LIMITED,AUSTRALIAN VALUE FUNDS MANAGEMENT,former,1965-11-26,2007-01-01,,4
4944,AVFM LTD,AVFM,former,1965-11-26,2007-01-01,,4
4944,BLUE RIBBON HOLDINGS LIMITED,BLUE RIBBON,former,1965-11-26,2007-01-01,,4
4944,PRIME FINANCIAL GROUP LIMITED,PRIME FINANCIAL GROUP,legal,2007-01-02,,,4
4945,CAPE RANGE LIMITED,CAPE RANGE,former,1988-01-11,2025-06-01,,4
4945,CAPE RANGE N.L.,CAPE RANGE N L,former,1988-01-11,2025-06-01,,4
4945,CAPE RANGE WIRELESS LTD,CAPE RANGE WIRELESS,former,1988-01-11,2025-06-01,,4
4945,PLATFORMO LTD,PLATFORMO,legal,2025-06-02,,,4
4946,A.C.N. 616 909 310 LIMITED,A C N 616 909 310,former,2017-01-19,2018-02-18,,4
4946,PROPEL FUNERAL PARTNERS LIMITED,PROPEL FUNERAL PARTNERS,legal,2018-02-19,,,4
4947,A.C.N. 112 682 158 LIMITED,A C N 112 682 158,former,2005-01-28,2025-10-30,,4
4947,BARALABA COAL COMPANY LIMITED,BARALABA COAL COMPANY,former,2005-01-28,2025-10-30,,4
4947,BLACK ENERGY LIMITED,BLACK ENERGY,former,2005-01-28,2025-10-30,,4
4947,BUNJI CORPORATION LIMITED,BUNJI CORPORATION,former,2005-01-28,2025-10-30,,4
4947,COCKATOO COAL LIMITED,COCKATOO COAL,former,2005-01-28,2025-10-30,,4
4947,PURE FOODS TASMANIA LIMITED,PURE FOODS TASMANIA,legal,2025-10-31,,,4
4948,CITROFRESH INTERNATIONAL LIMITED,CITROFRESH INTERNATIONAL,former,1994-05-03,2008-06-05,,4
4948,LOSS REGISTER PTY LTD,LOSS REGISTER,former,1994-05-03,2008-06-05,,4
4948,PARAGON CARE LIMITED,PARAGON CARE,legal,2008-06-06,,,4
4948,PLEXUS INTERNATIONAL LIMITED,PLEXUS INTERNATIONAL,former,1994-05-03,2008-06-05,,4
4948,PLEXUS MANAGEMENT SYSTEMS PTY LTD,PLEXUS MANAGEMENT SYSTEMS,former,1994-05-03,2008-06-05,,4
4949,PEREGRINE GOLD LTD,PEREGRINE GOLD,legal,2021-03-29,,,4
4949,PILBARA AURUM LTD.,PILBARA AURUM,former,2020-09-30,2021-03-28,,4
4950,PM CAPITAL GLOBAL OPPORTUNITIES FUND LIMITED,PM CAPITAL GLOBAL OPPORTUNITIES FUND,legal,2013-10-01,,,4
4951,KAIROS MINERALS LIMITED,KAIROS MINERALS,former,1983-08-16,2026-04-15,,4
4951,MINING PROJECTS GROUP LIMITED,MINING PROJECTS GROUP,former,1983-08-16,2026-04-15,,4
4951,PILBARA GOLD LIMITED,PILBARA GOLD,legal,2026-04-16,,,4
4951,YAMARNA GOLDFIELDS LTD,YAMARNA GOLDFIELDS,former,1983-08-16,2026-04-15,,4
4951,ZANEX LIMITED,ZANEX,former,1983-08-16,2026-04-15,,4
4951,ZANEX N.L.,ZANEX N L,former,1983-08-16,2026-04-15,,4
4952,PLATINA RESOURCES LIMITED,PLATINA RESOURCES,legal,2006-03-28,,,4
4953,EARTH HEAT RESOURCES LTD.,EARTH HEAT RESOURCES,former,2005-08-29,2026-07-12,,4
4953,FALL RIVER RESOURCES LTD,FALL RIVER RESOURCES,former,2005-08-29,2026-07-12,,4
4953,PILOT ENERGY LIMITED,PILOT ENERGY,legal,2026-07-13,,,4
4953,RAMPART ENERGY LTD,RAMPART ENERGY,former,2005-08-29,2026-07-12,,4
4954,CELAMIN HOLDINGS LIMITED,CELAMIN,former,2009-09-03,2022-01-20,,4
4954,PHOSCO LTD,PHOSCO,legal,2022-01-21,,,4
4954,VICTORIAN GOLD MINES NL,VICTORIAN GOLD MINES,former,2009-09-03,2022-01-20,,4
4955,CORUM GROUP LIMITED,CORUM GROUP,former,1950-12-11,2023-09-19,,4
4955,COSMOS LIMITED,COSMOS,former,1950-12-11,2023-09-19,,4
4955,JEFFRIES INDUSTRIES LTD,JEFFRIES INDUSTRIES,former,1950-12-11,2023-09-19,,4
4955,MEDICINE QUANTALE LIMITED,MEDICINE QUANTALE,former,1950-12-11,2023-09-19,,4
4955,PHARMX TECHNOLOGIES LIMITED,PHARMX TECHNOLOGIES,legal,2023-09-20,,,4
4956,HUNTER HALL GLOBAL VALUE LIMITED,HUNTER HALL GLOBAL VALUE,former,2003-12-22,2017-11-19,,4
4956,PENGANA INTERNATIONAL EQUITIES LIMITED,PENGANA INTERNATIONAL EQUITIES,legal,2017-11-20,,,4
4957,PERPETUAL EQUITY INVESTMENT COMPANY LIMITED,PERPETUAL EQUITY INVESTMENT COMPANY,legal,2014-08-25,,,4
4958,CHRYSALIS RESOURCES LIMITED,CHRYSALIS RESOURCES,former,2007-06-13,2015-11-22,,4
4958,PEPPERMINT INNOVATION LIMITED,PEPPERMINT INNOVATION,legal,2015-11-23,,,4
4959,PINNACLE MINERALS LIMITED,PINNACLE MINERALS,legal,2021-11-03,,,4
4960,PROTEOMICS INTERNATIONAL LABORATORIES LTD,PROTEOMICS INTERNATIONAL LABORATORIES,legal,2014-06-09,,,4
4961,PARKD LTD,PARKD,legal,2016-10-20,,,4
4962,PEAK OIL & GAS LIMITED,PEAK OIL GAS,former,2008-06-25,2015-11-26,,4
4962,PEAKO LIMITED,PEAKO,legal,2015-11-27,,,4
4962,RAISAMA ENERGY LIMITED,RAISAMA ENERGY,former,2008-06-25,2015-11-26,,4
4962,RAISAMA LIMITED,RAISAMA,former,2008-06-25,2015-11-26,,4
4963,ALTHEA GROUP HOLDINGS LIMITED,ALTHEA GROUP,former,2018-06-21,2025-11-27,,4
4963,PEAK PROCESSING LIMITED,PEAK PROCESSING,legal,2025-11-28,,,4
4964,MONTO MINERALS LTD,MONTO MINERALS,former,1994-01-17,2025-08-05,,4
4964,OPYL LIMITED,OPYL,former,1994-01-17,2025-08-05,,4
4964,PATHKEY.AI LTD,PATHKEY AI,legal,2025-08-06,,,4
4964,SHAREROOT LTD,SHAREROOT,former,1994-01-17,2025-08-05,,4
4965,PATAGONIA LITHIUM LTD,PATAGONIA LITHIUM,legal,2021-09-27,,,4
4966,PLATO INCOME MAXIMISER LIMITED,PLATO INCOME MAXIMISER,legal,2017-01-10,,,4
4967,ARIZONA LITHIUM LIMITED,ARIZONA LITHIUM,former,1969-05-01,2025-09-17,,4
4967,HAWKSTONE MINING LIMITED,HAWKSTONE MINING,former,1969-05-01,2025-09-17,,4
4967,MAGNET GROUP LIMITED,MAGNET GROUP,former,1969-05-01,2025-09-17,,4
4967,MAGNET METALS LIMITED,MAGNET METALS,former,1969-05-01,2025-09-17,,4
4967,PRAIRIE LITHIUM LIMITED,PRAIRIE LITHIUM,legal,2025-09-18,,,4
4967,ZYL LIMITED,ZYL,former,1969-05-01,2025-09-17,,4
4967,ZYLOTECH LTD,ZYLOTECH,former,1969-05-01,2025-09-17,,4
4968,MAYUR RESOURCES LIMITED,MAYUR RESOURCES,former,2017-06-16,2025-07-30,,4
4968,MAYUR RESOURCES PTE. LTD.,MAYUR RESOURCES PTE,former,2017-06-16,2025-07-30,,4
4968,PACIFIC LIME AND CEMENT LIMITED,PACIFIC LIME AND CEMENT,legal,2025-07-31,,,4
4969,PLC RESOURCES LIMITED,PLC RESOURCES,legal,2026-05-11,,,4
4969,PREMIER1 LITHIUM LIMITED,PREMIER1 LITHIUM,former,2019-11-01,2026-05-10,,4
4969,SENSORE AUSTRALIA LTD.,SENSORE AUSTRALIA,former,2019-11-01,2026-05-10,,4
4969,SENSORE LTD.,SENSORE,former,2019-11-01,2026-05-10,,4
4970,PEARL GULL IRON LIMITED,PEARL GULL IRON,legal,2021-09-16,,,4
4970,PEARL GULL LIMITED,PEARL GULL,former,2017-08-15,2021-09-15,,4
4971,FORTUNA MINERALS LIMITED,FORTUNA MINERALS,former,2005-01-10,2025-11-26,,4
4971,MARGINBET LIMITED,MARGINBET,former,2005-01-10,2025-11-26,,4
4971,PILBARA MINERALS LIMITED,PILBARA MINERALS,former,2005-01-10,2025-11-26,,4
4971,PLS GROUP LIMITED,PLS GROUP,legal,2025-11-27,,,4
4971,PORTLAND INTERNATIONAL LIMITED,PORTLAND INTERNATIONAL,former,2005-01-10,2025-11-26,,4
4972,PLENTI GROUP LIMITED,PLENTI GROUP,legal,2020-08-12,,,4
4973,PLAYSIDE STUDIOS LIMITED,PLAYSIDE STUDIOS,legal,2011-12-14,,,4
4974,DAMILTON PTY. LIMITED,DAMILTON,former,1983-09-07,2017-06-19,,4
4974,PRO MEDICUS LIMITED,PRO MEDICUS,legal,2017-06-20,,,4
4975,FIFTY ST GEORGE LIMITED,FIFTY ST GEORGE,former,2022-11-16,2025-11-26,,4
4975,PIONEER LITHIUM LIMITED,PIONEER LITHIUM,former,2022-11-16,2025-11-26,,4
4975,PIONEER MINERALS LIMITED,PIONEER MINERALS,legal,2025-11-27,,,4
4976,PATRIOT BATTERY METALS INC.,PATRIOT BATTERY METALS,former,2022-04-29,2025-09-28,,4
4976,PMET RESOURCES INC.,PMET RESOURCES,legal,2025-09-29,,,4
4977,PREMIER INVESTMENTS LIMITED,PREMIER INVESTMENTS,legal,1987-03-26,,,4
4978,PIONEER CREDIT LIMITED,PIONEER CREDIT,legal,2020-11-23,,,4
4978,PIONEER CREDIT MANAGEMENT SERVICES PTY LTD,PIONEER CREDIT MANAGEMENT SERVICES,former,2002-11-29,2020-11-22,,4
4979,PINNACLE INVESTMENT MANAGEMENT GROUP LIMITED,PINNACLE INVESTMENT MANAGEMENT GROUP,legal,2021-08-04,,,4
4979,WILSON GROUP LIMITED,WILSON GROUP,former,2002-04-23,2021-08-03,,4
4979,WILSON HTM INVESTMENT GROUP LTD,WILSON HTM INVESTMENT GROUP,former,2002-04-23,2021-08-03,,4
4980,PEPINNINI LITHIUM LIMITED,PEPINNINI LITHIUM,former,2002-08-15,2022-06-09,,4
4980,PEPINNINI MINERALS LIMITED,PEPINNINI MINERALS,former,2002-08-15,2022-06-09,,4
4980,PEPINNINI MINING COMPANY PTY LIMITED,PEPINNINI MINING COMPANY,former,2002-08-15,2022-06-09,,4
4980,POWER MINERALS LIMITED,POWER MINERALS,legal,2022-06-10,,,4
4981,BULONG GOLD N L,BULONG GOLD N L,former,1986-12-15,2025-03-31,,4
4981,CHROME CORPORATION LIMITED,CHROME CORPORATION,former,1986-12-15,2025-03-31,,4
4981,COLONIAL RESOURCES N.L.,COLONIAL RESOURCES N L,former,1986-12-15,2025-03-31,,4
4981,PACIFIC NIUGINI LIMITED,PACIFIC NIUGINI,former,1986-12-15,2025-03-31,,4
4981,PANTORO GOLD LIMITED,PANTORO GOLD,legal,2025-04-01,,,4
4981,PANTORO LIMITED,PANTORO,former,1986-12-15,2025-03-31,,4
4981,PRESTON RESOURCES LIMITED,PRESTON RESOURCES,former,1986-12-15,2025-03-31,,4
4982,PANTHER METALS LTD,PANTHER METALS,legal,2021-12-08,,,4
4982,PARTHIAN RESOURCES PTY LTD,PARTHIAN RESOURCES,former,2016-09-07,2021-12-07,,4
4983,CALZADA LIMITED,CALZADA,former,1998-08-12,2014-11-20,,4
4983,METABOLIC PHARMACEUTICALS LIMITED,METABOLIC PHARMACEUTICALS,former,1998-08-12,2014-11-20,,4
4983,POLYNOVO LIMITED,POLYNOVO,legal,2014-11-21,,,4
4984,DRAGON RESOURCES LTD,DRAGON RESOURCES,former,1986-10-13,2018-02-26,,4
4984,PODIUM MINERALS LIMITED,PODIUM MINERALS,legal,2018-02-27,,,4
4984,WELD RANGE METALS LIMITED,WELD RANGE METALS,former,1986-10-13,2018-02-26,,4
4985,POLYMETALS RESOURCES LTD,POLYMETALS RESOURCES,legal,2020-09-30,,,4
4986,PEET & COMPANY LIMITED,PEET COMPANY,former,1905-10-26,2022-10-05,,4
4986,PEET LIMITED,PEET,legal,2022-10-06,,,4
4987,AWX HCO ONE PTY LTD,AWX HCO ONE,former,2016-10-05,2021-12-09,,4
4987,PEOPLE INFRASTRUCTURE LTD.,PEOPLE INFRASTRUCTURE,former,2016-10-05,2021-12-09,,4
4987,PEOPLEIN LIMITED,PEOPLEIN,legal,2021-12-10,,,4
4988,A.C.N. 112 971 874 LIMITED,A C N 112 971 874,legal,2026-04-14,2026-08-18,,4
4988,PRO-PAC PACKAGING LIMITED,PRO PAC PACKAGING,former,2005-02-16,2026-04-13,,4
4988,PRO-PAC PACKAGING LIMITED,PRO PAC PACKAGING,legal,2026-08-18,,,4
4989,G.R.G. INVESTMENTS PTY. LIMITED,G R G INVESTMENTS,former,1990-04-03,2006-09-04,,4
4989,OSDALE PTY. LIMITED,OSDALE,former,1990-04-03,2006-09-04,,4
4989,PLASPAK GROUP LIMITED,PLASPAK GROUP,former,1990-04-03,2006-09-04,,4
4989,PPK GROUP LIMITED,PPK GROUP,legal,2006-09-05,,,4
4990,PUREPROFILE LTD.,PUREPROFILE,legal,2014-01-14,,,4
4991,PEPPER AUSTRALIA PTY LTD,PEPPER AUSTRALIA,former,2000-08-30,2021-05-24,,4
4991,PEPPER GROUP LIMITED,PEPPER GROUP,former,2000-08-30,2021-05-24,,4
4991,PEPPER MONEY LIMITED,PEPPER MONEY,legal,2021-05-25,,,4
4992,PRAEMIUM LTD,PRAEMIUM,legal,2001-10-10,,,4
4993,PERPETUAL LIMITED,PERPETUAL,legal,2006-01-09,,,4
4993,PERPETUAL TRUSTEES AUSTRALIA LIMITED,PERPETUAL TRUSTEES AUSTRALIA,former,1963-07-31,2006-01-08,,4
4994,PAPPIRUS LTD.,PAPPIRUS,former,2004-09-08,2005-04-13,,4
4994,PAPYRUS AUSTRALIA LTD,PAPYRUS AUSTRALIA,legal,2005-04-14,,,4
4995,PURE RESOURCES LIMITED,PURE RESOURCES,legal,2021-09-02,,,4
4996,PICHE RESOURCES LIMITED,PICHE RESOURCES,legal,2024-07-11,,,4
4996,SAN MARTIN MINING PTY LTD,SAN MARTIN MINING,former,2022-05-03,2024-07-10,,4
4997,ASSET BACKED HOLDINGS LIMITED,ASSET BACKED,former,1987-06-18,2026-04-15,,4
4997,ASSET BACKED SECURITIES LIMITED,ASSET BACKED SECURITIES,former,1987-06-18,2026-04-15,,4
4997,CI RESOURCES LIMITED,CI RESOURCES,former,1987-06-18,2026-04-15,,4
4997,PRL GLOBAL LTD,PRL GLOBAL,legal,2026-04-16,,,4
4998,LEVIATHAN MINING N.L.,LEVIATHAN MINING N L,former,1986-09-22,2021-06-10,,4
4998,MOUNT ANGELO EXPLORATION N.L.,MOUNT ANGELO EXPLORATION N L,former,1986-09-22,2021-06-10,,4
4998,PROMINENCE ENERGY LIMITED,PROMINENCE ENERGY,legal,2021-06-11,,,4
4998,SUN RESOURCES N.L.,SUN RESOURCES N L,former,1986-09-22,2021-06-10,,4
4998,TRIDENT PETROLEUM N.L.,TRIDENT PETROLEUM N L,former,1986-09-22,2021-06-10,,4
4999,AUSDRILL LIMITED,AUSDRILL,former,1986-12-22,2025-05-07,,4
4999,PERENTI GLOBAL LIMITED,PERENTI GLOBAL,former,1986-12-22,2025-05-07,,4
4999,PERENTI LIMITED,PERENTI,legal,2025-05-08,,,4
5000,PROPHECY INTERNATIONAL HOLDINGS LTD,PROPHECY INTERNATIONAL,legal,1997-09-04,,,4
5001,PERSEUS MINING LIMITED,PERSEUS MINING,legal,2003-10-24,,,4
5002,ABM RESOURCES NL,ABM RESOURCES,former,1985-04-02,2018-05-13,,4
5002,AUROTECH N.L.,AUROTECH N L,former,1985-04-02,2018-05-13,,4
5002,AUSTRALASIAN GOLD MINES N.L.,AUSTRALASIAN GOLD MINES N L,former,1985-04-02,2018-05-13,,4
5002,L S MINING SHELF CO. (NO. 1) N.L.,L S MINING SHELF CO NO 1 N L,former,1985-04-02,2018-05-13,,4
5002,PRODIGY GOLD NL,PRODIGY GOLD,legal,2018-05-14,,,4
5002,TANTALUM AUSTRALIA NL,TANTALUM AUSTRALIA,former,1985-04-02,2018-05-13,,4
5003,ETHAN MINERALS LIMITED,ETHAN MINERALS,former,2007-03-09,2012-05-21,,4
5003,PROSPECT RESOURCES LIMITED,PROSPECT RESOURCES,legal,2012-05-22,,,4
5004,ELYSIUM RESOURCES LIMITED,ELYSIUM RESOURCES,former,2005-08-03,2019-12-08,,4
5004,HARDEY RESOURCES LIMITED,HARDEY RESOURCES,former,2005-08-03,2019-12-08,,4
5004,PATERSON RESOURCES LTD,PATERSON RESOURCES,legal,2019-12-09,,,4
5004,UNITED OROGEN LIMITED,UNITED OROGEN,former,2005-08-03,2019-12-08,,4
5004,URANIUM OIL AND GAS LIMITED,URANIUM OIL AND GAS,former,2005-08-03,2019-12-08,,4
5005,PENTAL LIMITED,PENTAL,former,1999-12-23,2023-11-08,,4
5005,PRESTAL HOLDINGS LIMITED,PRESTAL,legal,2023-11-09,,,4
5005,SYMEX HOLDINGS LIMITED,SYMEX,former,1999-12-23,2023-11-08,,4
5006,KIN MINING N.L.,KIN MINING N L,former,2011-04-27,2024-08-08,,4
5006,PATRONUS RESOURCES LIMITED,PATRONUS RESOURCES,legal,2024-08-09,,,4
5007,PETRATHERM LTD,PETRATHERM,former,2003-10-24,2025-11-05,,4
5007,PTR MINERALS LTD,PTR MINERALS,legal,2025-11-06,,,4
5008,PRESCIENT THERAPEUTICS LIMITED,PRESCIENT THERAPEUTICS,legal,2014-11-28,,,4
5008,RANCOO LIMITED,RANCOO,former,1986-05-22,2014-11-27,,4
5008,VIRAX HOLDINGS LIMITED,VIRAX,former,1986-05-22,2014-11-27,,4
5009,BURRABULLA CORPORATION LIMITED,BURRABULLA CORPORATION,former,2007-12-06,2017-08-13,,4
5009,PURSUIT MINERALS LTD,PURSUIT MINERALS,legal,2017-08-14,,,4
5009,RIVIERA RESOURCES LIMITED,RIVIERA RESOURCES,former,2007-12-06,2017-08-13,,4
5009,SOUTH AMERICAN FERRO METALS LIMITED,SOUTH AMERICAN FERRO METALS,former,2007-12-06,2017-08-13,,4
5010,GLOBAL ENERGY VENTURES LTD,GLOBAL ENERGY VENTURES,former,2004-05-24,2022-05-04,,4
5010,PROVARIS ENERGY LTD,PROVARIS ENERGY,legal,2022-05-05,,,4
5010,TITAN ENERGY LTD,TITAN ENERGY,former,2004-05-24,2022-05-04,,4
5010,TTE PETROLEUM LTD,TTE PETROLEUM,former,2004-05-24,2022-05-04,,4
5010,WESTRALIAN GAS AND POWER LIMITED,WESTRALIAN GAS AND POWER,former,2004-05-24,2022-05-04,,4
5011,PO VALLEY ENERGY LIMITED,PO VALLEY ENERGY,legal,2004-12-09,,,4
5011,PO VALLEY GAS (NO 1) PTY LIMITED,PO VALLEY GAS NO 1,former,1999-05-25,2004-12-08,,4
5011,PO VALLEY GOS PTY LIMITED,PO VALLEY GOS,former,1999-05-25,2004-12-08,,4
5012,POWERHOUSE VENTURES LIMITED,POWERHOUSE VENTURES,legal,2023-05-23,,,4
5013,PIVOTAL METALS LIMITED,PIVOTAL METALS,legal,2022-11-22,,,4
5013,RAFAELLA RESOURCES LTD.,RAFAELLA RESOURCES,former,2017-11-29,2022-11-21,,4
5014,PWR HOLDINGS LIMITED,PWR,legal,2003-06-30,,,4
5015,PARKWAY CORPORATE LIMITED,PARKWAY CORPORATE,legal,2021-08-20,,,4
5015,PARKWAY MINERALS NL,PARKWAY MINERALS,former,2010-11-12,2021-08-19,,4
5015,POTASH WEST NL,POTASH WEST,former,2010-11-12,2021-08-19,,4
5016,PETER WARREN AUTOMOTIVE HOLDINGS LIMITED,PETER WARREN AUTOMOTIVE,legal,2021-04-26,,,4
5016,PWA HOLDINGS ONE PTY LTD,PWA HOLDINGS ONE,former,2016-11-02,2021-04-25,,4
5017,LMC BIDCO PTY LTD,LMC BIDCO,former,2018-10-04,2021-06-30,,4
5017,PEXA GROUP LIMITED,PEXA GROUP,legal,2021-07-01,,,4
5017,TORRENS GROUP HOLDINGS LIMITED,TORRENS GROUP,former,2018-10-04,2021-06-30,,4
5018,AUSTCHINA HOLDINGS LIMITED,AUSTCHINA,former,1996-10-07,2025-11-18,,4
5018,COALBANK LIMITED,COALBANK,former,1996-10-07,2025-11-18,,4
5018,LODESTONE ENERGY LIMITED,LODESTONE ENERGY,former,1996-10-07,2025-11-18,,4
5018,LODESTONE EXPLORATION LIMITED,LODESTONE EXPLORATION,former,1996-10-07,2025-11-18,,4
5018,PACIFIC RESOURCES LIMITED,PACIFIC RESOURCES,legal,2025-11-19,,,4
5019,COVENTRY RESOURCES INC.,COVENTRY RESOURCES,former,2012-12-12,2017-09-14,,4
5019,CRESCENT RESOURCES CORP.,CRESCENT RESOURCES CORP,former,2012-12-12,2017-09-14,,4
5019,POLARX LIMITED,POLARX,legal,2017-09-15,,,4
5020,LUNA PEARLS LIMITED,LUNA PEARLS,former,2001-10-09,2019-11-20,,4
5020,PHYLOGICA LIMITED,PHYLOGICA,former,2001-10-09,2019-11-20,,4
5020,PYC THERAPEUTICS LIMITED,PYC THERAPEUTICS,legal,2019-11-21,,,4
5021,QUALITAS FUSIONCO LIMITED,QUALITAS FUSIONCO,former,2021-11-04,2022-08-11,,4
5021,QUALITAS LIMITED,QUALITAS,legal,2022-08-12,,,4
5022,QANTAS AIRWAYS LIMITED,QANTAS AIRWAYS,legal,1997-03-14,,,4
5022,QANTAS EMPIRE AIRWAYS LIMITED,QANTAS EMPIRE AIRWAYS,former,1934-01-18,1997-03-13,,4
5023,Q.B.T. HOLDINGS LTD.,Q B T,former,1970-11-24,2003-07-23,,4
5023,QBE INSURANCE GROUP LIMITED,QBE INSURANCE GROUP,legal,2003-07-24,,,4
5023,THE AUSTRALIAN-PACIFIC FUND LIMITED,THE AUSTRALIAN PACIFIC FUND,former,1970-11-24,2003-07-23,,4
5024,QEM LIMITED,QEM,legal,2018-10-17,,,4
5024,QUEENSLAND ENERGY & MINERALS PTY LTD,QUEENSLAND ENERGY MINERALS,former,2014-02-10,2018-10-16,,4
5025,PROPAY USA LIMITED,PROPAY USA,former,2018-02-15,2019-07-08,,4
5025,QUICKFEE LIMITED,QUICKFEE,legal,2019-07-09,,,4
5025,QUICKFEE USA LIMITED,QUICKFEE USA,former,2018-02-15,2019-07-08,,4
5026,INSIGHT MINING LTD.,INSIGHT MINING,former,1986-05-15,2018-08-12,,4
5026,QUANTUM GRAPHITE LIMITED,QUANTUM GRAPHITE,legal,2018-08-13,,,4
5026,STRATEGIC GRAPHITE LIMITED,STRATEGIC GRAPHITE,former,1986-05-15,2018-08-12,,4
5026,TARCOOLA GOLD LIMITED,TARCOOLA GOLD,former,1986-05-15,2018-08-12,,4
5026,VALENCE INDUSTRIES LIMITED,VALENCE INDUSTRIES,former,1986-05-15,2018-08-12,,4
5027,QMINES LIMITED,QMINES,legal,2020-08-04,,,4
5028,EAGLE NICKEL LIMITED,EAGLE NICKEL,former,2007-05-11,2026-07-06,,4
5028,PURE MINERALS LIMITED,PURE MINERALS,former,2007-05-11,2026-07-06,,4
5028,QPM ENERGY LIMITED,QPM ENERGY,legal,2026-07-07,,,4
5028,QUEENSLAND PACIFIC METALS LIMITED,QUEENSLAND PACIFIC METALS,former,2007-05-11,2026-07-06,,4
5028,URANIUM AND NICKEL LIMITED,URANIUM AND NICKEL,former,2007-05-11,2026-07-06,,4
5029,QUALITAS REAL ESTATE INCOME FUND,QUALITAS REAL ESTATE INCOME FUND,legal,2026-08-18,,,4
5030,QUESTE COMMUNICATIONS LTD,QUESTE COMMUNICATIONS,legal,1998-03-10,,,4
5031,BLACK MOUNTAIN RESOURCES LIMITED,BLACK MOUNTAIN RESOURCES,former,2010-10-29,2020-09-29,,4
5031,HIPO RESOURCES LIMITED,HIPO RESOURCES,former,2010-10-29,2020-09-29,,4
5031,QX RESOURCES LIMITED,QX RESOURCES,legal,2020-09-30,,,4
5032,REGENER8 RESOURCES NL,REGENER8 RESOURCES,legal,2021-11-24,,,4
5033,CORONADO RESOURCES LTD,CORONADO RESOURCES,former,2011-02-15,2025-12-04,,4
5033,RACE ONCOLOGY LIMITED,RACE ONCOLOGY,former,2011-02-15,2025-12-04,,4
5033,RACURA ONCOLOGY LTD,RACURA ONCOLOGY,legal,2025-12-05,,,4
5034,RADIOPHARM THERANOSTICS LIMITED,RADIOPHARM THERANOSTICS,legal,2021-02-11,,,4
5035,DRAKE RESOURCES LIMITED,DRAKE RESOURCES,former,2004-03-30,2021-05-25,,4
5035,RAGNAR METALS LIMITED,RAGNAR METALS,legal,2021-05-26,,,4
5036,RANGE INTERNATIONAL LIMITED,RANGE INTERNATIONAL,legal,2016-06-21,,,4
5037,EASTERN METALS LIMITED,EASTERN METALS,former,2020-09-02,2026-01-22,,4
5037,RAPTOR METALS LTD,RAPTOR METALS,legal,2026-01-23,,,4
5038,AURORA FUNDS LIMITED,AURORA FUNDS,former,2010-04-19,2020-09-29,,4
5038,RAGUSA MINERALS LTD,RAGUSA MINERALS,legal,2020-09-30,,,4
5038,SIV ASSET MANAGEMENT LIMITED,SIV ASSET MANAGEMENT,former,2010-04-19,2020-09-29,,4
5039,RESOURO GOLD INC.,RESOURO GOLD,former,2023-11-20,2024-06-12,,4
5039,RESOURO STRATEGIC METALS INC.,RESOURO STRATEGIC METALS,legal,2024-06-13,,,4
5040,RUBIX RESOURCES LIMITED,RUBIX RESOURCES,legal,2021-03-30,,,4
5041,RBR GROUP LIMITED,RBR GROUP,legal,2015-11-26,,,4
5041,REGENT RESOURCES LIMITED,REGENT RESOURCES,former,2005-08-19,2015-11-25,,4
5041,RUBICON RESOURCES LIMITED,RUBICON RESOURCES,former,2005-08-19,2015-11-25,,4
5042,RESOURCE BASE LIMITED,RESOURCE BASE,legal,2005-03-15,,,4
5043,GREAT PACIFIC CAPITAL LIMITED,GREAT PACIFIC CAPITAL,former,2001-05-11,2021-10-19,,4
5043,GRP CORPORATION LIMITED,GRP CORPORATION,former,2001-05-11,2021-10-19,,4
5043,REDCASTLE RESOURCES LIMITED,REDCASTLE RESOURCES,legal,2021-10-20,,,4
5043,TRANSCENDENCE TECHNOLOGIES LIMITED,TRANSCENDENCE TECHNOLOGIES,former,2001-05-11,2021-10-19,,4
5044,RECCE PHARMACEUTICALS LTD,RECCE PHARMACEUTICALS,legal,2017-11-22,,,4
5044,RECCE PTY LTD,RECCE,former,2007-04-11,2017-11-21,,4
5045,READCLOUD LIMITED,READCLOUD,legal,2009-04-28,,,4
5046,ARMADA METALS LIMITED,ARMADA METALS,former,2021-04-08,2025-05-27,,4
5046,RAPID CRITICAL METALS LIMITED,RAPID CRITICAL METALS,legal,2025-05-28,,,4
5046,RAPID LITHIUM LIMITED,RAPID LITHIUM,former,2021-04-08,2025-05-27,,4
5047,RINCON RESOURCES LIMITED,RINCON RESOURCES,legal,2018-08-07,,,4
5048,REEF CASINO TRUST,REEF CASINO TRUST,legal,2026-08-18,,,4
5049,RED METAL LIMITED,RED METAL,legal,2003-01-13,,,4
5050,A.C.N. 009 161 522 LIMITED,A C N 009 161 522,former,1986-01-07,2018-02-18,,4
5050,DEFIANCE MINING LIMITED,DEFIANCE MINING,former,1986-01-07,2018-02-18,,4
5050,DEFIANCE MINING N.L.,DEFIANCE MINING N L,former,1986-01-07,2018-02-18,,4
5050,MEDICAL MONITORS LIMITED,MEDICAL MONITORS,former,1986-01-07,2018-02-18,,4
5050,RAIDEN RESOURCES LIMITED,RAIDEN RESOURCES,legal,2018-02-19,,,4
5050,SHELL VILLAGES AND RESORTS LIMITED,SHELL VILLAGES AND RESORTS,former,1986-01-07,2018-02-18,,4
5050,SUBZERO GROUP LIMITED,SUBZERO GROUP,former,1986-01-07,2018-02-18,,4
5050,SVC GROUP LIMITED,SVC GROUP,former,1986-01-07,2018-02-18,,4
5051,GLENORN GOLD PTY LTD,GLENORN GOLD,former,1999-10-28,2006-07-31,,4
5051,REDSTONE RESOURCES LIMITED,REDSTONE RESOURCES,legal,2006-08-01,,,4
5052,C & K INDUSTRIAL TRADERS PTY LTD,C K INDUSTRIAL TRADERS,former,1970-03-06,2023-07-02,,4
5052,REDOX CHEMICALS PTY LTD,REDOX CHEMICALS,former,1970-03-06,2023-07-02,,4
5052,REDOX LIMITED,REDOX,legal,2023-07-03,,,4
5053,READYTECH HOLDINGS LIMITED,READYTECH,legal,2019-03-08,,,4
5054,NETWIDE LIMITED,NETWIDE,former,1995-02-23,2008-11-30,,4
5054,REA GROUP LTD,REA GROUP,legal,2008-12-01,,,4
5054,REALESTATE.COM.AU LIMITED,REALESTATE COM AU,former,1995-02-23,2008-11-30,,4
5055,RECHARGE METALS LIMITED,RECHARGE METALS,legal,2021-02-05,,,4
5056,CLANCY EXPLORATION LIMITED,CLANCY EXPLORATION,former,2003-07-17,2019-11-27,,4
5056,RAREX LIMITED,RAREX,legal,2019-11-28,,,4
5056,SAGON RESOURCES LIMITED,SAGON RESOURCES,former,2003-07-17,2019-11-27,,4
5057,FAIRWAY INVESTMENT HOLDINGS PTY LIMITED,FAIRWAY INVESTMENT,former,2007-05-02,2014-10-06,,4
5057,REGIS HEALTHCARE LIMITED,REGIS HEALTHCARE,legal,2014-10-07,,,4
5058,H.J. REECE (HOLDINGS) LIMITED,H J REECE,former,1953-11-05,2015-11-03,,4
5058,R.C.M. INDUSTRIES LIMITED,R C M INDUSTRIES,former,1953-11-05,2015-11-03,,4
5058,REECE AUSTRALIA LIMITED,REECE AUSTRALIA,former,1953-11-05,2015-11-03,,4
5058,REECE LIMITED,REECE,legal,2015-11-04,,,4
5059,REMSENSE TECHNOLOGIES LIMITED,REMSENSE TECHNOLOGIES,legal,2021-03-19,,,4
5060,RAM ESSENTIAL SERVICES PROPERTY FUND,RAM ESSENTIAL SERVICES PROPERTY FUND,legal,2026-08-18,,,4
5061,REVOLUTION PRIVATE CREDIT INCOME TRUST,REVOLUTION PRIVATE CREDIT INCOME TRUST,legal,2026-08-18,,,4
5062,AP BLUE INVESTMENTS LIMITED,AP BLUE INVESTMENTS,former,2004-07-12,2009-11-29,,4
5062,REAL BRAND HOLDINGS LIMITED,REAL BRAND,former,2004-07-12,2009-11-29,,4
5062,RESOURCES & ENERGY GROUP LIMITED,RESOURCES ENERGY GROUP,legal,2009-11-30,,,4
5063,REGAL INVESTMENT FUND,REGAL INVESTMENT FUND,legal,2026-08-18,,,4
5064,RURAL FUNDS GROUP,RURAL FUNDS GROUP,legal,2026-08-18,,,4
5065,RETAIL FOOD GROUP LIMITED,RETAIL FOOD GROUP,legal,2006-06-20,,,4
5065,RFG INVESTMENTS (VIC) PTY LTD,RFG INVESTMENTS VIC,former,2003-10-28,2006-06-19,,4
5066,CHERNY HOLDINGS LTD,CHERNY,former,1992-11-05,2007-11-15,,4
5066,ICE CORPORATION LIMITED,ICE CORPORATION,former,1992-11-05,2007-11-15,,4
5066,INDUSTRIAL & COMMERCIAL ELECTRONIC INDUSTRIES LIMITED,INDUSTRIAL COMMERCIAL ELECTRONIC INDUSTRIES,former,1992-11-05,2007-11-15,,4
5066,RECTIFIER TECHNOLOGIES LTD,RECTIFIER TECHNOLOGIES,legal,2007-11-16,,,4
5067,REGAL PARTNERS GLOBAL INVESTMENTS LIMITED,REGAL PARTNERS GLOBAL INVESTMENTS,legal,2025-11-18,,,4
5067,VGI PARTNERS GLOBAL INVESTMENTS LIMITED,VGI PARTNERS GLOBAL INVESTMENTS,former,2017-06-09,2025-11-17,,4
5068,REGAL ASIAN INVESTMENTS LIMITED,REGAL ASIAN INVESTMENTS,legal,2024-03-22,,,4
5068,VGI PARTNERS ASIAN INVESTMENTS LIMITED,VGI PARTNERS ASIAN INVESTMENTS,former,2019-07-31,2024-03-21,,4
5069,ALCAM GOLD PTY LTD,ALCAM GOLD,former,2017-02-24,2017-10-05,,4
5069,RIVERSGOLD LTD,RIVERSGOLD,legal,2017-10-06,,,4
5070,REGION GROUP,REGION GROUP,legal,2026-08-18,,,4
5071,ARGENT BIOPHARMA LIMITED,ARGENT BIOPHARMA,legal,2024-03-18,,,4
5071,ERIN RESOURCES LIMITED,ERIN RESOURCES,former,2005-10-21,2024-03-17,,4
5071,HEALTH CORPORATION LIMITED,HEALTH CORPORATION,former,2005-10-21,2024-03-17,,4
5071,MGC PHARMACEUTICALS LTD,MGC PHARMACEUTICALS,former,2005-10-21,2024-03-17,,4
5072,COMSERV (NO 88) PTY LTD,COMSERV NO 88,former,1975-05-26,2002-09-26,,4
5072,PAUL RAMSAY COMMUNICATIONS PTY LTD,PAUL RAMSAY COMMUNICATIONS,former,1975-05-26,2002-09-26,,4
5072,PAUL RAMSAY PROPERTIES (AUST) PTY LTD,PAUL RAMSAY PROPERTIES AUST,former,1975-05-26,2002-09-26,,4
5072,RAMSAY HEALTH CARE LIMITED,RAMSAY HEALTH CARE,legal,2002-09-27,,,4
5073,RED HILL IRON LIMITED,RED HILL IRON,former,2005-06-01,2022-11-24,,4
5073,RED HILL MINERALS LIMITED,RED HILL MINERALS,legal,2022-11-25,,,4
5074,ACCEL INDUSTRIAL & MINERAL PROCESSES LTD.,ACCEL INDUSTRIAL MINERAL PROCESSES,former,1987-05-19,2003-10-26,,4
5074,GEO2 LIMITED,GEO2,former,1987-05-19,2003-10-26,,4
5074,RESONANCE HEALTH LTD,RESONANCE HEALTH,legal,2003-10-27,,,4
5075,RHYTHM BIOSCIENCES LIMITED,RHYTHM BIOSCIENCES,legal,2017-06-01,,,4
5076,CANTERBURY HOLDINGS LIMITED,CANTERBURY,former,1987-02-23,1997-03-13,,4
5076,RIDLEY CORPORATION LIMITED,RIDLEY CORPORATION,legal,1997-03-14,,,4
5077,RIEDEL RESOURCES LIMITED,RIEDEL RESOURCES,legal,2010-04-09,,,4
5078,HANNANS LTD,HANNANS,former,2002-03-11,2023-11-27,,4
5078,HANNANS REWARD LIMITED,HANNANS REWARD,former,2002-03-11,2023-11-27,,4
5078,REDIVIUM LIMITED,REDIVIUM,legal,2023-11-28,,,4
5079,RIMFIRE PACIFIC MINING LIMITED,RIMFIRE PACIFIC MINING,legal,2021-12-30,,,4
5079,RIMFIRE PACIFIC MINING N.L.,RIMFIRE PACIFIC MINING N L,former,1988-01-22,2021-12-29,,4
5080,CONZINC RIOTINTO OF AUSTRALIA LIMITED,CONZINC RIOTINTO OF AUSTRALIA,former,1959-12-17,2003-08-27,,4
5080,CRA LIMITED,CRA,former,1959-12-17,2003-08-27,,4
5080,RIO TINTO LIMITED,RIO TINTO,legal,2003-08-28,,,4
5080,THE RIO TINTO MINING COMPANY OF AUSTRALIA LIMITED,THE RIO TINTO MINING COMPANY OF AUSTRALIA,former,1959-12-17,2003-08-27,,4
5081,DUXTON WATER LTD,DUXTON WATER,former,2016-04-20,2025-10-02,,4
5081,RIVCO AUSTRALIA LTD,RIVCO AUSTRALIA,legal,2025-10-03,,,4
5082,CONDOR METALS LIMITED,CONDOR METALS,former,2008-01-11,2025-07-07,,4
5082,CONDOR NICKEL LIMITED,CONDOR NICKEL,former,2008-01-11,2025-07-07,,4
5082,INCA MINERALS LIMITED,INCA MINERALS,former,2008-01-11,2025-07-07,,4
5082,ROKEBY RESOURCES LIMITED,ROKEBY RESOURCES,legal,2025-07-08,,,4
5083,INKLIN HOLDINGS PTY LTD,INKLIN,former,1987-07-28,1999-07-15,,4
5083,RECKON LIMITED,RECKON,legal,1999-07-16,,,4
5083,RECKON SOFTWARE LIMITED,RECKON SOFTWARE,former,1987-07-28,1999-07-15,,4
5083,RECKON SOFTWARE PUBLISHERS & DISTRIBUTORS PTY LTD,RECKON SOFTWARE PUBLISHERS DISTRIBUTORS,former,1987-07-28,1999-07-15,,4
5084,DELTA DRONE INTERNATIONAL LIMITED,DELTA DRONE INTERNATIONAL,former,2017-04-21,2023-05-29,,4
5084,DIVERSE SECURITY NEEDS LIMITED,DIVERSE SECURITY NEEDS,former,2017-04-21,2023-05-29,,4
5084,PARAZERO LIMITED,PARAZERO,former,2017-04-21,2023-05-29,,4
5084,ROCKETDNA LTD.,ROCKETDNA,legal,2023-05-30,,,4
5085,REEDY LAGOON CORPORATION LIMITED,REEDY LAGOON CORPORATION,legal,2007-06-20,,,4
5085,REEDY LAGOON CORPORATION N.L.,REEDY LAGOON CORPORATION N L,former,1986-09-24,2007-06-19,,4
5086,RLF AGTECH LTD,RLF AGTECH,legal,2022-04-20,,,4
5086,RURAL LIQUID FERTILISERS ASIA LTD,RURAL LIQUID FERTILISERS ASIA,former,2017-10-04,2022-04-19,,4
5087,OPENDNA LIMITED,OPENDNA,former,2016-07-01,2019-12-01,,4
5087,ROOLIFE GROUP LTD,ROOLIFE GROUP,legal,2019-12-02,,,4
5088,HOMELOANS LIMITED,HOMELOANS,former,2000-11-09,2018-11-27,,4
5088,RESIMAC GROUP LTD,RESIMAC GROUP,legal,2018-11-28,,,4
5089,RESCARE MEDICAL SYSTEMS LTD,RESCARE MEDICAL SYSTEMS,former,1994-05-11,1999-11-24,,4
5089,RESMED INC.,RESMED,legal,1999-11-25,,,4
5090,ADELAIDE PETROLEUM N.L.,ADELAIDE PETROLEUM N L,former,1984-07-12,2025-07-30,,4
5090,COBRA RESOURCES LIMITED,COBRA RESOURCES,former,1984-07-12,2025-07-30,,4
5090,DEODAND RESOURCES N.L.,DEODAND RESOURCES N L,former,1984-07-12,2025-07-30,,4
5090,INTREPID MINING CORPORATION N.L.,INTREPID MINING CORPORATION N L,former,1984-07-12,2025-07-30,,4
5090,INTREPID OIL COMPANY N.L.,INTREPID OIL COMPANY N L,former,1984-07-12,2025-07-30,,4
5090,RESOURCE MINERALS INTERNATIONAL LTD,RESOURCE MINERALS INTERNATIONAL,legal,2025-07-31,,,4
5090,RESOURCE MINING CORPORATION LIMITED,RESOURCE MINING CORPORATION,former,1984-07-12,2025-07-30,,4
5091,NORTHERN COBALT LIMITED,NORTHERN COBALT,former,2017-03-06,2019-11-25,,4
5091,RESOLUTION MINERALS LTD,RESOLUTION MINERALS,legal,2019-11-26,,,4
5092,COMSERV (NO 779) PTY LTD,COMSERV NO 779,former,1979-05-04,2003-03-27,,4
5092,RAMELIUS RESOURCES LIMITED,RAMELIUS RESOURCES,legal,2003-03-28,,,4
5093,RED MOUNTAIN MINING LTD,RED MOUNTAIN MINING,legal,2006-05-05,,,4
5094,DIGITAL CASTLE LTD,DIGITAL CASTLE,former,2014-04-15,2018-07-01,,4
5094,RMA GLOBAL LIMITED,RMA GLOBAL,legal,2018-07-02,,,4
5095,F. & H. EVANS HOLDINGS LTD.,F H EVANS,former,1966-07-15,2016-07-20,,4
5095,RAND MINING LIMITED,RAND MINING,legal,2016-07-21,,,4
5095,RAND MINING NO LIABILITY,RAND MINING NO LIABILITY,former,1966-07-15,2016-07-20,,4
5095,TERN MINERALS LIMITED,TERN MINERALS,former,1966-07-15,2016-07-20,,4
5096,RENT.COM.AU LIMITED,RENT COM AU,legal,2015-06-15,,,4
5096,SELECT EXPLORATION LIMITED,SELECT EXPLORATION,former,1994-02-25,2015-06-14,,4
5096,SELECT VACCINES LIMITED,SELECT VACCINES,former,1994-02-25,2015-06-14,,4
5096,SELECT-TEL LIMITED,SELECT TEL,former,1994-02-25,2015-06-14,,4
5096,STRIKE MINING N.L.,STRIKE MINING N L,former,1994-02-25,2015-06-14,,4
5097,RENAISSANCE URANIUM LIMITED,RENAISSANCE URANIUM,former,2009-02-23,2013-12-01,,4
5097,RENASCOR RESOURCES LIMITED,RENASCOR RESOURCES,legal,2013-12-02,,,4
5098,RENERVE LIMITED,RENERVE,legal,2016-09-16,,,4
5099,CROSSLAND RESOURCES LTD,CROSSLAND RESOURCES,former,2005-05-09,2018-04-25,,4
5099,OVERLAND RESOURCES LIMITED,OVERLAND RESOURCES,former,2005-05-09,2018-04-25,,4
5099,RENEGADE EXPLORATION LIMITED,RENEGADE EXPLORATION,legal,2018-04-26,,,4
5099,WIND FARMING AUSTRALIA LIMITED,WIND FARMING AUSTRALIA,former,2005-05-09,2018-04-25,,4
5100,ENSOGO LIMITED,ENSOGO,former,2013-08-28,2021-12-02,,4
5100,IBUY GROUP LIMITED,IBUY GROUP,former,2013-08-28,2021-12-02,,4
5100,ROCKETBOOTS LIMITED,ROCKETBOOTS,legal,2021-12-03,,,4
5101,RED SKY ENERGY LIMITED,RED SKY ENERGY,legal,2007-05-21,,,4
5101,RED SKY EXPLORATION PTY LIMITED,RED SKY EXPLORATION,former,2001-12-20,2007-05-20,,4
5102,CMN MINING PTY LTD,CMN MINING,former,2018-04-01,2021-12-13,,4
5102,GOTHAM MINING PTY LTD,GOTHAM MINING,former,2018-04-01,2021-12-13,,4
5102,RONIN RESOURCES LTD,RONIN RESOURCES,legal,2021-12-14,,,4
5103,REGAL PARTNERS LIMITED,REGAL PARTNERS,legal,2024-03-22,,,4
5103,VGI PARTNERS LIMITED,VGI PARTNERS,former,2008-01-11,2024-03-21,,4
5103,VICHINGO GLOBAL INVESTORS PTY LIMITED,VICHINGO GLOBAL INVESTORS,former,2008-01-11,2024-03-21,,4
5104,DONALDA RESOURCES N L,DONALDA RESOURCES N L,former,1982-10-20,2019-05-27,,4
5104,GENERAL GOLD RESOURCES LIMITED,GENERAL GOLD RESOURCES,former,1982-10-20,2019-05-27,,4
5104,GENERAL GOLD RESOURCES N L,GENERAL GOLD RESOURCES N L,former,1982-10-20,2019-05-27,,4
5104,KAIRIKI ENERGY LIMITED,KAIRIKI ENERGY,former,1982-10-20,2019-05-27,,4
5104,RPM AUTOMOTIVE GROUP LIMITED,RPM AUTOMOTIVE GROUP,legal,2019-05-28,,,4
5104,YILGARN GOLD LIMITED,YILGARN GOLD,former,1982-10-20,2019-05-27,,4
5105,CERVANTES CORPORATION LIMITED,CERVANTES CORPORATION,former,2001-08-28,2021-10-25,,4
5105,CERVANTES SEAFOOD LIMITED,CERVANTES SEAFOOD,former,2001-08-28,2021-10-25,,4
5105,REACH RESOURCES LIMITED,REACH RESOURCES,legal,2021-10-26,,,4
5106,RIGHT RESOURCES LIMITED,RIGHT RESOURCES,legal,2021-04-21,,,4
5107,JOHNSON'S WELL MINING N.L.,JOHNSON S WELL MINING N L,former,1986-05-02,2008-01-03,,4
5107,REGIS RESOURCES LIMITED,REGIS RESOURCES,legal,2008-01-04,,,4
5107,REGIS RESOURCES N.L.,REGIS RESOURCES N L,former,1986-05-02,2008-01-03,,4
5108,REVOLVER RESOURCES HOLDINGS LTD,REVOLVER RESOURCES,legal,2021-07-14,,,4
5109,RESOLUTE MINING LIMITED,RESOLUTE MINING,legal,2001-06-08,,,4
5110,RTG MINING INC.,RTG MINING,legal,2013-06-19,,,4
5111,RAS TECHNOLOGY HOLDINGS LIMITED,RAS TECHNOLOGY,legal,2021-05-10,,,4
5112,RUMBLE RESOURCES LIMITED,RUMBLE RESOURCES,legal,2011-01-14,,,4
5113,AXF VANADIUM PTY LTD,AXF VANADIUM,former,2017-03-07,2022-12-12,,4
5113,RICHMOND VANADIUM TECHNOLOGY LIMITED,RICHMOND VANADIUM TECHNOLOGY,legal,2022-12-13,,,4
5114,RELIANCE WORLDWIDE CORPORATION LIMITED,RELIANCE WORLDWIDE CORPORATION,legal,2016-02-19,,,4
5115,ASIA MULTI-FOODS & OILS (AUSTRALIA) LTD,ASIA MULTI FOODS OILS AUSTRALIA,former,1986-04-22,2004-01-29,,4
5115,REWARD MINERALS LTD,REWARD MINERALS,legal,2004-01-30,,,4
5115,VINCENT CORPORATION LIMITED,VINCENT CORPORATION,former,1986-04-22,2004-01-29,,4
5116,A.C.N. 651 852 470 LIMITED,A C N 651 852 470,former,2021-07-09,2021-08-30,,4
5116,RUBICON WATER LIMITED,RUBICON WATER,legal,2021-08-31,,,4
5117,ROX RESOURCES LIMITED,ROX RESOURCES,legal,2003-11-27,,,4
5118,RYDER CAPITAL LTD.,RYDER CAPITAL,legal,2015-06-26,,,4
5119,RYMAN HEALTHCARE LIMITED,RYMAN HEALTHCARE,legal,2025-09-15,,,4
5120,ACORNS INVESTMENT COMPANY LIMITED,ACORNS INVESTMENT COMPANY,former,2016-10-24,2018-06-18,,4
5120,RAIZ INVEST LIMITED,RAIZ INVEST,legal,2018-06-19,,,4
5121,S2 RESOURCES LTD,S2 RESOURCES,legal,2015-05-29,,,4
5122,BHP COAL HOLDINGS LIMITED,BHP COAL,former,2000-07-12,2015-05-17,,4
5122,BROGIB PTY LIMITED,BROGIB,former,2000-07-12,2015-05-17,,4
5122,SOUTH32 LIMITED,SOUTH32,legal,2015-05-18,,,4
5123,STAR COMBO PHARMA LTD,STAR COMBO PHARMA,legal,2016-11-04,,,4
5124,FEORE LIMITED,FEORE,former,2011-08-31,2015-06-24,,4
5124,SAGALIO ENERGY LIMITED,SAGALIO ENERGY,legal,2015-06-25,,,4
5125,SALTER BROTHERS EMERGING COMPANIES LIMITED,SALTER BROTHERS EMERGING COMPANIES,legal,2020-12-18,,,4
5126,ENDEAVOUR RESOURCES LIMITED,ENDEAVOUR RESOURCES,former,1986-02-10,2006-01-10,,4
5126,ST BARBARA LIMITED,ST BARBARA,legal,2006-01-11,,,4
5126,ST. BARBARA MINES LIMITED,ST BARBARA MINES,former,1986-02-10,2006-01-10,,4
5127,SABRE RESOURCES LTD,SABRE RESOURCES,legal,1999-10-15,,,4
5127,SABRE RESOURCES N L,SABRE RESOURCES N L,former,1986-01-09,1999-10-14,,4
5128,HANCOCK & GORE LIMITED,HANCOCK GORE,former,1904-10-29,2026-02-25,,4
5128,HGL LIMITED,HGL,former,1904-10-29,2026-02-25,,4
5128,SCHOOLBLAZER LIMITED,SCHOOLBLAZER,legal,2026-02-26,,,4
5129,SCENTRE GROUP LIMITED,SCENTRE GROUP,legal,2014-06-30,,,4
5129,WESTFIELD HOLDINGS LIMITED,WESTFIELD,former,1979-01-11,2014-06-29,,4
5130,PEGASUS METALS LIMITED,PEGASUS METALS,former,2005-07-29,2018-11-22,,4
5130,PEGASUS URANIUM PTY LTD,PEGASUS URANIUM,former,2005-07-29,2018-11-22,,4
5130,SCORPION MINERALS LIMITED,SCORPION MINERALS,legal,2018-11-23,,,4
5131,CANDY CLUB HOLDINGS LIMITED,CANDY CLUB,former,2018-10-24,2024-11-05,,4
5131,SCALARE PARTNERS HOLDINGS LIMITED,SCALARE PARTNERS,legal,2024-11-06,,,4
5132,STEADFAST GROUP LTD,STEADFAST GROUP,legal,2017-06-20,,,4
5132,STEADFAST INSURANCE BROKERS MANAGEMENT GROUP LTD,STEADFAST INSURANCE BROKERS MANAGEMENT GROUP,former,1996-04-17,2017-06-19,,4
5133,ONLINE VENTURES PTY LTD,ONLINE VENTURES,former,2006-09-26,2021-11-04,,4
5133,SITEMINDER LIMITED,SITEMINDER,legal,2021-11-05,,,4
5134,INTEC LTD,INTEC,former,1973-07-16,2017-03-05,,4
5134,SCIDEV LTD,SCIDEV,legal,2017-03-06,,,4
5135,SEA FOREST LIMITED,SEA FOREST,legal,2019-02-14,,,4
5136,SPHERIA EMERGING COMPANIES LIMITED,SPHERIA EMERGING COMPANIES,legal,2017-08-30,,,4
5137,DATA & COMMERCE LIMITED,DATA COMMERCE,former,1987-03-04,2020-11-24,,4
5137,LEDGE GROUP LIMITED,LEDGE GROUP,former,1987-03-04,2020-11-24,,4
5137,MEDIA TECHNOLOGY CORPORATION LTD,MEDIA TECHNOLOGY CORPORATION,former,1987-03-04,2020-11-24,,4
5137,PACIFIC STAR NETWORK LIMITED,PACIFIC STAR NETWORK,former,1987-03-04,2020-11-24,,4
5137,SPORTS ENTERTAINMENT GROUP LIMITED,SPORTS ENTERTAINMENT GROUP,legal,2020-11-25,,,4
5138,GUSTO COMMUNICATIONS PTY. LTD.,GUSTO COMMUNICATIONS,former,1997-09-17,2016-11-02,,4
5138,SEEK COMMUNICATIONS PTY. LTD.,SEEK COMMUNICATIONS,former,1997-09-17,2016-11-02,,4
5138,SEEK LIMITED,SEEK,legal,2016-11-03,,,4
5138,WILDENBRIDGE PROPRIETARY LIMITED,WILDENBRIDGE,former,1997-09-17,2016-11-02,,4
5139,DIAMIN RESOURCES NL,DIAMIN RESOURCES,former,1982-06-25,2003-09-16,,4
5139,SECURE ID-NET LIMITED,SECURE ID NET,former,1982-06-25,2003-09-16,,4
5139,SENETAS CORPORATION LIMITED,SENETAS CORPORATION,legal,2003-09-17,,,4
5139,TRIAD MINERALS N.L.,TRIAD MINERALS N L,former,1982-06-25,2003-09-16,,4
5140,COMMSOFT GROUP LIMITED,COMMSOFT GROUP,former,2000-08-04,2015-12-02,,4
5140,MDS FINANCIAL GROUP LIMITED,MDS FINANCIAL GROUP,former,2000-08-04,2015-12-02,,4
5140,MDSNEWS LIMITED,MDSNEWS,former,2000-08-04,2015-12-02,,4
5140,SEQUOIA FINANCIAL GROUP LTD,SEQUOIA FINANCIAL GROUP,legal,2015-12-03,,,4
5141,EAGLE BAY RESOURCES N.L.,EAGLE BAY RESOURCES N L,former,1991-04-10,2008-07-16,,4
5141,STRATEGIC ENERGY RESOURCES LIMITED,STRATEGIC ENERGY RESOURCES,legal,2008-07-17,,,4
5142,SOLARIS AUSTRALIAN EQUITY INCOME PLUS LIMITED,SOLARIS AUSTRALIAN EQUITY INCOME PLUS,legal,2026-02-13,,,4
5143,CALSIL LIMITED,CALSIL,former,1955-04-20,1997-03-10,,4
5143,SCHAFFER CORPORATION LIMITED,SCHAFFER CORPORATION,legal,1997-03-11,,,4
5144,CO2 GROUP LIMITED,CO2 GROUP,former,1988-06-10,2015-03-09,,4
5144,COMMODITIES GROUP LIMITED,COMMODITIES GROUP,former,1988-06-10,2015-03-09,,4
5144,MARYMIA EXPLORATION N.L.,MARYMIA EXPLORATION N L,former,1988-06-10,2015-03-09,,4
5144,REVESCO GROUP LIMITED,REVESCO GROUP,former,1988-06-10,2015-03-09,,4
5144,SEAFARMS GROUP LIMITED,SEAFARMS GROUP,legal,2015-03-10,,,4
5145,EZA CORPORATION LTD,EZA CORPORATION,former,2011-05-27,2017-10-08,,4
5145,EZEATM LIMITED,EZEATM,former,2011-05-27,2017-10-08,,4
5145,OAKAJEE INVESTMENTS LIMITED,OAKAJEE INVESTMENTS,former,2011-05-27,2017-10-08,,4
5145,SANTA FE MINERALS LTD,SANTA FE MINERALS,legal,2017-10-09,,,4
5146,BORROLOOLA RESOURCES NL,BORROLOOLA RESOURCES,former,2003-06-18,2020-01-16,,4
5146,SANDFIRE RESOURCES LIMITED,SANDFIRE RESOURCES,legal,2020-01-17,,,4
5147,INJULA COAL PTY LTD,INJULA COAL,former,2007-06-06,2010-12-12,,4
5147,SHEFFIELD RESOURCES LIMITED,SHEFFIELD RESOURCES,legal,2010-12-13,,,4
5148,PME BIOFUELS LIMITED,PME BIOFUELS,former,2004-02-20,2022-07-14,,4
5148,QUALITAS RESOURCES MANAGEMENT PTY LTD,QUALITAS RESOURCES MANAGEMENT,former,2004-02-20,2022-07-14,,4
5148,SARYTOGAN GRAPHITE LIMITED,SARYTOGAN GRAPHITE,legal,2022-07-15,,,4
5149,ALICANTO MINERALS LIMITED,ALICANTO MINERALS,former,2011-02-03,2026-07-12,,4
5149,CERBERUS MINERALS LIMITED,CERBERUS MINERALS,former,2011-02-03,2026-07-12,,4
5149,SINCLAIR GOLD LTD,SINCLAIR GOLD,legal,2026-07-13,,,4
5150,A.C.N. 142 003 469 LTD,A C N 142 003 469,former,2010-02-12,2024-11-13,,4
5150,SEVEN GROUP HOLDINGS LIMITED,SEVEN GROUP,former,2010-02-12,2024-11-13,,4
5150,SGH LIMITED,SGH,legal,2024-11-14,,,4
5151,STEALTH GLOBAL HOLDINGS LTD,STEALTH GLOBAL,former,2016-10-24,2023-11-23,,4
5151,STEALTH GROUP HOLDINGS LTD,STEALTH GROUP,legal,2023-11-24,,,4
5152,RICEGROWERS LIMITED,RICEGROWERS,legal,2015-01-27,,,4
5152,RICEGROWERS' CO-OPERATIVE LIMITED,RICEGROWERS CO OPERATIVE,former,2005-12-14,2015-01-26,,4
5152,RICEGROWERS' CO-OPERATIVE MILLS LTD.,RICEGROWERS CO OPERATIVE MILLS,former,2005-12-14,2015-01-26,,4
5153,SIMS CO LIMITED,SIMS CO,former,2005-06-20,2019-11-24,,4
5153,SIMS GROUP LIMITED,SIMS GROUP,former,2005-06-20,2019-11-24,,4
5153,SIMS LIMITED,SIMS,legal,2019-11-25,,,4
5153,SIMS METAL MANAGEMENT LIMITED,SIMS METAL MANAGEMENT,former,2005-06-20,2019-11-24,,4
5154,STOCKLAND,STOCKLAND,legal,2026-08-18,,,4
5155,ST GEORGE MINING LIMITED,ST GEORGE MINING,legal,2009-10-19,,,4
5156,A.C.N. 149 629 023 LIMITED,A C N 149 629 023,former,2011-03-02,2015-11-08,,4
5156,ECHO ENTERTAINMENT GROUP LIMITED,ECHO ENTERTAINMENT GROUP,former,2011-03-02,2015-11-08,,4
5156,THE STAR ENTERTAINMENT GROUP LIMITED,THE STAR ENTERTAINMENT GROUP,legal,2015-11-09,,,4
5157,SHAPE AUSTRALIA CORPORATION LIMITED,SHAPE AUSTRALIA CORPORATION,legal,2021-10-22,,,4
5158,DAYTRADERHQ LTD,DAYTRADERHQ,former,1999-06-14,2019-08-08,,4
5158,DAYTRADERHQ.COM LTD,DAYTRADERHQ COM,former,1999-06-14,2019-08-08,,4
5158,HALCYON GROUP LTD,HALCYON GROUP,former,1999-06-14,2019-08-08,,4
5158,NICKELORE LIMITED,NICKELORE,former,1999-06-14,2019-08-08,,4
5158,STONEHORSE ENERGY LIMITED,STONEHORSE ENERGY,legal,2019-08-09,,,4
5159,SINGULAR HEALTH GROUP LTD,SINGULAR HEALTH GROUP,legal,2020-02-20,,,4
5160,SHINE CORPORATE LTD,SHINE CORPORATE,former,2013-03-13,2020-03-29,,4
5160,SHINE JUSTICE LTD,SHINE JUSTICE,legal,2020-03-30,,,4
5161,GUNNERSEN NOSWORTH LIMITED,GUNNERSEN NOSWORTH,former,1934-09-25,1997-03-13,,4
5161,GUNNERSEN NOSWORTHY PROPRIETARY LIMITED,GUNNERSEN NOSWORTHY,former,1934-09-25,1997-03-13,,4
5161,SONIC HEALTHCARE LIMITED,SONIC HEALTHCARE,legal,1997-03-14,,,4
5161,SONIC TECHNOLOGY AUSTRALIA LIMITED,SONIC TECHNOLOGY AUSTRALIA,former,1934-09-25,1997-03-13,,4
5162,SHRIRO HOLDINGS LIMITED,SHRIRO,legal,2015-04-14,,,4
5163,PELICAN RESOURCES LIMITED,PELICAN RESOURCES,former,1994-02-18,2023-07-04,,4
5163,SUNSHINE GOLD LIMITED,SUNSHINE GOLD,former,1994-02-18,2023-07-04,,4
5163,SUNSHINE METALS LIMITED,SUNSHINE METALS,legal,2023-07-05,,,4
5164,NEVADA IRON LTD,NEVADA IRON,former,2007-01-12,2017-01-22,,4
5164,RICHMOND MINING LIMITED,RICHMOND MINING,former,2007-01-12,2017-01-22,,4
5164,SPORTSHERO LIMITED,SPORTSHERO,legal,2017-01-23,,,4
5165,DEFENDER AUSTRALIA LTD,DEFENDER AUSTRALIA,former,1969-10-10,1997-03-06,,4
5165,DEFENDER LIMITED,DEFENDER,former,1969-10-10,1997-03-06,,4
5165,RESOURCE EXPLORATION LTD,RESOURCE EXPLORATION,former,1969-10-10,1997-03-06,,4
5165,RESOURCE EXPLORATION N.L.,RESOURCE EXPLORATION N L,former,1969-10-10,1997-03-06,,4
5165,SELECT HARVESTS LIMITED,SELECT HARVESTS,legal,1997-03-07,,,4
5165,SEREX INVESTMENTS LTD,SEREX INVESTMENTS,former,1969-10-10,1997-03-06,,4
5166,ARROW PHARMACEUTICALS LIMITED,ARROW PHARMACEUTICALS,former,1999-07-02,2017-05-03,,4
5166,SIGMA HEALTHCARE LIMITED,SIGMA HEALTHCARE,legal,2017-05-04,,,4
5166,SIGMA PHARMACEUTICALS LIMITED,SIGMA PHARMACEUTICALS,former,1999-07-02,2017-05-03,,4
5167,SIMONDS GROUP LIMITED,SIMONDS GROUP,legal,2017-04-07,,,4
5167,SIMONDS HOMES HOLDINGS PTY LTD,SIMONDS HOMES,former,2010-05-24,2017-04-06,,4
5168,LINSVALE CORPORATION PTY LTD,LINSVALE CORPORATION,former,2007-06-28,2014-07-01,,4
5168,SMARTGROUP CORPORATION LTD,SMARTGROUP CORPORATION,legal,2014-07-02,,,4
5168,SMARTGROUP INVESTMENTS LTD,SMARTGROUP INVESTMENTS,former,2007-06-28,2014-07-01,,4
5169,GYMENY PTY. LTD.,GYMENY,former,2015-09-24,2018-02-19,,4
5169,SIMBLE SOLUTIONS LIMITED,SIMBLE SOLUTIONS,legal,2018-02-20,,,4
5170,HANORA PTY. LTD.,HANORA,former,1990-06-06,2019-11-18,,4
5170,SHERWOOD INVESTMENTS PTY. LTD.,SHERWOOD INVESTMENTS,former,1990-06-06,2019-11-18,,4
5170,SILVER CHEF LIMITED,SILVER CHEF,former,1990-06-06,2019-11-18,,4
5170,SIV CAPITAL LIMITED,SIV CAPITAL,legal,2019-11-19,,,4
5171,AUSTRALIAN AUTOMOTIVE COMPONENTS PTY LTD,AUSTRALIAN AUTOMOTIVE COMPONENTS,former,2003-09-16,2011-12-01,,4
5171,AUTOMOTIVE TECHNOLOGY GROUP LIMITED,AUTOMOTIVE TECHNOLOGY GROUP,former,2003-09-16,2011-12-01,,4
5171,SPRINTEX LIMITED,SPRINTEX,legal,2011-12-02,,,4
5172,SKINKANDY LIMITED,SKINKANDY,legal,2019-09-27,,,4
5173,SKY CITY ENTERTAINMENT GROUP LIMITED,SKY CITY ENTERTAINMENT GROUP,former,2001-11-22,2008-05-12,,4
5173,SKYCITY ENTERTAINMENT GROUP LIMITED,SKYCITY ENTERTAINMENT GROUP,legal,2008-05-13,,,4
5174,STORAGE KING GROUP,STORAGE KING GROUP,legal,2026-08-18,,,4
5175,BEYOND SPORTSWEAR INTERNATIONAL LIMITED,BEYOND SPORTSWEAR INTERNATIONAL,former,2004-03-04,2024-12-30,,4
5175,CONCEPT SPORTS LIMITED,CONCEPT SPORTS,former,2004-03-04,2024-12-30,,4
5175,DOUUGH LIMITED,DOUUGH,former,2004-03-04,2024-12-30,,4
5175,SKYWARDS LTD,SKYWARDS,former,2004-03-04,2024-12-30,,4
5175,STAKK LIMITED,STAKK,legal,2024-12-31,,,4
5175,ZIPTEL LIMITED,ZIPTEL,former,2004-03-04,2024-12-30,,4
5176,IRONBARK GOLD LIMITED,IRONBARK GOLD,former,2006-03-10,2024-12-16,,4
5176,IRONBARK ZINC LTD,IRONBARK ZINC,former,2006-03-10,2024-12-16,,4
5176,SKYLARK MINERALS LIMITED,SKYLARK MINERALS,legal,2024-12-17,,,4
5177,SKIN ELEMENTS LIMITED,SKIN ELEMENTS,legal,2015-09-04,,,4
5178,SERKO LIMITED,SERKO,legal,2016-04-01,,,4
5179,ENEVIS LIMITED,ENEVIS,former,1962-08-24,2020-12-03,,4
5179,SKS TECHNOLOGIES GROUP LIMITED,SKS TECHNOLOGIES GROUP,legal,2020-12-04,,,4
5179,STOKES (AUSTRALASIA) LIMITED,STOKES AUSTRALASIA,former,1962-08-24,2020-12-03,,4
5179,STOKES LIMITED,STOKES,former,1962-08-24,2020-12-03,,4
5180,MERGER COMPANY 2005 LIMITED,MERGER COMPANY 2005,former,2005-05-06,2005-07-03,,4
5180,SKY NETWORK TELEVISION LIMITED,SKY NETWORK TELEVISION,legal,2005-07-04,,,4
5181,PLANET GAS LIMITED,PLANET GAS,former,2001-12-04,2019-06-11,,4
5181,SKY METALS LIMITED,SKY METALS,legal,2019-06-12,,,4
5182,LYCAON RESOURCES LTD,LYCAON RESOURCES,former,2021-02-10,2025-02-26,,4
5182,SOLARA MINERALS LTD,SOLARA MINERALS,legal,2025-02-27,,,4
5183,MANN METALS PTY LTD,MANN METALS,former,2021-07-02,2022-03-15,,4
5183,STELAR METALS LIMITED,STELAR METALS,legal,2022-03-16,,,4
5184,SUPERLOOP LIMITED,SUPERLOOP,legal,2014-04-28,,,4
5185,"SALUDA MEDICAL, INC.",SALUDA MEDICAL,legal,2025-09-19,,,4
5186,SOLIS MINERALS LIMITED,SOLIS MINERALS,legal,2025-12-08,,,4
5187,ORECORP HOLDINGS PTY LTD,ORECORP,former,2011-03-30,2022-04-27,,4
5187,SILVERSTONE MINERALS PTY LTD,SILVERSTONE MINERALS,former,2011-03-30,2022-04-27,,4
5187,SOLSTICE MINERALS LIMITED,SOLSTICE MINERALS,legal,2022-04-28,,,4
5188,AUSTRALIAN NUCLEAR ENTERPRISES PTY. LTD.,AUSTRALIAN NUCLEAR ENTERPRISES,former,1987-09-09,2018-04-26,,4
5188,JUNEFORT PTY LTD,JUNEFORT,former,1987-09-09,2018-04-26,,4
5188,SILEX SYSTEMS LIMITED,SILEX SYSTEMS,legal,2018-04-27,,,4
5189,SULTAN RESOURCES LTD,SULTAN RESOURCES,legal,2018-01-04,,,4
5190,SYNLAIT MILK LIMITED,SYNLAIT MILK,legal,2016-09-26,,,4
5191,SANTANA MINERALS LIMITED,SANTANA MINERALS,legal,2013-01-15,,,4
5192,SOMERSET MINERALS LIMITED,SOMERSET MINERALS,legal,2024-07-01,,,4
5192,TEMPUS RESOURCES LTD,TEMPUS RESOURCES,former,2018-04-18,2024-06-30,,4
5193,STRUCTURAL MONITORING SYSTEMS PLC,STRUCTURAL MONITORING SYSTEMS PLC,legal,2003-09-11,,,4
5194,ST LUCIA RESOURCES PTY LIMITED,ST LUCIA RESOURCES,former,2008-06-27,2022-08-14,,4
5194,STANMORE COAL LIMITED,STANMORE COAL,former,2008-06-27,2022-08-14,,4
5194,STANMORE RESOURCES LIMITED,STANMORE RESOURCES,legal,2022-08-15,,,4
5195,STAR HOLDCO LIMITED,STAR HOLDCO,former,2021-02-18,2021-10-24,,4
5195,STAR MINERALS LIMITED,STAR MINERALS,legal,2021-10-25,,,4
5196,NEW ENERGY METALS LIMITED,NEW ENERGY METALS,former,2019-02-07,2024-09-16,,4
5196,NICKELX LIMITED,NICKELX,former,2019-02-07,2024-09-16,,4
5196,STRATA MINERALS LIMITED,STRATA MINERALS,legal,2024-09-17,,,4
5197,GLOBAL MINING INVESTMENTS LIMITED,GLOBAL MINING INVESTMENTS,former,2004-01-28,2017-06-19,,4
5197,SANDON CAPITAL INVESTMENTS LIMITED,SANDON CAPITAL INVESTMENTS,legal,2017-06-20,,,4
5198,SAUNDERS CONSTRUCTIONS PTY. LIMITED,SAUNDERS CONSTRUCTIONS,former,1990-11-28,2007-11-29,,4
5198,SAUNDERS INTERNATIONAL LIMITED,SAUNDERS INTERNATIONAL,legal,2007-11-30,,,4
5198,SAUNDERS PRINCE BISLEY PTY LTD,SAUNDERS PRINCE BISLEY,former,1990-11-28,2007-11-29,,4
5199,CONDAMINE RESOURCES LIMITED,CONDAMINE RESOURCES,former,2017-05-19,2020-10-04,,4
5199,SIREN GOLD LIMITED,SIREN GOLD,legal,2020-10-05,,,4
5200,MERLIND LTD,MERLIND,former,1986-07-10,2002-12-04,,4
5200,MULTISPARES HOLDINGS LIMITED,MULTISPARES,former,1986-07-10,2002-12-04,,4
5200,SUPPLY NETWORK LIMITED,SUPPLY NETWORK,legal,2002-12-05,,,4
5201,SENTINEL METALS LIMITED,SENTINEL METALS,legal,2024-10-24,,,4
5202,AUSTRALIAN MOTOR FINANCE GROUP LIMITED,AUSTRALIAN MOTOR FINANCE GROUP,former,2006-09-08,2017-10-17,,4
5202,BUSHVELD PLATINUM LTD,BUSHVELD PLATINUM,former,2006-09-08,2017-10-17,,4
5202,CATALYST PLATINUM LIMITED,CATALYST PLATINUM,former,2006-09-08,2017-10-17,,4
5202,ORPHEUS ENERGY LIMITED,ORPHEUS ENERGY,former,2006-09-08,2017-10-17,,4
5202,SENSEN NETWORKS LIMITED,SENSEN NETWORKS,legal,2017-10-18,,,4
5203,PHARMAXIS LTD,PHARMAXIS,former,1998-05-29,2023-12-03,,4
5203,PRAXIS PHARMACEUTICALS AUSTRALIA PTY LIMITED,PRAXIS PHARMACEUTICALS AUSTRALIA,former,1998-05-29,2023-12-03,,4
5203,SYNTARA LIMITED,SYNTARA,legal,2023-12-04,,,4
5204,SIERRA NEVADA GOLD (USA) INC.,SIERRA NEVADA GOLD USA,former,2021-09-20,2022-05-01,,4
5204,SIERRA NEVADA GOLD INC.,SIERRA NEVADA GOLD,legal,2022-05-02,,,4
5205,SUMMERSET GROUP HOLDINGS LIMITED,SUMMERSET GROUP,legal,2013-06-12,,,4
5206,SOCO CORPORATION LTD,SOCO CORPORATION,legal,2022-12-20,,,4
5206,SOCO GROUP AUSTRALIA PTY LTD,SOCO GROUP AUSTRALIA,former,2022-06-22,2022-12-19,,4
5207,FIRST SERVICES COMPANY LTD,FIRST SERVICES COMPANY,former,2025-05-28,2025-11-19,,4
5207,WASHINGTON H. SOUL PATTINSON AND COMPANY LIMITED,WASHINGTON H SOUL PATTINSON AND COMPANY,legal,2025-11-20,,,4
5208,INDO PACIFIC SECURITIES LTD,INDO PACIFIC SECURITIES,former,1987-03-16,2004-08-23,,4
5208,MINYALA INVESTMENTS LTD,MINYALA INVESTMENTS,former,1987-03-16,2004-08-23,,4
5208,SOMNOMED LIMITED,SOMNOMED,legal,2004-08-24,,,4
5209,SML CORPORATION LIMITED,SML CORPORATION,former,2013-01-02,2017-12-17,,4
5209,SYNERTEC CORPORATION LIMITED,SYNERTEC CORPORATION,legal,2017-12-18,,,4
5210,HEALTHCAP PARTNERS LTD,HEALTHCAP PARTNERS,former,2006-10-30,2011-08-08,,4
5210,STRATEGIC ELEMENTS LTD,STRATEGIC ELEMENTS,legal,2011-08-09,,,4
5211,SPECTUR LIMITED,SPECTUR,legal,2017-07-28,,,4
5211,UWATCHIT PTY LTD,UWATCHIT,former,2009-10-22,2017-07-27,,4
5212,ARROWHEAD RESOURCES LIMITED,ARROWHEAD RESOURCES,former,1969-04-02,2022-12-05,,4
5212,EMERGE GAMING LIMITED,EMERGE GAMING,former,1969-04-02,2022-12-05,,4
5212,GIPPSLAND LIMITED,GIPPSLAND,former,1969-04-02,2022-12-05,,4
5212,GIPPSLAND MINERALS NO LIABILITY,GIPPSLAND MINERALS NO LIABILITY,former,1969-04-02,2022-12-05,,4
5212,GIPPSLAND OIL & MINERALS N.L.,GIPPSLAND OIL MINERALS N L,former,1969-04-02,2022-12-05,,4
5212,GIPPSLAND RESOURCES AUSTRALIA NL,GIPPSLAND RESOURCES AUSTRALIA,former,1969-04-02,2022-12-05,,4
5212,STREAMPLAY STUDIO LIMITED,STREAMPLAY STUDIO,legal,2022-12-06,,,4
5213,EZYIMAGE LIMITED,EZYIMAGE,former,2000-01-28,2020-11-11,,4
5213,MGM WIRELESS LIMITED,MGM WIRELESS,former,2000-01-28,2020-11-11,,4
5213,SPACETALK LTD.,SPACETALK,legal,2020-11-12,,,4
5214,SOUTHERN PALLADIUM LIMITED,SOUTHERN PALLADIUM,legal,2020-12-04,,,4
5215,SPC GLOBAL HOLDINGS LTD,SPC GLOBAL,legal,2026-08-18,,,4
5216,SPARK NEW ZEALAND LIMITED,SPARK NEW ZEALAND,legal,2014-08-20,,,4
5216,TELECOM CORPORATION OF NEW ZEALAND LIMITED,TELECOM CORPORATION OF NEW ZEALAND,former,1990-12-18,2014-08-19,,4
5217,STARPHARMA AUSTRALIA POOLED DEVELOPMENT PTY LTD,STARPHARMA AUSTRALIA POOLED DEVELOPMENT,former,1997-05-13,2004-03-22,,4
5217,STARPHARMA HOLDINGS LIMITED,STARPHARMA,legal,2004-03-23,,,4
5217,STARPHARMA POOLED DEVELOPMENT LIMITED,STARPHARMA POOLED DEVELOPMENT,former,1997-05-13,2004-03-22,,4
5218,ACACIA COAL LIMITED,ACACIA COAL,former,1984-04-16,2020-11-18,,4
5218,EURAUST MINERAL DEVELOPMENTS N.L.,EURAUST MINERAL DEVELOPMENTS N L,former,1984-04-16,2020-11-18,,4
5218,FALCONA EXPLORATION & MINING N.L.,FALCONA EXPLORATION MINING N L,former,1984-04-16,2020-11-18,,4
5218,NEWLAND RESOURCES LTD,NEWLAND RESOURCES,former,1984-04-16,2020-11-18,,4
5218,SPARC TECHNOLOGIES LIMITED,SPARC TECHNOLOGIES,legal,2020-11-19,,,4
5219,SUPERIOR RESOURCES LIMITED,SUPERIOR RESOURCES,legal,2005-02-08,,,4
5220,CIRRALTO LIMITED,CIRRALTO,former,2001-12-18,2022-01-31,,4
5220,MEDIC VISION LIMITED,MEDIC VISION,former,2001-12-18,2022-01-31,,4
5220,MOTOPIA LIMITED,MOTOPIA,former,2001-12-18,2022-01-31,,4
5220,PREMIER BIONICS LIMITED,PREMIER BIONICS,former,2001-12-18,2022-01-31,,4
5220,SPENDA LIMITED,SPENDA,legal,2022-02-01,,,4
5221,CAR PARKING TECHNOLOGIES LIMITED,CAR PARKING TECHNOLOGIES,former,2006-05-29,2013-06-23,,4
5221,EMPIRE BEER GROUP LIMITED,EMPIRE BEER GROUP,former,2006-05-29,2013-06-23,,4
5221,SMART PARKING LIMITED,SMART PARKING,legal,2013-06-24,,,4
5222,SOUTH-EAST QUEENSLAND EXPLORATION LIMITED,SOUTH EAST QUEENSLAND EXPLORATION,former,2022-05-02,2023-02-15,,4
5222,SQX RESOURCES LIMITED,SQX RESOURCES,legal,2023-02-16,,,4
5223,GCSI PTY LTD,GCSI,former,2003-05-08,2018-11-27,,4
5223,GLOBAL CONSTRUCTION SERVICES LIMITED,GLOBAL CONSTRUCTION SERVICES,former,2003-05-08,2018-11-27,,4
5223,SRG GLOBAL LIMITED,SRG GLOBAL,legal,2018-11-28,,,4
5224,SAFEROADS HOLDINGS LIMITED,SAFEROADS,legal,2005-10-14,,,4
5225,SRJ TECHNOLOGIES GROUP PLC,SRJ TECHNOLOGIES GROUP PLC,legal,2020-08-14,,,4
5226,FAST SCOUT LTD,FAST SCOUT,former,1999-09-03,2006-01-15,,4
5226,STRIKE RESOURCES LIMITED,STRIKE RESOURCES,legal,2006-01-16,,,4
5227,CLEAN TEQ HOLDINGS LIMITED,CLEAN TEQ,former,2007-09-10,2021-03-23,,4
5227,SUNRISE ENERGY METALS LIMITED,SUNRISE ENERGY METALS,legal,2021-03-24,,,4
5228,BLACK RIDGE MINING LTD,BLACK RIDGE MINING,former,1998-07-20,2016-11-29,,4
5228,GENESIS BIOMEDICAL LTD,GENESIS BIOMEDICAL,former,1998-07-20,2016-11-29,,4
5228,SUREFIRE RESOURCES NL,SUREFIRE RESOURCES,legal,2016-11-30,,,4
5229,SARAMA RESOURCES LTD.,SARAMA RESOURCES,legal,2010-06-17,,,4
5230,METAL TIGER PLC,METAL TIGER PLC,former,2020-07-28,2023-08-02,,4
5230,STRATA INVESTMENT HOLDINGS PLC,STRATA INVESTMENT HOLDINGS PLC,legal,2023-08-03,,,4
5231,SERVCORP LIMITED,SERVCORP,legal,1999-08-24,,,4
5232,STELLAR RESOURCES LIMITED,STELLAR RESOURCES,legal,2004-04-19,,,4
5233,GREEN POWER MINERALS PTY LTD,GREEN POWER MINERALS,former,2023-01-27,2024-05-12,,4
5233,SUN SILVER LIMITED,SUN SILVER,legal,2024-05-13,,,4
5234,LAVOMER RIAH HOLDINGS PTY LTD,LAVOMER RIAH,former,2011-05-05,2016-06-29,,4
5234,SHAVER SHOP GROUP LIMITED,SHAVER SHOP GROUP,legal,2016-06-30,,,4
5235,JACKA RESOURCES LIMITED,JACKA RESOURCES,former,2009-10-20,2021-09-14,,4
5235,SSH GROUP LTD,SSH GROUP,legal,2021-09-15,,,4
5236,PYROX LIMITED,PYROX,former,1937-06-17,1997-02-05,,4
5236,SIETEL LIMITED,SIETEL,legal,1997-02-06,,,4
5236,SIETEL SALES LIMITED,SIETEL SALES,former,1937-06-17,1997-02-05,,4
5237,SERVICE STREAM LIMITED,SERVICE STREAM,legal,2012-09-10,,,4
5237,TOTAL COMMUNICATIONS INFRASTRUCTURE LIMITED,TOTAL COMMUNICATIONS INFRASTRUCTURE,former,1996-01-08,2012-09-09,,4
5238,STEAMSHIPS TRADING COMPANY LIMITED,STEAMSHIPS TRADING COMPANY,legal,1992-04-14,,,4
5239,STRAKER LIMITED,STRAKER,legal,2025-04-11,,,4
5239,STRAKER TRANSLATIONS LIMITED,STRAKER TRANSLATIONS,former,2018-09-10,2025-04-10,,4
5240,LAGOM HOLDINGS LIMITED,LAGOM,former,2024-06-12,2025-07-15,,4
5240,STEPCHANGE HOLDINGS LIMITED,STEPCHANGE,legal,2025-07-16,,,4
5241,ALLOY RESOURCES LIMITED,ALLOY RESOURCES,former,2004-06-02,2020-08-16,,4
5241,STRICKLAND METALS LIMITED,STRICKLAND METALS,legal,2020-08-17,,,4
5242,AVALON MINERALS LTD,AVALON MINERALS,former,2006-12-20,2017-09-03,,4
5242,SUNSTONE METALS LTD,SUNSTONE METALS,legal,2017-09-04,,,4
5243,SATURN METALS LIMITED,SATURN METALS,legal,2017-06-02,,,4
5244,SANTOS LIMITED,SANTOS,legal,1954-03-18,,,4
5245,STEP ONE CLOTHING LIMITED,STEP ONE CLOTHING,legal,2017-01-06,,,4
5246,CELTEX LIMITED,CELTEX,former,1983-12-07,2025-11-28,,4
5246,CORPORATE DATA SERVICE PTY. LTD.,CORPORATE DATA SERVICE,former,1983-12-07,2025-11-28,,4
5246,CORPORATE DATA SERVICES LIMITED,CORPORATE DATA SERVICES,former,1983-12-07,2025-11-28,,4
5246,ENTERTAINMENT WORLD LIMITED,ENTERTAINMENT WORLD,former,1983-12-07,2025-11-28,,4
5246,STANFIELD FUNDS MANAGEMENT LIMITED,STANFIELD FUNDS MANAGEMENT,former,1983-12-07,2025-11-28,,4
5246,SWIFT MEDIA LIMITED,SWIFT MEDIA,former,1983-12-07,2025-11-28,,4
5246,SWIFT NETWORKS GROUP LIMITED,SWIFT NETWORKS GROUP,former,1983-12-07,2025-11-28,,4
5246,SWIFT TV LTD,SWIFT TV,legal,2025-11-29,,,4
5246,TWO AUSTRALIA LIMITED,TWO AUSTRALIA,former,1983-12-07,2025-11-28,,4
5246,WARRANILLA NOMINEES PTY. LTD.,WARRANILLA NOMINEES,former,1983-12-07,2025-11-28,,4
5247,STRIKE ENERGY LIMITED,STRIKE ENERGY,legal,2026-07-02,,,4
5247,STRIKE OIL LIMITED,STRIKE OIL,former,1997-05-08,2026-07-01,,4
5248,SOUTHERN HEMISPHERE MINING LIMITED,SOUTHERN HEMISPHERE MINING,legal,2013-04-23,,,4
5249,SUPER CHEAP AUTO GROUP LIMITED,SUPER CHEAP AUTO GROUP,former,2004-04-08,2010-11-30,,4
5249,SUPER RETAIL GROUP LIMITED,SUPER RETAIL GROUP,legal,2010-12-01,,,4
5250,SUNCORP GROUP LIMITED,SUNCORP GROUP,legal,2010-08-25,,,4
5251,AVILLION NO 4 LTD,AVILLION NO 4,former,1986-02-03,2022-10-16,,4
5251,GERROD LTD,GERROD,former,1986-02-03,2022-10-16,,4
5251,KAKADU RESOURCES LTD,KAKADU RESOURCES,former,1986-02-03,2022-10-16,,4
5251,LANEWAY RESOURCES LTD,LANEWAY RESOURCES,former,1986-02-03,2022-10-16,,4
5251,RENISON CONSOLIDATED MINES NL,RENISON CONSOLIDATED MINES,former,1986-02-03,2022-10-16,,4
5251,SAVANNAH GOLDFIELDS LIMITED,SAVANNAH GOLDFIELDS,legal,2022-10-17,,,4
5251,SIROCCO RESOURCES NL,SIROCCO RESOURCES,former,1986-02-03,2022-10-16,,4
5252,SILVER MINES LIMITED,SILVER MINES,legal,2004-01-06,,,4
5253,SOVEREIGN METALS LIMITED,SOVEREIGN METALS,legal,2006-07-20,,,4
5254,MONEY3 CORPORATION LIMITED,MONEY3 CORPORATION,former,2005-11-25,2022-12-06,,4
5254,SOLVAR LIMITED,SOLVAR,legal,2022-12-07,,,4
5255,NORTHERN PLATINUM PTY LTD,NORTHERN PLATINUM,former,2006-05-23,2014-05-06,,4
5255,STAVELY MINERALS LIMITED,STAVELY MINERALS,legal,2014-05-07,,,4
5256,FALCON MINERALS LIMITED,FALCON MINERALS,former,1987-07-03,2021-05-20,,4
5256,ROBO 3D LIMITED,ROBO 3D,former,1987-07-03,2021-05-20,,4
5256,STEMIFY LIMITED,STEMIFY,former,1987-07-03,2021-05-20,,4
5256,SWOOP HOLDINGS LIMITED,SWOOP,legal,2021-05-21,,,4
5256,YARDARINO LIMITED,YARDARINO,former,1987-07-03,2021-05-20,,4
5256,YARDARINO MINING LIMITED,YARDARINO MINING,former,1987-07-03,2021-05-20,,4
5256,YARDARINO MINING N.L.,YARDARINO MINING N L,former,1987-07-03,2021-05-20,,4
5257,MAWSON GOLD LIMITED,MAWSON GOLD,former,2024-10-02,2025-01-16,,4
5257,SOUTHERN CROSS GOLD CONSOLIDATED LTD.,SOUTHERN CROSS GOLD CONSOLIDATED,legal,2025-01-17,,,4
5258,SOUTHERN CROSS ELECTRICAL ENGINEERING LIMITED,SOUTHERN CROSS ELECTRICAL ENGINEERING,legal,2007-11-26,,,4
5258,WILDANE PTY LTD,WILDANE,former,1988-04-18,2007-11-25,,4
5259,MACQUARIE MEDIA HOLDINGS LIMITED,MACQUARIE MEDIA,former,2005-09-06,2017-06-19,,4
5259,SOUTHERN CROSS MEDIA GROUP LIMITED,SOUTHERN CROSS MEDIA GROUP,legal,2017-06-20,,,4
5260,CIVILEX GROUP PTY LTD,CIVILEX GROUP,former,2016-10-10,2025-04-07,,4
5260,SYMAL GROUP LIMITED,SYMAL GROUP,legal,2025-04-08,,,4
5261,SYRAH RESOURCES LIMITED,SYRAH RESOURCES,legal,2007-05-04,,,4
5262,333D LIMITED,333D,legal,2016-08-18,,,4
5262,OZ BREWING LIMITED,OZ BREWING,former,2006-02-02,2016-08-17,,4
5263,AUSTRALIAN INTERNATIONAL CARBON LTD,AUSTRALIAN INTERNATIONAL CARBON,former,1993-11-18,2022-12-13,,4
5263,AUSTRALIAN TECHNOLOGY SECURITIES LIMITED,AUSTRALIAN TECHNOLOGY SECURITIES,former,1993-11-18,2022-12-13,,4
5263,GULFX LTD,GULFX,former,1993-11-18,2022-12-13,,4
5263,MAYOLA NOMINEES PTY LTD,MAYOLA NOMINEES,former,1993-11-18,2022-12-13,,4
5263,NEW HORIZON ENERGY LTD,NEW HORIZON ENERGY,former,1993-11-18,2022-12-13,,4
5263,SYNGAS LIMITED,SYNGAS,former,1993-11-18,2022-12-13,,4
5263,TAITON RESOURCES LIMITED,TAITON RESOURCES,legal,2022-12-14,,,4
5264,TERRA CRITICAL MINERALS LIMITED,TERRA CRITICAL MINERALS,legal,2025-09-18,,,4
5264,TERRA URANIUM LIMITED,TERRA URANIUM,former,2021-06-04,2025-09-17,,4
5265,TAB CORP LIMITED,TAB CORP,former,1994-04-13,2017-03-22,,4
5265,TABCORP HOLDINGS LIMITED,TABCORP,legal,2017-03-23,,,4
5266,ADVANCE ENERGY LTD,ADVANCE ENERGY,former,2004-11-16,2023-05-24,,4
5266,ANTILLES OIL AND GAS LIMITED,ANTILLES OIL AND GAS,former,2004-11-16,2023-05-24,,4
5266,HOMESTAY CARE LIMITED,HOMESTAY CARE,former,2004-11-16,2023-05-24,,4
5266,HSC TECHNOLOGY GROUP LTD.,HSC TECHNOLOGY GROUP,former,2004-11-16,2023-05-24,,4
5266,TALIUS GROUP LIMITED,TALIUS GROUP,legal,2023-05-25,,,4
5267,SEAMET LTD,SEAMET,former,1968-03-22,2021-06-01,,4
5267,TAIGA MINERALS NL,TAIGA MINERALS,former,1968-03-22,2021-06-01,,4
5267,TANAMI GOLD NL,TANAMI GOLD,legal,2021-06-02,,,4
5267,TULLABONG TIN LTD,TULLABONG TIN,former,1968-03-22,2021-06-01,,4
5268,TARUGA GOLD LIMITED,TARUGA GOLD,former,2011-10-21,2018-06-10,,4
5268,TARUGA MINERALS LIMITED,TARUGA MINERALS,legal,2018-06-11,,,4
5269,P F MINING SHELF CO (NO 19) N.L.,P F MINING SHELF CO NO 19 N L,former,1987-06-30,2009-01-22,,4
5269,TASMAN RESOURCES LTD,TASMAN RESOURCES,legal,2009-01-23,,,4
5269,TASMAN RESOURCES N.L.,TASMAN RESOURCES N L,former,1987-06-30,2009-01-22,,4
5270,LIBERTY STRUCTURAL SERVICES LIMITED,LIBERTY STRUCTURAL SERVICES,former,2004-10-15,2025-07-07,,4
5270,R3D GLOBAL LIMITED,R3D GLOBAL,former,2004-10-15,2025-07-07,,4
5270,R3D RESOURCES LIMITED,R3D RESOURCES,former,2004-10-15,2025-07-07,,4
5270,REDCHIP INTERNATIONAL LIMITED,REDCHIP INTERNATIONAL,former,2004-10-15,2025-07-07,,4
5270,TARTANA MINERALS LIMITED,TARTANA MINERALS,legal,2025-07-08,,,4
5270,VERTICON GROUP LIMITED,VERTICON GROUP,former,2004-10-15,2025-07-07,,4
5270,VGP CORPORATION LIMITED,VGP CORPORATION,former,2004-10-15,2025-07-07,,4
5271,TAMBORAN RESOURCES CORPORATION,TAMBORAN RESOURCES CORPORATION,legal,2023-12-04,,,4
5272,TRIBUNE RESOURCES LIMITED,TRIBUNE RESOURCES,legal,2011-01-21,,,4
5272,TRIBUNE RESOURCES N.L.,TRIBUNE RESOURCES N L,former,1988-09-19,2011-01-20,,4
5273,360 CAPITAL MORTGAGE REIT,360 CAPITAL MORTGAGE REIT,legal,2026-08-18,,,4
5274,MANAS RESOURCES LIMITED,MANAS RESOURCES,former,2007-10-17,2021-07-22,,4
5274,TURACO GOLD LIMITED,TURACO GOLD,legal,2021-07-23,,,4
5275,TRANSURBAN GROUP,TRANSURBAN GROUP,legal,2026-08-18,,,4
5276,EPCOF PTY LTD,EPCOF,former,1979-11-12,1997-03-09,,4
5276,TRANS METRO CORPORATION PTY LTD,TRANS METRO CORPORATION,former,1979-11-12,1997-03-09,,4
5276,TRANSMETRO CORPORATION LIMITED,TRANSMETRO CORPORATION,legal,1997-03-10,,,4
5277,AVEXA LIMITED,AVEXA,former,2004-04-07,2019-12-03,,4
5277,NOVITA HEALTHCARE LIMITED,NOVITA HEALTHCARE,former,2004-04-07,2019-12-03,,4
5277,TALI DIGITAL LIMITED,TALI DIGITAL,legal,2019-12-04,,,4
5278,3D ENERGI LIMITED,3D ENERGI,legal,2023-11-28,,,4
5278,3D OIL LIMITED,3D OIL,former,2003-07-18,2023-11-27,,4
5279,AUSTRALIAN TURNAROUND INVESTMENT NO. 1 PTY LTD,AUSTRALIAN TURNAROUND INVESTMENT NO 1,former,1999-07-12,2024-04-23,,4
5279,E&A LIMITED,E A,former,1999-07-12,2024-04-23,,4
5279,PERCHERON CAPITAL PTY LTD,PERCHERON CAPITAL,former,1999-07-12,2024-04-23,,4
5279,TASMEA LIMITED,TASMEA,legal,2024-04-24,,,4
5280,TOP END ENERGY LIMITED,TOP END ENERGY,legal,2021-05-25,,,4
5281,MAVERICK DRILLING INTERNATIONAL LTD,MAVERICK DRILLING INTERNATIONAL,former,2004-08-09,2026-07-19,,4
5281,MAVERICK ENERGY LTD,MAVERICK ENERGY,former,2004-08-09,2026-07-19,,4
5281,TRIANGLE ENERGY (GLOBAL) LIMITED,TRIANGLE ENERGY GLOBAL,legal,2026-07-20,,,4
5281,WHITE SANDS PETROLEUM LIMITED,WHITE SANDS PETROLEUM,former,2004-08-09,2026-07-19,,4
5282,AUSTRALIAN RENEWABLE FUELS LIMITED,AUSTRALIAN RENEWABLE FUELS,former,2001-05-11,2016-12-08,,4
5282,THORNEY TECHNOLOGIES LTD,THORNEY TECHNOLOGIES,legal,2016-12-09,,,4
5283,LITHIUM CONSOLIDATED LIMITED,LITHIUM CONSOLIDATED,former,2016-04-22,2020-08-26,,4
5283,LITHIUM CONSOLIDATED MINERAL EXPLORATION LIMITED,LITHIUM CONSOLIDATED MINERAL EXPLORATION,former,2016-04-22,2020-08-26,,4
5283,TEMPEST MINERALS LIMITED,TEMPEST MINERALS,legal,2020-08-27,,,4
5284,GUILDFORD COAL LIMITED,GUILDFORD COAL,former,2010-05-07,2015-11-03,,4
5284,TERRACOM LIMITED,TERRACOM,legal,2015-11-04,,,4
5285,TETRAGON ENERGY LIMITED,TETRAGON ENERGY,legal,2025-02-06,,,4
5286,DATA CARD SYSTEMS LIMITED,DATA CARD SYSTEMS,former,1998-10-19,2026-03-10,,4
5286,DCS TECHNOLOGIES LIMITED,DCS TECHNOLOGIES,former,1998-10-19,2026-03-10,,4
5286,ONCARD INTERNATIONAL LIMITED,ONCARD INTERNATIONAL,former,1998-10-19,2026-03-10,,4
5286,TASFOODS LIMITED,TASFOODS,legal,2026-03-11,,,4
5287,INTERNATIONAL COBALT RESOURCES LIMITED,INTERNATIONAL COBALT RESOURCES,former,2018-02-28,2021-03-31,,4
5287,TECHGEN METALS LTD,TECHGEN METALS,legal,2021-04-01,,,4
5288,TETHERED GOAT PTY LTD,TETHERED GOAT,former,2020-10-16,2022-05-23,,4
5288,TG METALS LIMITED,TG METALS,legal,2022-05-24,,,4
5289,TRIBECA GLOBAL NATURAL RESOURCES LIMITED,TRIBECA GLOBAL NATURAL RESOURCES,legal,2018-07-18,,,4
5290,IMP AUST LTD,IMP AUST,former,1996-05-07,2019-12-08,,4
5290,INTERNATIONAL MARKETING PARTNERSHIP PTY LTD,INTERNATIONAL MARKETING PARTNERSHIP,former,1996-05-07,2019-12-08,,4
5290,INTERNATIONAL MARKETING PARTNERSHIPS PTY LTD,INTERNATIONAL MARKETING PARTNERSHIPS,former,1996-05-07,2019-12-08,,4
5290,SHANNON'S WAY MARKETING PARTNERSHIP PTY LTD,SHANNON S WAY MARKETING PARTNERSHIP,former,1996-05-07,2019-12-08,,4
5290,TERRAGEN HOLDINGS LIMITED,TERRAGEN,legal,2019-12-09,,,4
5291,MERIDIEN RESOURCES LTD,MERIDIEN RESOURCES,former,2008-06-20,2018-12-01,,4
5291,STONEWALL RESOURCES LIMITED,STONEWALL RESOURCES,former,2008-06-20,2018-12-01,,4
5291,THETA GOLD MINES LIMITED,THETA GOLD MINES,legal,2018-12-02,,,4
5292,TUNGSTEN MINING NL,TUNGSTEN MINING,legal,2012-12-13,,,4
5292,TUNGSTEN WEST NL,TUNGSTEN WEST,former,2011-07-13,2012-12-12,,4
5293,TOURISM HOLDINGS RENTALS LIMITED,TOURISM HOLDINGS RENTALS,legal,2021-11-22,,,4
5294,THOR ENERGY PLC,THOR ENERGY PLC,legal,2023-03-27,,,4
5294,THOR MINING PLC,THOR MINING PLC,former,2006-08-07,2023-03-26,,4
5295,AUSTRALIAN SYNTHETICS LIMITED,AUSTRALIAN SYNTHETICS,former,1985-06-06,2016-04-03,,4
5295,CHARDON INDUSTRIES LTD,CHARDON INDUSTRIES,former,1985-06-06,2016-04-03,,4
5295,HEATLEY HOLDINGS LIMITED,HEATLEY,former,1985-06-06,2016-04-03,,4
5295,MENZIES COURT HOLDINGS LIMITED,MENZIES COURT,former,1985-06-06,2016-04-03,,4
5295,PBD DEVELOPMENTS LIMITED,PBD DEVELOPMENTS,former,1985-06-06,2016-04-03,,4
5295,PORT BOUVARD LIMITED,PORT BOUVARD,former,1985-06-06,2016-04-03,,4
5295,TIAN AN AUSTRALIA LIMITED,TIAN AN AUSTRALIA,legal,2016-04-04,,,4
5296,TEMAS RESOURCES CORP.,TEMAS RESOURCES CORP,legal,2025-06-24,,,4
5297,TEAMINVEST PRIVATE (2) LIMITED,TEAMINVEST PRIVATE 2,former,2018-09-26,2019-05-21,,4
5297,TEAMINVEST PRIVATE GROUP LIMITED,TEAMINVEST PRIVATE GROUP,legal,2019-05-22,,,4
5298,TREK METALS LIMITED,TREK METALS,legal,2017-02-28,,,4
5298,ZAMBEZI RESOURCES LIMITED,ZAMBEZI RESOURCES,former,2007-04-13,2017-02-27,,4
5299,TATTERSALL'S HOLDINGS LIMITED,TATTERSALL S,former,1998-04-01,2022-05-23,,4
5299,THE LOTTERY CORPORATION LIMITED,THE LOTTERY CORPORATION,legal,2022-05-24,,,4
5300,TALGA GOLD LIMITED,TALGA GOLD,former,2009-07-21,2020-11-12,,4
5300,TALGA GROUP LTD,TALGA GROUP,legal,2020-11-13,,,4
5300,TALGA RESOURCES LTD,TALGA RESOURCES,former,2009-07-21,2020-11-12,,4
5301,MILLENNIUM PLATINUM MINES NL,MILLENNIUM PLATINUM MINES,former,1997-08-01,2005-11-22,,4
5301,TALISMAN MINING LIMITED,TALISMAN MINING,legal,2005-11-23,,,4
5302,TELSTRA GROUP LIMITED,TELSTRA GROUP,legal,2021-05-31,,,4
5303,TELIX PHARMACEUTICALS LIMITED,TELIX PHARMACEUTICALS,legal,2017-01-03,,,4
5304,GCX METALS LIMITED,GCX METALS,former,2012-02-27,2024-04-15,,4
5304,PARINGA RESOURCES LIMITED,PARINGA RESOURCES,former,2012-02-27,2024-04-15,,4
5304,TERRA METALS LIMITED,TERRA METALS,legal,2024-04-16,,,4
5305,TAMBOURAH METALS LTD,TAMBOURAH METALS,legal,2020-12-16,,,4
5306,KILGORE OIL AND GAS LTD,KILGORE OIL AND GAS,former,2007-09-26,2022-02-16,,4
5306,TAMASKA OIL AND GAS LTD,TAMASKA OIL AND GAS,former,2007-09-26,2022-02-16,,4
5306,TMK ENERGY LIMITED,TMK ENERGY,legal,2022-02-17,,,4
5307,TIMAH RESOURCES LIMITED,TIMAH RESOURCES,legal,2015-09-15,,,4
5307,VIETNAM EMERGING CAPITAL LIMITED,VIETNAM EMERGING CAPITAL,former,2007-02-16,2015-09-14,,4
5308,BLINA DIAMONDS LTD,BLINA DIAMONDS,former,1999-02-26,2023-11-13,,4
5308,BLINA MINERALS NL,BLINA MINERALS,former,1999-02-26,2023-11-13,,4
5308,DELIVERWEB LIMITED,DELIVERWEB,former,1999-02-26,2023-11-13,,4
5308,TENNANT MINERALS LIMITED,TENNANT MINERALS,legal,2023-11-14,,,4
5309,TERRAIN MINERALS LTD,TERRAIN MINERALS,legal,2005-09-08,,,4
5310,DUKE EXPLORATION LIMITED,DUKE EXPLORATION,former,2006-04-26,2024-12-30,,4
5310,IRON DUKE EXPLORATION PTY LTD,IRON DUKE EXPLORATION,former,2006-04-26,2024-12-30,,4
5310,KENEX PTY LTD,KENEX,former,2006-04-26,2024-12-30,,4
5310,TRUE NORTH COPPER LIMITED,TRUE NORTH COPPER,legal,2024-12-31,,,4
5311,J.L. MACTAGGART MANUFACTURING PTY. LTD.,J L MACTAGGART MANUFACTURING,former,1983-12-13,1999-11-29,,4
5311,RENT-A-BULL PTY. LTD.,RENT A BULL,former,1983-12-13,1999-11-29,,4
5311,TECHNOLOGY ONE LIMITED,TECHNOLOGY ONE,legal,1999-11-30,,,4
5311,WATTLEMOUNT PTY. LTD.,WATTLEMOUNT,former,1983-12-13,1999-11-29,,4
5312,TINYBEANS GROUP LTD,TINYBEANS GROUP,legal,2014-03-11,,,4
5313,LOLE MINING LIMITED,LOLE MINING,former,2022-03-28,2023-11-08,,4
5313,TOLU MINERALS LIMITED,TOLU MINERALS,legal,2023-11-09,,,4
5314,AUSTRALIAN MINERAL FIELDS LIMITED,AUSTRALIAN MINERAL FIELDS,former,2007-07-17,2016-09-21,,4
5314,TRITON GOLD LIMITED,TRITON GOLD,former,2007-07-17,2016-09-21,,4
5314,TRITON MINERALS LTD,TRITON MINERALS,legal,2016-09-22,,,4
5315,AZTEC CAPITAL LIMITED,AZTEC CAPITAL,former,1997-09-22,2013-11-20,,4
5315,SALES PURSUIT LIMITED,SALES PURSUIT,former,1997-09-22,2013-11-20,,4
5315,THORNEY OPPORTUNITIES LTD,THORNEY OPPORTUNITIES,legal,2013-11-21,,,4
5315,WAVECREST HOLDINGS PTY LTD,WAVECREST,former,1997-09-22,2013-11-20,,4
5315,WENTWORTH HOLDINGS LIMITED,WENTWORTH,former,1997-09-22,2013-11-20,,4
5315,WENTWORTH MUTUAL LIMITED,WENTWORTH MUTUAL,former,1997-09-22,2013-11-20,,4
5316,TORQUE METALS LIMITED,TORQUE METALS,legal,2017-08-16,,,4
5317,360 CAPITAL REIT,360 CAPITAL REIT,legal,2026-08-18,,,4
5318,TLOU ENERGY LIMITED,TLOU ENERGY,legal,2009-04-23,,,4
5319,RIVERS NETWORK PTY LIMITED,RIVERS NETWORK,former,1996-02-28,2015-11-30,,4
5319,TEL.PACIFIC LIMITED,TEL PACIFIC,former,1996-02-28,2015-11-30,,4
5319,TPC CONSOLIDATED LIMITED,TPC CONSOLIDATED,legal,2015-12-01,,,4
5320,HUTCHISON 3G AUSTRALIA PTY LIMITED,HUTCHISON 3G AUSTRALIA,former,2001-03-23,2020-06-28,,4
5320,TPG TELECOM LIMITED,TPG TELECOM,legal,2020-06-29,,,4
5320,VODAFONE HUTCHISON AUSTRALIA LIMITED,VODAFONE HUTCHISON AUSTRALIA,former,2001-03-23,2020-06-28,,4
5321,TEMPLE & WEBSTER GROUP LTD,TEMPLE WEBSTER GROUP,legal,2015-10-06,,,4
5322,TALI RESOURCES LTD,TALI RESOURCES,legal,2025-07-16,,,4
5322,TALI RESOURCES WA PTY LTD,TALI RESOURCES WA,former,2023-11-30,2025-07-15,,4
5323,MY FOODIE BOX LIMITED,MY FOODIE BOX,former,2017-10-02,2025-10-13,,4
5323,TARRINA RESOURCES LIMITED,TARRINA RESOURCES,legal,2025-10-14,,,4
5324,TURNERS AUTOMOTIVE GROUP LIMITED,TURNERS AUTOMOTIVE GROUP,legal,2017-06-16,,,4
5325,TOUBANI RESOURCES LIMITED,TOUBANI RESOURCES,legal,2024-01-08,,,4
5326,BELGRAVIA LIMITED,BELGRAVIA,former,1987-03-05,2023-10-08,,4
5326,BIOPROSPECT LIMITED,BIOPROSPECT,former,1987-03-05,2023-10-08,,4
5326,MEDIA ASIA PACIFIC LIMITED,MEDIA ASIA PACIFIC,former,1987-03-05,2023-10-08,,4
5326,MEDIBIO LIMITED,MEDIBIO,former,1987-03-05,2023-10-08,,4
5326,SLOANE SQUARE LIMITED,SLOANE SQUARE,former,1987-03-05,2023-10-08,,4
5326,TRIVARX LTD,TRIVARX,legal,2023-10-09,,,4
5326,WOODGER HOLDINGS LIMITED,WOODGER,former,1987-03-05,2023-10-08,,4
5327,TRAJAN GROUP HOLDINGS LIMITED,TRAJAN GROUP,legal,2021-06-03,,,4
5327,TRAJAN HOLDINGS PTY LTD,TRAJAN,former,2011-08-11,2021-06-02,,4
5328,TRUSCOTT MINING CORPORATION LTD,TRUSCOTT MINING CORPORATION,legal,2005-09-27,,,4
5329,TISSUE REPAIR LTD,TISSUE REPAIR,legal,2012-05-17,,,4
5330,TRUSCREEN GROUP LIMITED,TRUSCREEN GROUP,legal,2020-12-11,,,4
5331,DY6 METALS LTD,DY6 METALS,former,2022-11-03,2025-11-25,,4
5331,MAGNETO MINERALS PTY LTD,MAGNETO MINERALS,former,2022-11-03,2025-11-25,,4
5331,TUSKER MINERALS LTD,TUSKER MINERALS,legal,2025-11-26,,,4
5332,PACIFIC QUEST LIMITED,PACIFIC QUEST,former,1985-05-20,2016-11-29,,4
5332,PRECIOUS METALS AUSTRALIA LIMITED,PRECIOUS METALS AUSTRALIA,former,1985-05-20,2016-11-29,,4
5332,TINK PTY. LTD.,TINK,former,1985-05-20,2016-11-29,,4
5332,TITANIUM SANDS LIMITED,TITANIUM SANDS,legal,2016-11-30,,,4
5332,WINDIMURRA VANADIUM LIMITED,WINDIMURRA VANADIUM,former,1985-05-20,2016-11-29,,4
5333,CONTINUATION INVESTMENTS LTD,CONTINUATION INVESTMENTS,former,2003-10-29,2022-04-27,,4
5333,GRANITE LIC LIMITED,GRANITE LIC,former,2003-10-29,2022-04-27,,4
5333,GRANITE THREE PILLARS LIMITED,GRANITE THREE PILLARS,former,2003-10-29,2022-04-27,,4
5333,PLUKKA LIMITED,PLUKKA,former,2003-10-29,2022-04-27,,4
5333,TESORO GOLD LTD,TESORO GOLD,legal,2022-04-28,,,4
5333,TESORO RESOURCES LIMITED,TESORO RESOURCES,former,2003-10-29,2022-04-27,,4
5333,VAN EYK THREE PILLARS LIMITED,VAN EYK THREE PILLARS,former,2003-10-29,2022-04-27,,4
5334,DAVENPORT RESOURCES LIMITED,DAVENPORT RESOURCES,former,2011-09-26,2026-03-15,,4
5334,SOUTH HARZ POTASH LTD,SOUTH HARZ POTASH,former,2011-09-26,2026-03-15,,4
5334,TURNSTONE RESOURCES LTD,TURNSTONE RESOURCES,legal,2026-03-16,,,4
5335,MINERA GOLD LIMITED,MINERA GOLD,former,2006-01-09,2017-10-03,,4
5335,MUNDO MINERALS LIMITED,MUNDO MINERALS,former,2006-01-09,2017-10-03,,4
5335,TITAN MINERALS LIMITED,TITAN MINERALS,legal,2017-10-04,,,4
5336,TITOMIC LIMITED,TITOMIC,legal,2026-08-18,,,4
5337,TETRATHERIX LIMITED,TETRATHERIX,legal,2025-06-27,,,4
5337,TRIMPH HOLDINGS PTY LIMITED,TRIMPH,former,2015-08-20,2025-06-26,,4
5338,TUAS LIMITED,TUAS,legal,2020-03-11,,,4
5339,AP VENTURES LIMITED,AP VENTURES,former,2016-05-23,2021-09-26,,4
5339,CHANGE UP HOLDINGS LIMITED,CHANGE UP,former,2016-05-23,2021-09-26,,4
5339,TOUCH VENTURES LIMITED,TOUCH VENTURES,legal,2021-09-27,,,4
5340,HALLMARK CONSOLIDATED LIMITED,HALLMARK CONSOLIDATED,former,1970-09-15,2023-01-20,,4
5340,HALLMARK GOLD NL,HALLMARK GOLD,former,1970-09-15,2023-01-20,,4
5340,LIGHTNING RIDGE MINING N L,LIGHTNING RIDGE MINING N L,former,1970-09-15,2023-01-20,,4
5340,SIRIUS CORPORATION N L,SIRIUS CORPORATION N L,former,1970-09-15,2023-01-20,,4
5340,TENNANT CREEK GOLD LIMITED,TENNANT CREEK GOLD,former,1970-09-15,2023-01-20,,4
5340,TIVAN LIMITED,TIVAN,legal,2023-01-21,,,4
5340,TNG LIMITED,TNG,former,1970-09-15,2023-01-20,,4
5341,TAMAWOOD LIMITED,TAMAWOOD,legal,1989-07-03,,,4
5342,BERINGER BLASS WINE ESTATES PTY LTD,BERINGER BLASS WINE ESTATES,former,1957-03-20,2011-05-09,,4
5342,EDINBURGH HOTEL LIMITED,EDINBURGH HOTEL,former,1957-03-20,2011-05-09,,4
5342,FBG INVESTMENTS PTY LTD,FBG INVESTMENTS,former,1957-03-20,2011-05-09,,4
5342,FOSTER'S WINE ESTATES PTY LTD,FOSTER S WINE ESTATES,former,1957-03-20,2011-05-09,,4
5342,THE FOSTER BREWING CO. PTY. LTD.,THE FOSTER BREWING CO,former,1957-03-20,2011-05-09,,4
5342,TREASURY WINE ESTATES LIMITED,TREASURY WINE ESTATES,legal,2011-05-10,,,4
5343,TRADE WINDOW HOLDINGS LIMITED,TRADE WINDOW,legal,2025-10-31,,,4
5344,TOWER LIMITED,TOWER,legal,2021-01-07,,,4
5345,DALRADIAN MINING N.L.,DALRADIAN MINING N L,former,1983-06-03,2026-01-01,,4
5345,MOUNT BURGESS GOLD MINING COMPANY N.L.,MOUNT BURGESS GOLD MINING COMPANY N L,former,1983-06-03,2026-01-01,,4
5345,MOUNT BURGESS MINING N.L.,MOUNT BURGESS MINING N L,former,1983-06-03,2026-01-01,,4
5345,TALONX RESOURCES LIMITED,TALONX RESOURCES,legal,2026-01-02,,,4
5346,MONEYSWITCH LIMITED,MONEYSWITCH,former,2003-02-03,2019-12-04,,4
5346,TYRO PAYMENTS LIMITED,TYRO PAYMENTS,legal,2019-12-05,,,4
5347,IRONCLAD MINING LIMITED,IRONCLAD MINING,former,2007-04-19,2015-07-28,,4
5347,TYRANNA RESOURCES LIMITED,TYRANNA RESOURCES,legal,2015-07-29,,,4
5348,CED AUSTRALASIA LIMITED,CED AUSTRALASIA,former,1996-05-14,2004-01-08,,4
5348,CENDANT AUSTRALASIA LIMITED,CENDANT AUSTRALASIA,former,1996-05-14,2004-01-08,,4
5348,CUC AUSTRALASIA LIMITED,CUC AUSTRALASIA,former,1996-05-14,2004-01-08,,4
5348,TZ LIMITED,TZ,legal,2004-01-09,,,4
5349,PLAYFORD RESOURCES N.L.,PLAYFORD RESOURCES N L,former,1993-12-24,2003-12-21,,4
5349,TERRAMIN (AUSTRALIA) N.L.,TERRAMIN AUSTRALIA N L,former,1993-12-24,2003-12-21,,4
5349,TERRAMIN AUSTRALIA LIMITED,TERRAMIN AUSTRALIA,legal,2003-12-22,,,4
5350,"UNIVERSAL BIOSENSORS, INC.",UNIVERSAL BIOSENSORS,legal,2006-09-04,,,4
5351,MAJITEK PTY LTD,MAJITEK,former,2001-02-01,2014-09-17,,4
5351,MYRETSU PTY LTD,MYRETSU,former,2001-02-01,2014-09-17,,4
5351,URBANISE.COM LIMITED,URBANISE COM,legal,2014-09-18,,,4
5352,USCOM LIMITED,USCOM,legal,1999-12-23,,,4
5353,UNITY METALS LIMITED,UNITY METALS,legal,2024-07-02,,,4
5354,UNIVERSAL STORE HOLDINGS LIMITED,UNIVERSAL STORE,legal,2020-11-16,,,4
5354,US HOLDINGS PTY LTD,US,former,2018-09-17,2020-11-15,,4
5355,CROWD MEDIA HOLDINGS LIMITED,CROWD MEDIA,former,1998-06-26,2022-11-29,,4
5355,CROWD MOBILE LIMITED,CROWD MOBILE,former,1998-06-26,2022-11-29,,4
5355,JUMBUCK CORPORATION LIMITED,JUMBUCK CORPORATION,former,1998-06-26,2022-11-29,,4
5355,Q LIMITED,Q,former,1998-06-26,2022-11-29,,4
5355,Q MULTIMEDIUM LIMITED,Q MULTIMEDIUM,former,1998-06-26,2022-11-29,,4
5355,ROMGLOW PTY LTD,ROMGLOW,former,1998-06-26,2022-11-29,,4
5355,UNITH LTD,UNITH,legal,2022-11-30,,,4
5356,UNITED OVERSEAS AUSTRALIA LTD,UNITED OVERSEAS AUSTRALIA,legal,1997-03-14,,,4
5356,UNITED OVERSEAS SECURITIES LTD,UNITED OVERSEAS SECURITIES,former,1987-06-17,1997-03-13,,4
5357,US MASTERS RESIDENTIAL PROPERTY FUND,US MASTERS RESIDENTIAL PROPERTY FUND,legal,2026-08-18,,,4
5358,GLADIATOR RESOURCES LIMITED,GLADIATOR RESOURCES,former,2002-06-19,2025-11-19,,4
5358,US1 CRITICAL MINERALS LIMITED,US1 CRITICAL MINERALS,legal,2025-11-20,,,4
5358,VOSPERTON RESOURCES PTY LTD,VOSPERTON RESOURCES,former,2002-06-19,2025-11-19,,4
5359,BALLARAT SOUTH GOLD LIMITED,BALLARAT SOUTH GOLD,former,2005-10-26,2023-02-27,,4
5359,E2 METALS LIMITED,E2 METALS,former,2005-10-26,2023-02-27,,4
5359,GRABON LTD.,GRABON,former,2005-10-26,2023-02-27,,4
5359,NATIONAL ENERGY HOLDINGS LIMITED,NATIONAL ENERGY,former,2005-10-26,2023-02-27,,4
5359,UNICO SILVER LIMITED,UNICO SILVER,legal,2023-02-28,,,4
5360,PROMESA LTD,PROMESA,former,2007-03-22,2026-03-18,,4
5360,PVW RESOURCES LIMITED,PVW RESOURCES,former,2007-03-22,2026-03-18,,4
5360,THRED LIMITED,THRED,former,2007-03-22,2026-03-18,,4
5360,UNION STAR METALS LTD,UNION STAR METALS,legal,2026-03-19,,,4
5361,HYGROVEST LIMITED,HYGROVEST,former,2014-08-14,2024-12-04,,4
5361,MMJ GROUP HOLDINGS LIMITED,MMJ GROUP,former,2014-08-14,2024-12-04,,4
5361,MMJ PHYTOTECH LIMITED,MMJ PHYTOTECH,former,2014-08-14,2024-12-04,,4
5361,PHYTOTECH MEDICAL LIMITED,PHYTOTECH MEDICAL,former,2014-08-14,2024-12-04,,4
5361,UNDERWOOD CAPITAL LIMITED,UNDERWOOD CAPITAL,legal,2024-12-05,,,4
5362,VALIANT GOLD LIMITED,VALIANT GOLD,legal,2025-10-14,,,4
5363,BELARAROX LIMITED,BELARAROX,former,2021-04-16,2026-07-09,,4
5363,VANTAGE METALS LIMITED,VANTAGE METALS,legal,2026-07-10,,,4
5364,GREENSTONE RESOURCES NL,GREENSTONE RESOURCES,former,1995-03-20,2024-09-24,,4
5364,RED 5 LIMITED,RED 5,former,1995-03-20,2024-09-24,,4
5364,VAULT MINERALS LIMITED,VAULT MINERALS,legal,2024-09-25,,,4
5365,LOGICAMMS LIMITED,LOGICAMMS,former,2007-10-08,2020-12-02,,4
5365,VERBREC LIMITED,VERBREC,legal,2020-12-03,,,4
5366,VECTUS BIOSYSTEMS LIMITED,VECTUS BIOSYSTEMS,legal,2005-12-12,,,4
5367,VALPERLON BULK COMMODITIES PTY LTD,VALPERLON BULK COMMODITIES,former,2013-04-09,2025-06-12,,4
5367,VBX LIMITED,VBX,legal,2025-06-13,,,4
5368,VICINITY CENTRES,VICINITY CENTRES,legal,2026-08-18,,,4
5369,VIVA ENERGY GROUP LIMITED,VIVA ENERGY GROUP,legal,2018-06-07,,,4
5370,VEEM LTD,VEEM,legal,2026-08-18,,,4
5371,VINTAGE ENERGY LTD,VINTAGE ENERGY,legal,2015-11-09,,,4
5372,1ST AVAILABLE LTD,1ST AVAILABLE,former,2009-08-17,2023-10-25,,4
5372,1ST GROUP LIMITED,1ST GROUP,former,2009-08-17,2023-10-25,,4
5372,ITS AN EMERGENCY LTD,ITS AN EMERGENCY,former,2009-08-17,2023-10-25,,4
5372,VISIONFLEX GROUP LIMITED,VISIONFLEX GROUP,legal,2023-10-26,,,4
5373,CRYOGENICS HOLDINGS PTY LTD,CRYOGENICS,former,2017-11-08,2024-11-21,,4
5373,MAWHERA SERVICES PTY LTD,MAWHERA SERVICES,former,2017-11-08,2024-11-21,,4
5373,VITRAFY LIFE SCIENCES LIMITED,VITRAFY LIFE SCIENCES,legal,2024-11-22,,,4
5374,VISTA GROUP INTERNATIONAL LIMITED,VISTA GROUP INTERNATIONAL,legal,2014-06-30,,,4
5375,VIRGIN AUSTRALIA HOLDINGS LIMITED,VIRGIN AUSTRALIA,legal,2025-06-23,,,4
5375,VIRGIN BLUE HOLDINGS LIMITED,VIRGIN BLUE,former,2002-05-27,2025-06-22,,4
5376,ISONEA LIMITED,ISONEA,former,1987-05-07,2025-04-21,,4
5376,KARMELSONIX LTD,KARMELSONIX,former,1987-05-07,2025-04-21,,4
5376,Q-VIS LIMITED,Q VIS,former,1987-05-07,2025-04-21,,4
5376,RESPIRI LIMITED,RESPIRI,former,1987-05-07,2025-04-21,,4
5376,SALUS TECHNOLOGIES LTD,SALUS TECHNOLOGIES,former,1987-05-07,2025-04-21,,4
5376,TELCO MEDICAL TECHNOLOGIES LIMITED,TELCO MEDICAL TECHNOLOGIES,former,1987-05-07,2025-04-21,,4
5376,THE EXCIMER LASER COMPANY PTY LTD,THE EXCIMER LASER COMPANY,former,1987-05-07,2025-04-21,,4
5376,VITASORA HEALTH LIMITED,VITASORA HEALTH,legal,2025-04-22,,,4
5377,VHM EXPLORATION PTY LTD,VHM EXPLORATION,former,2014-07-31,2023-01-04,,4
5377,VHM LIMITED,VHM,legal,2023-01-05,,,4
5378,VICTOR GROUP HOLDINGS LIMITED,VICTOR GROUP,legal,2013-09-11,,,4
5379,CRONOS AUSTRALIA LIMITED,CRONOS AUSTRALIA,former,2018-09-27,2023-02-05,,4
5379,VITURA HEALTH LIMITED,VITURA HEALTH,legal,2023-02-06,,,4
5380,VIKING ASHANTI LIMITED,VIKING ASHANTI,former,2007-06-27,2014-05-14,,4
5380,VIKING METALS PTY LTD,VIKING METALS,former,2007-06-27,2014-05-14,,4
5380,VIKING MINES LIMITED,VIKING MINES,legal,2014-05-15,,,4
5381,DAYLORE PROPERTIES LTD,DAYLORE PROPERTIES,former,1986-11-05,2007-08-20,,4
5381,MACARTHUR NATIONAL LTD,MACARTHUR NATIONAL,former,1986-11-05,2007-08-20,,4
5381,VITA LIFE SCIENCES LIMITED,VITA LIFE SCIENCES,legal,2007-08-21,,,4
5382,VENUS METALS CORPORATION LIMITED,VENUS METALS CORPORATION,legal,2010-05-04,,,4
5382,VENUS RESOURCES LIMITED,VENUS RESOURCES,former,2006-12-22,2010-05-03,,4
5383,VITAL METALS LTD,VITAL METALS,legal,2004-12-09,,,4
5384,AUS ASIA MINERALS LIMITED,AUS ASIA MINERALS,former,2006-09-28,2022-01-19,,4
5384,COAL FE RESOURCES LIMITED,COAL FE RESOURCES,former,2006-09-28,2022-01-19,,4
5384,VIRIDIS MINING AND MINERALS LIMITED,VIRIDIS MINING AND MINERALS,legal,2022-01-20,,,4
5385,ASTRO DIAMOND MINES N.L.,ASTRO DIAMOND MINES N L,former,1988-10-18,2025-09-11,,4
5385,ASTRO MINING N.L.,ASTRO MINING N L,former,1988-10-18,2025-09-11,,4
5385,ASTRO RESOURCES NL,ASTRO RESOURCES,former,1988-10-18,2025-09-11,,4
5385,ASTUTE METALS NL,ASTUTE METALS,former,1988-10-18,2025-09-11,,4
5385,VENARI MINERALS NL,VENARI MINERALS,legal,2025-09-12,,,4
5386,OPTIMA CORPORATION LIMITED,OPTIMA CORPORATION,former,2001-10-16,2007-04-18,,4
5386,VMOTO LIMITED,VMOTO,legal,2007-04-19,,,4
5387,JAXSTA LTD,JAXSTA,former,2003-09-30,2023-11-28,,4
5387,MOBILARM LIMITED,MOBILARM,former,2003-09-30,2023-11-28,,4
5387,VINYL GROUP LTD,VINYL GROUP,legal,2023-11-29,,,4
5388,LS HOLDCO PTY LTD,LS HOLDCO,former,2014-12-08,2021-11-17,,4
5388,VENTIA SERVICES GROUP LIMITED,VENTIA SERVICES GROUP,legal,2021-11-18,,,4
5389,ABADOR GOLD LIMITED,ABADOR GOLD,former,1989-10-04,2024-06-04,,4
5389,ABADOR GOLD N.L.,ABADOR GOLD N L,former,1989-10-04,2024-06-04,,4
5389,ENERJI LTD,ENERJI,former,1989-10-04,2024-06-04,,4
5389,EURAUST LTD,EURAUST,former,1989-10-04,2024-06-04,,4
5389,MY CASINO LIMITED,MY CASINO,former,1989-10-04,2024-06-04,,4
5389,NORWOOD SYSTEMS LTD,NORWOOD SYSTEMS,former,1989-10-04,2024-06-04,,4
5389,TANJUNG RESOURCES NL,TANJUNG RESOURCES,former,1989-10-04,2024-06-04,,4
5389,VOLT GROUP LIMITED,VOLT GROUP,legal,2024-06-05,,,4
5389,VOLT POWER GROUP LIMITED,VOLT POWER GROUP,former,1989-10-04,2024-06-04,,4
5390,SERVTECH GLOBAL HOLDINGS LTD,SERVTECH GLOBAL,former,2016-09-14,2019-11-24,,4
5390,VECTION TECHNOLOGIES LTD,VECTION TECHNOLOGIES,legal,2019-11-25,,,4
5391,TANDO RESOURCES LIMITED,TANDO RESOURCES,former,2017-03-31,2019-07-25,,4
5391,VANADIUM RESOURCES LIMITED,VANADIUM RESOURCES,legal,2019-07-26,,,4
5392,MOZAMBI COAL LIMITED,MOZAMBI COAL,former,2003-09-17,2016-11-02,,4
5392,MOZAMBI RESOURCES LTD,MOZAMBI RESOURCES,former,2003-09-17,2016-11-02,,4
5392,RITRACT LIMITED,RITRACT,former,2003-09-17,2016-11-02,,4
5392,RTL CORPORATION LIMITED,RTL CORPORATION,former,2003-09-17,2016-11-02,,4
5392,VOLT RESOURCES LIMITED,VOLT RESOURCES,legal,2016-11-03,,,4
5393,BOTSWANA METALS LIMITED,BOTSWANA METALS,former,2007-01-19,2024-11-26,,4
5393,SI6 METALS LIMITED,SI6 METALS,former,2007-01-19,2024-11-26,,4
5393,SIX SIGMA METALS LIMITED,SIX SIGMA METALS,former,2007-01-19,2024-11-26,,4
5393,VERITY RESOURCES LIMITED,VERITY RESOURCES,legal,2024-11-27,,,4
5394,EMERSON STEWART GROUP LTD,EMERSON STEWART GROUP,former,2006-12-01,2016-11-22,,4
5394,HOWARD CAPITAL GROUP LTD,HOWARD CAPITAL GROUP,former,2006-12-01,2016-11-22,,4
5394,OTOC LIMITED,OTOC,former,2006-12-01,2016-11-22,,4
5394,VERIS LIMITED,VERIS,legal,2016-11-23,,,4
5395,VENTNOR COPPER LTD,VENTNOR COPPER,former,2010-02-12,2018-12-02,,4
5395,VENTNOR RESOURCES LTD,VENTNOR RESOURCES,former,2010-02-12,2018-12-02,,4
5395,VRX SILICA LIMITED,VRX SILICA,legal,2018-12-03,,,4
5396,VULCAN STEEL LIMITED,VULCAN STEEL,legal,2021-08-20,,,4
5397,EON NRG LIMITED,EON NRG,former,2009-07-07,2022-07-12,,4
5397,INCREMENTAL OIL AND GAS LIMITED,INCREMENTAL OIL AND GAS,former,2009-07-07,2022-07-12,,4
5397,VOLTAIC STRATEGIC RESOURCES LTD,VOLTAIC STRATEGIC RESOURCES,legal,2022-07-13,,,4
5398,BASTION MINERALS LIMITED,BASTION MINERALS,former,2010-12-20,2026-01-26,,4
5398,COMET EXPLORATION LIMITED,COMET EXPLORATION,former,2010-12-20,2026-01-26,,4
5398,VITA RESOURCES NL,VITA RESOURCES,legal,2026-01-27,,,4
5399,EVERY DAY MINE SERVICES LIMITED,EVERY DAY MINE SERVICES,former,2007-03-06,2022-11-16,,4
5399,HUGHES DRILLING LIMITED,HUGHES DRILLING,former,2007-03-06,2022-11-16,,4
5399,VICTORY GOLDFIELDS LIMITED,VICTORY GOLDFIELDS,former,2007-03-06,2022-11-16,,4
5399,VICTORY METALS LIMITED,VICTORY METALS,legal,2022-11-17,,,4
5400,VERTEX MINERALS LIMITED,VERTEX MINERALS,legal,2021-06-01,,,4
5401,KOPPAR RESOURCES LIMITED,KOPPAR RESOURCES,former,2018-02-05,2019-11-18,,4
5401,VULCAN ENERGY RESOURCES LIMITED,VULCAN ENERGY RESOURCES,legal,2019-11-19,,,4
5402,VIVA LEISURE LIMITED,VIVA LEISURE,legal,2015-07-15,,,4
5403,MACQUARIE HARBOUR MINING LIMITED,MACQUARIE HARBOUR MINING,former,2007-03-01,2025-11-18,,4
5403,MACQUARIE MINING LIMITED,MACQUARIE MINING,former,2007-03-01,2025-11-18,,4
5403,MHM METALS LIMITED,MHM METALS,former,2007-03-01,2025-11-18,,4
5403,VYSARN LIMITED,VYSARN,legal,2025-11-19,,,4
5404,WAY 2 VAT LTD,WAY 2 VAT,legal,2020-02-05,,,4
5405,WA1 RESOURCES LTD,WA1 RESOURCES,legal,2021-01-02,,,4
5406,WAM ACTIVE LIMITED,WAM ACTIVE,legal,2008-01-10,,,4
5406,WAM EDGE LIMITED,WAM EDGE,former,2007-07-06,2008-01-09,,4
5406,WAM HEDGE LIMITED,WAM HEDGE,former,2007-07-06,2008-01-09,,4
5407,WEST AFRICAN RESOURCES LTD,WEST AFRICAN RESOURCES,legal,2010-06-10,,,4
5407,WURA RESOURCES PTY LTD,WURA RESOURCES,former,2006-09-01,2010-06-09,,4
5408,THE AUSTRALIAN WEALTH ADVISORS GROUP LIMITED,THE AUSTRALIAN WEALTH ADVISORS GROUP,legal,2021-09-13,,,4
5409,TRU-BLUE RESOURCES PTY LTD,TRU BLUE RESOURCES,former,1998-06-29,2026-08-11,,4
5409,W.A. KAOLIN HOLDINGS PTY LTD,W A KAOLIN,former,1998-06-29,2026-08-11,,4
5409,WA KAOLIN LIMITED,WA KAOLIN,legal,2026-08-12,,,4
5410,WAM CAPITAL LIMITED,WAM CAPITAL,legal,1999-08-06,,,4
5410,WILSON EQUITY FUND LIMITED,WILSON EQUITY FUND,former,1999-03-08,1999-08-05,,4
5411,WAM STRATEGIC VALUE LIMITED,WAM STRATEGIC VALUE,legal,2021-03-30,,,4
5412,DRONACO PTY LTD,DRONACO,former,1981-01-30,1997-02-25,,4
5412,WATERCO LIMITED,WATERCO,legal,1997-02-26,,,4
5413,BMG RESOURCES LIMITED,BMG RESOURCES,former,2003-11-20,2026-04-15,,4
5413,BRAZILIAN METALS GROUP LIMITED,BRAZILIAN METALS GROUP,former,2003-11-20,2026-04-15,,4
5413,LEFROY RESOURCES LIMITED,LEFROY RESOURCES,former,2003-11-20,2026-04-15,,4
5413,WA GOLD LIMITED,WA GOLD,legal,2026-04-16,,,4
5414,WAM RESEARCH LIMITED,WAM RESEARCH,legal,2010-12-01,,,4
5414,WILSON INVESTMENT FUND LIMITED,WILSON INVESTMENT FUND,former,2002-05-10,2010-11-30,,4
5415,BANK OF NEW SOUTH WALES,BANK OF NEW SOUTH WALES,former,1817-04-08,2002-08-22,,4
5415,WESTPAC BANKING CORPORATION,WESTPAC BANKING CORPORATION,legal,2002-08-23,,,4
5416,RADAR IRON LTD,RADAR IRON,former,2010-09-21,2016-07-21,,4
5416,WEEBIT NANO LTD,WEEBIT NANO,legal,2016-07-22,,,4
5417,WEST COBAR METALS LIMITED,WEST COBAR METALS,legal,2021-05-06,,,4
5418,AAQ HOLDINGS LIMITED,AAQ,former,2001-09-21,2020-07-08,,4
5418,AUSTRALIS AQUACULTURE LTD,AUSTRALIS AQUACULTURE,former,2001-09-21,2020-07-08,,4
5418,FRASER RANGE METALS GOUP LTD,FRASER RANGE METALS GOUP,former,2001-09-21,2020-07-08,,4
5418,FRASER RANGE METALS GROUP LTD,FRASER RANGE METALS GROUP,former,2001-09-21,2020-07-08,,4
5418,WILDCAT RESOURCES LIMITED,WILDCAT RESOURCES,legal,2020-07-09,,,4
5418,WSB HOLDINGS PTY LTD,WSB,former,2001-09-21,2020-07-08,,4
5419,ERRAWARRA RESOURCES LTD,ERRAWARRA RESOURCES,former,2012-02-02,2025-05-19,,4
5419,WEST COAST SILVER LIMITED,WEST COAST SILVER,legal,2025-05-20,,,4
5420,WHITE CLIFF MINERALS LIMITED,WHITE CLIFF MINERALS,legal,2011-11-30,,,4
5420,WHITE CLIFF NICKEL LIMITED,WHITE CLIFF NICKEL,former,2007-07-02,2011-11-29,,4
5421,NORLEN EXPLORATION NO LIABILITY,NORLEN EXPLORATION NO LIABILITY,former,1971-08-17,2022-05-18,,4
5421,WOODSIDE ENERGY GROUP LTD,WOODSIDE ENERGY GROUP,legal,2022-05-19,,,4
5421,WOODSIDE PETROLEUM LTD.,WOODSIDE PETROLEUM,former,1971-08-17,2022-05-18,,4
5421,WOODSIDE-BURMAH OIL NO LIABILITY,WOODSIDE BURMAH OIL NO LIABILITY,former,1971-08-17,2022-05-18,,4
5422,ROPER RIVER GOLD LIMITED,ROPER RIVER GOLD,former,1980-10-13,2024-09-17,,4
5422,ROPER RIVER GOLD N.L.,ROPER RIVER GOLD N L,former,1980-10-13,2024-09-17,,4
5422,ROPER RIVER RESOURCES N.L.,ROPER RIVER RESOURCES N L,former,1980-10-13,2024-09-17,,4
5422,ROPER RIVER URANIUM LIMITED,ROPER RIVER URANIUM,former,1980-10-13,2024-09-17,,4
5422,WEB TRAVEL GROUP LIMITED,WEB TRAVEL GROUP,legal,2024-09-18,,,4
5422,WEBJET LIMITED,WEBJET,former,1980-10-13,2024-09-17,,4
5422,WEBJET N.L.,WEBJET N L,former,1980-10-13,2024-09-17,,4
5423,AMEROD RESOURCES LIMITED,AMEROD RESOURCES,former,1995-10-20,2006-06-27,,4
5423,SPIKE ASIA PACIFIC PTY LIMITED,SPIKE ASIA PACIFIC,former,1995-10-20,2006-06-27,,4
5423,SPIKE NETWORKS LIMITED,SPIKE NETWORKS,former,1995-10-20,2006-06-27,,4
5423,SPIKE WIRELESS PTY. LTD.,SPIKE WIRELESS,former,1995-10-20,2006-06-27,,4
5423,WHITE ENERGY COMPANY LIMITED,WHITE ENERGY COMPANY,legal,2006-06-28,,,4
5424,WINCHESTER ENERGY LIMITED,WINCHESTER ENERGY,legal,2014-03-17,,,4
5425,TATNAKI LIMITED,TATNAKI,former,1981-07-09,1997-03-05,,4
5425,WESFARMERS LIMITED,WESFARMERS,legal,1997-03-06,,,4
5426,WAM GLOBAL LIMITED,WAM GLOBAL,legal,2018-02-21,,,4
5427,WAGNERS HOLDING COMPANY LTD,WAGNERS HOLDING COMPANY,legal,2017-11-02,,,4
5428,AUREUS GOLD LIMITED,AUREUS GOLD,former,2009-09-24,2021-07-20,,4
5428,TRIPLE EIGHT RESOURCES LIMITED,TRIPLE EIGHT RESOURCES,former,2009-09-24,2021-07-20,,4
5428,WESTERN GOLD RESOURCES LIMITED,WESTERN GOLD RESOURCES,legal,2021-07-21,,,4
5429,GOLD AND RESOURCE HOLDINGS N.L.,GOLD AND RESOURCE HOLDINGS N L,former,1987-07-27,2016-12-01,,4
5429,JENWOOD RESOURCES N.L.,JENWOOD RESOURCES N L,former,1987-07-27,2016-12-01,,4
5429,POVERTY GOLD N.L.,POVERTY GOLD N L,former,1987-07-27,2016-12-01,,4
5429,WESTGOLD RESOURCES LIMITED,WESTGOLD RESOURCES,legal,2016-12-02,,,4
5429,WESTGOLD RESOURCES N L,WESTGOLD RESOURCES N L,former,1987-07-27,2016-12-01,,4
5430,PECTEN CORPORATION LIMITED,PECTEN CORPORATION,former,2007-03-15,2013-03-04,,4
5430,WHITEHAVEN COAL LIMITED,WHITEHAVEN COAL,legal,2013-03-05,,,4
5431,WHITEFIELD INDUSTRIALS LIMITED,WHITEFIELD INDUSTRIALS,legal,2024-12-04,,,4
5431,WHITEFIELD LTD,WHITEFIELD,former,1923-03-21,2024-12-03,,4
5432,WHITEFIELD INCOME LIMITED,WHITEFIELD INCOME,legal,2022-04-11,,,4
5433,WHITEHAWK LIMITED,WHITEHAWK,legal,2017-07-14,,,4
5434,ARGENTINA MINING LIMITED,ARGENTINA MINING,former,2010-02-09,2021-11-25,,4
5434,TANGA RESOURCES LIMITED,TANGA RESOURCES,former,2010-02-09,2021-11-25,,4
5434,WIA GOLD LIMITED,WIA GOLD,legal,2021-11-26,,,4
5435,WIDGIE NICKEL LIMITED,WIDGIE NICKEL,former,2021-03-15,2024-06-30,,4
5435,WIN METALS LTD,WIN METALS,legal,2024-07-01,,,4
5436,WEBJET GROUP LIMITED,WEBJET GROUP,legal,2024-07-15,,,4
5437,WAM LEADERS LIMITED,WAM LEADERS,legal,2016-03-01,,,4
5438,BLUE SKY ALTERNATIVES ACCESS FUND LIMITED,BLUE SKY ALTERNATIVES ACCESS FUND,former,2014-04-04,2021-06-24,,4
5438,WAM ALTERNATIVE ASSETS LIMITED,WAM ALTERNATIVE ASSETS,legal,2021-06-25,,,4
5439,U92 PTY LTD,U92,former,2020-05-06,2021-07-19,,4
5439,WESTERN MINES GROUP LTD,WESTERN MINES GROUP,legal,2021-07-20,,,4
5440,WAM MICROCAP LIMITED,WAM MICROCAP,legal,2017-03-08,,,4
5441,WAM INCOME MAXIMISER LIMITED,WAM INCOME MAXIMISER,legal,2025-01-17,,,4
5442,BIRON APPAREL LIMITED,BIRON APPAREL,former,1984-03-01,2016-02-04,,4
5442,BIRON CAPITAL LIMITED,BIRON CAPITAL,former,1984-03-01,2016-02-04,,4
5442,BIRON CORPORATION LIMITED,BIRON CORPORATION,former,1984-03-01,2016-02-04,,4
5442,COMPUTER VENTURE CAPITAL LTD,COMPUTER VENTURE CAPITAL,former,1984-03-01,2016-02-04,,4
5442,EQUITY FINANCE LIMITED,EQUITY FINANCE,former,1984-03-01,2016-02-04,,4
5442,WINGARA AG LTD,WINGARA AG,legal,2016-02-05,,,4
5443,SAFE HEALTH AUSTRALIA PTY LTD,SAFE HEALTH AUSTRALIA,former,2011-05-06,2021-05-31,,4
5443,WATTLE HEALTH AUSTRALIA LIMITED,WATTLE HEALTH AUSTRALIA,former,2011-05-06,2021-05-31,,4
5443,WELLNEX LIFE LIMITED,WELLNEX LIFE,legal,2021-06-01,,,4
5444,WIDE OPEN AGRICULTURE LTD,WIDE OPEN AGRICULTURE,legal,2015-03-23,,,4
5445,WORLEY GROUP LIMITED,WORLEY GROUP,former,2001-03-02,2019-10-22,,4
5445,WORLEY LIMITED,WORLEY,legal,2019-10-23,,,4
5445,WORLEYPARSONS LIMITED,WORLEYPARSONS,former,2001-03-02,2019-10-22,,4
5445,ZILVO LIMITED,ZILVO,former,2001-03-02,2019-10-22,,4
5446,OSTOW LIMITED,OSTOW,legal,2023-11-02,2026-08-18,,4
5446,WOTSO,WOTSO,legal,2026-08-18,,,4
5446,WOTSO LIMITED,WOTSO,former,2019-10-09,2023-11-01,,4
5447,WOOLWORTHS GROUP LIMITED,WOOLWORTHS GROUP,legal,2017-12-07,,,4
5447,WOOLWORTHS LTD,WOOLWORTHS,former,1924-09-22,2017-12-06,,4
5448,VIVA ENERGY REIT LIMITED,VIVA ENERGY REIT,former,2016-06-14,2020-05-13,,4
5448,WAYPOINT REIT LIMITED,WAYPOINT REIT,legal,2020-05-14,,,4
5449,CONTANGO GLOBAL GROWTH LIMITED,CONTANGO GLOBAL GROWTH,former,2017-02-09,2018-06-25,,4
5449,WCM GLOBAL GROWTH LIMITED,WCM GLOBAL GROWTH,legal,2018-06-26,,,4
5450,INTEGRATED PAYMENT TECHNOLOGIES LIMITED,INTEGRATED PAYMENT TECHNOLOGIES,former,2016-03-09,2021-11-24,,4
5450,WRKR LTD,WRKR,legal,2021-11-25,,,4
5451,SUMMIT MINERALS LIMITED,SUMMIT MINERALS,former,2021-11-17,2026-02-26,,4
5451,WESTERN RIDGE RESOURCES LIMITED,WESTERN RIDGE RESOURCES,legal,2026-02-27,,,4
5452,ANTARES MINING LIMITED,ANTARES MINING,former,2006-03-30,2016-06-27,,4
5452,CARAVEL ENERGY LIMITED,CARAVEL ENERGY,former,2006-03-30,2016-06-27,,4
5452,COPPER RANGE LIMITED,COPPER RANGE,former,2006-03-30,2016-06-27,,4
5452,WESTSTAR INDUSTRIAL LIMITED,WESTSTAR INDUSTRIAL,legal,2016-06-28,,,4
5453,WESTAR RESOURCES GROUP LIMITED,WESTAR RESOURCES GROUP,former,2019-08-30,2020-12-15,,4
5453,WESTAR RESOURCES LIMITED,WESTAR RESOURCES,legal,2020-12-16,,,4
5454,CARGOWISE EDI PTY LTD,CARGOWISE EDI,former,1994-08-02,2016-04-10,,4
5454,CARGOWISE PTY LTD,CARGOWISE,former,1994-08-02,2016-04-10,,4
5454,EAGLE DATAMATION INTERNATIONAL PTY LIMITED,EAGLE DATAMATION INTERNATIONAL,former,1994-08-02,2016-04-10,,4
5454,EAGLE DEVELOPMENTS INTERNATIONAL PTY LIMITED,EAGLE DEVELOPMENTS INTERNATIONAL,former,1994-08-02,2016-04-10,,4
5454,SERVCOM PTY LIMITED,SERVCOM,former,1994-08-02,2016-04-10,,4
5454,WISETECH GLOBAL LIMITED,WISETECH GLOBAL,legal,2016-04-11,,,4
5454,WISETECHGLOBAL PTY LTD,WISETECHGLOBAL,former,1994-08-02,2016-04-10,,4
5455,SPRING FG LIMITED,SPRING FG,former,2014-04-10,2019-11-11,,4
5455,WT FINANCIAL GROUP LIMITED,WT FINANCIAL GROUP,legal,2019-11-12,,,4
5456,BATTERY MINERALS LIMITED,BATTERY MINERALS,former,2011-07-13,2023-12-28,,4
5456,METALS OF AFRICA LIMITED,METALS OF AFRICA,former,2011-07-13,2023-12-28,,4
5456,RIO MAZOWE LIMITED,RIO MAZOWE,former,2011-07-13,2023-12-28,,4
5456,WARATAH MINERALS LIMITED,WARATAH MINERALS,legal,2023-12-29,,,4
5457,WINTON LAND LIMITED,WINTON LAND,legal,2021-11-25,,,4
5458,WISEWAY GROUP LIMITED,WISEWAY GROUP,legal,2018-03-16,,,4
5459,KGOSI MINING LIMITED,KGOSI MINING,former,2007-04-13,2007-12-17,,4
5459,KGOSI PTY LTD,KGOSI,former,2007-04-13,2007-12-17,,4
5459,WEST WITS MINING LIMITED,WEST WITS MINING,legal,2007-12-18,,,4
5460,IRON MOUNTAIN MINING LIMITED,IRON MOUNTAIN MINING,former,2005-02-14,2022-07-04,,4
5460,PACIFIC BAUXITE LIMITED,PACIFIC BAUXITE,former,2005-02-14,2022-07-04,,4
5460,WESTERN YILGARN NL,WESTERN YILGARN,legal,2022-07-05,,,4
5461,BASPER LTD,BASPER,former,1966-05-02,2018-03-07,,4
5461,BERKLEE LIMITED,BERKLEE,former,1966-05-02,2018-03-07,,4
5461,BERKLEE PRODUCTS PROPRIETARY LIMITED,BERKLEE PRODUCTS,former,1966-05-02,2018-03-07,,4
5461,DIRECTMONEY LIMITED,DIRECTMONEY,former,1966-05-02,2018-03-07,,4
5461,WISR LIMITED,WISR,legal,2018-03-08,,,4
5462,FS IOT HOLDINGS PTY LTD,FS IOT,former,2019-12-09,2021-09-19,,4
5462,X2M CONNECT LIMITED,X2M CONNECT,legal,2021-09-20,,,4
5463,AUGEND LTD,AUGEND,former,2011-03-28,2026-03-12,,4
5463,AUMAKE INTERNATIONAL LIMITED,AUMAKE INTERNATIONAL,former,2011-03-28,2026-03-12,,4
5463,AUMAKE LIMITED,AUMAKE,former,2011-03-28,2026-03-12,,4
5463,TITAN ENERGY SERVICES LIMITED,TITAN ENERGY SERVICES,former,2011-03-28,2026-03-12,,4
5463,XENITRA LIMITED,XENITRA,legal,2026-03-13,,,4
5464,KING SOLOMON MINES LIMITED,KING SOLOMON MINES,former,2006-12-20,2017-09-20,,4
5464,XREF LIMITED,XREF,legal,2017-09-21,,,4
5465,NETCCENTRIC LIMITED,NETCCENTRIC,former,2015-05-19,2023-08-16,,4
5465,XAMBLE GROUP LIMITED,XAMBLE GROUP,legal,2023-08-17,,,4
5466,LAFAYETTE MINING LIMITED,LAFAYETTE MINING,former,1996-11-15,2025-12-03,,4
5466,THE CARAJAS COPPER COMPANY LIMITED,THE CARAJAS COPPER COMPANY,former,1996-11-15,2025-12-03,,4
5466,THUNDERBIRD RESOURCES LIMITED,THUNDERBIRD RESOURCES,former,1996-11-15,2025-12-03,,4
5466,VALOR RESOURCES LIMITED,VALOR RESOURCES,former,1996-11-15,2025-12-03,,4
5466,VOYAGER RESOURCES LIMITED,VOYAGER RESOURCES,former,1996-11-15,2025-12-03,,4
5466,XPEDRA RESOURCES LIMITED,XPEDRA RESOURCES,legal,2025-12-04,,,4
5467,XPON TECHNOLOGIES GROUP LIMITED,XPON TECHNOLOGIES GROUP,legal,2021-12-15,,,4
5467,XPONENTIAL TECHNOLOGIES LIMITED,XPONENTIAL TECHNOLOGIES,former,2019-08-27,2021-12-14,,4
5468,TODD RIVER RESOURCES LIMITED,TODD RIVER RESOURCES,former,2014-06-24,2025-09-17,,4
5468,TRINEX MINERALS LIMITED,TRINEX MINERALS,former,2014-06-24,2025-09-17,,4
5468,XENORA MINERALS LTD,XENORA MINERALS,legal,2025-09-18,,,4
5469,XRF SCIENTIFIC LIMITED,XRF SCIENTIFIC,legal,2004-02-09,,,4
5470,INDOOR SKYDIVE AUSTRALIA GROUP LIMITED,INDOOR SKYDIVE AUSTRALIA GROUP,former,2011-11-04,2021-12-02,,4
5470,XREALITY GROUP LTD,XREALITY GROUP,legal,2021-12-03,,,4
5471,XERO LIMITED,XERO,legal,2012-11-23,,,4
5472,CRYSTAL MINING LTD,CRYSTAL MINING,former,1987-02-09,2006-09-12,,4
5472,KARONIE GOLD N.L.,KARONIE GOLD N L,former,1987-02-09,2006-09-12,,4
5472,ORIENTAL CRYSTAL (INTERNATIONAL) LIMITED,ORIENTAL CRYSTAL INTERNATIONAL,former,1987-02-09,2006-09-12,,4
5472,XSTATE RESOURCES LIMITED,XSTATE RESOURCES,legal,2006-09-13,,,4
5473,"BLOCK, INC.",BLOCK,legal,2022-02-24,,,4
5473,"SQUARE, INC.",SQUARE,former,2021-12-13,2022-02-23,,4
5474,YANCOAL AUSTRALIA LTD,YANCOAL AUSTRALIA,legal,2004-11-18,,,4
5475,AVERMORE LIMITED,AVERMORE,former,2006-03-01,2026-06-01,,4
5475,CONSOLIDATED ZINC LIMITED,CONSOLIDATED ZINC,former,2006-03-01,2026-06-01,,4
5475,NEWERA RESOURCES LIMITED,NEWERA RESOURCES,former,2006-03-01,2026-06-01,,4
5475,NEWERA URANIUM LIMITED,NEWERA URANIUM,former,2006-03-01,2026-06-01,,4
5475,SOUTHERN CROSS URANIUM LIMITED,SOUTHERN CROSS URANIUM,former,2006-03-01,2026-06-01,,4
5475,YARI MINERALS LIMITED,YARI MINERALS,former,2006-03-01,2026-06-01,,4
5475,YARI RESOURCES LTD,YARI RESOURCES,legal,2026-06-02,,,4
5476,SOUTHERN CROWN RESOURCES LTD,SOUTHERN CROWN RESOURCES,former,2010-04-30,2016-05-31,,4
5476,YOJEE LIMITED,YOJEE,legal,2016-06-01,,,4
5477,GLOBAL SEAFOOD AUSTRALIA LIMITED,GLOBAL SEAFOOD AUSTRALIA,former,1999-02-18,2012-12-20,,4
5477,GLOBAL SEAFOOD LIMITED,GLOBAL SEAFOOD,former,1999-02-18,2012-12-20,,4
5477,GSF CORPORATION LIMITED,GSF CORPORATION,former,1999-02-18,2012-12-20,,4
5477,YOWIE GROUP LTD,YOWIE GROUP,legal,2012-12-21,,,4
5478,OREX MINING PTY LTD,OREX MINING,former,2004-04-16,2018-12-11,,4
5478,YANDAL RESOURCES LIMITED,YANDAL RESOURCES,legal,2018-12-12,,,4
5479,LYKOS METALS LIMITED,LYKOS METALS,former,2021-05-06,2025-06-28,,4
5479,YUGO METALS LIMITED,YUGO METALS,legal,2025-06-29,,,4
5480,DAMPIER GOLD LTD,DAMPIER GOLD,former,2010-01-28,2026-04-23,,4
5480,ZULEIKA GOLD LIMITED,ZULEIKA GOLD,legal,2026-04-24,,,4
5481,LACONIA RESOURCES LIMITED,LACONIA RESOURCES,former,2009-06-29,2020-11-26,,4
5481,METALSEARCH LIMITED,METALSEARCH,former,2009-06-29,2020-11-26,,4
5481,ZEOTECH LIMITED,ZEOTECH,legal,2020-11-27,,,4
5482,ZEUS RESOURCES LIMITED,ZEUS RESOURCES,legal,2013-01-17,,,4
5482,ZEUS URANIUM LIMITED,ZEUS URANIUM,former,2009-10-06,2013-01-16,,4
5483,MYER REALTY LTD.,MYER REALTY,former,1970-07-24,2006-09-03,,4
5483,PAPUAN NICKEL EXPLORATION N.L.,PAPUAN NICKEL EXPLORATION N L,former,1970-07-24,2006-09-03,,4
5483,QUOKKA INVESTMENTS LIMITED,QUOKKA INVESTMENTS,former,1970-07-24,2006-09-03,,4
5483,ZICOM AUSTRALIA LIMITED,ZICOM AUSTRALIA,former,1970-07-24,2006-09-03,,4
5483,ZICOM GROUP LIMITED,ZICOM GROUP,legal,2006-09-04,,,4
5484,ZIMBABWE PLATINUM MINES LIMITED,ZIMBABWE PLATINUM MINES,former,1998-07-20,2005-07-03,,4
5484,ZIMPLATS HOLDINGS LIMITED,ZIMPLATS,legal,2005-07-04,,,4
5485,RUBIANNA RESOURCES LIMITED,RUBIANNA RESOURCES,former,2009-09-18,2017-12-06,,4
5485,ZIP CO LIMITED,ZIP CO,legal,2017-12-07,,,4
5485,ZIPMONEY LTD,ZIPMONEY,former,2009-09-18,2017-12-06,,4
5486,GLENEAGLE GOLD LIMITED,GLENEAGLE GOLD,former,2003-02-18,2019-11-28,,4
5486,ZELDA THERAPEUTICS LIMITED,ZELDA THERAPEUTICS,former,2003-02-18,2019-11-28,,4
5486,ZELIRA THERAPEUTICS LIMITED,ZELIRA THERAPEUTICS,legal,2019-11-29,,,4
5487,GLOBAL METALS EXPLORATION NL,GLOBAL METALS EXPLORATION,former,2007-02-26,2026-07-22,,4
5487,GLOBAL NICKEL INVESTMENTS LIMITED,GLOBAL NICKEL INVESTMENTS,former,2007-02-26,2026-07-22,,4
5487,ZINC OF IRELAND LIMITED,ZINC OF IRELAND,legal,2026-07-23,,,4
5488,QUANTIFY TECHNOLOGY HOLDINGS LIMITED,QUANTIFY TECHNOLOGY,former,2005-03-10,2021-04-21,,4
5488,WHL ENERGY LIMITED,WHL ENERGY,former,2005-03-10,2021-04-21,,4
5488,WIND HYDROGEN AUSTRALIA LIMITED,WIND HYDROGEN AUSTRALIA,former,2005-03-10,2021-04-21,,4
5488,WIND HYDROGEN LIMITED,WIND HYDROGEN,former,2005-03-10,2021-04-21,,4
5488,ZIMI LIMITED,ZIMI,legal,2021-04-22,,,4
5489,ZENITH MINERALS LIMITED,ZENITH MINERALS,legal,2010-12-10,,,4
5489,ZINC CO AUSTRALIA LIMITED,ZINC CO AUSTRALIA,former,2006-04-24,2010-12-09,,4
5490,DIVEVILLE PTY. LTD.,DIVEVILLE,former,1986-10-08,2017-04-20,,4
5490,GOLDSEARCH LTD.,GOLDSEARCH,former,1986-10-08,2017-04-20,,4
5490,GOLDSEARCH N.L.,GOLDSEARCH N L,former,1986-10-08,2017-04-20,,4
5490,ZOONO GROUP LIMITED,ZOONO GROUP,legal,2017-04-21,,,4
