entity_id,as_at,ticker,market_cap_aud,sector,listing_date,source_load_id
3661,2026-08-18,10X,5049000,Materials,2025-12-11,4
3662,2026-08-18,14D,36403280,Capital Goods,2018-09-12,4
3663,2026-08-18,1AD,9636507,"Pharmaceuticals, Biotechnology & Life Sciences",2016-08-22,4
3664,2026-08-18,1AE,8595059,Materials,2022-05-18,4
3665,2026-08-18,1AI,24330852,"Pharmaceuticals, Biotechnology & Life Sciences",2004-09-01,4
3666,2026-08-18,1CG,13072861,Capital Goods,2017-04-28,4
3667,2026-08-18,1MC,12810877,Materials,2001-01-08,4
3668,2026-08-18,1TT,7482428,Software & Services,2015-07-09,4
3669,2026-08-18,29M,560024494,Materials,2021-07-02,4
3670,2026-08-18,360,5984020266,Software & Services,2019-05-10,4
3671,2026-08-18,3DA,200198712,Capital Goods,2019-12-06,4
3672,2026-08-18,3DP,23741627,Software & Services,2008-03-27,4
3673,2026-08-18,3PL,79142891,Consumer Services,2014-07-09,4
3674,2026-08-18,49M,9046032,Materials,2026-03-31,4
3675,2026-08-18,4DS,,Semiconductors & Semiconductor Equipment,2010-12-09,4
3676,2026-08-18,4DX,2225752543,Health Care Equipment & Services,2020-08-07,4
3677,2026-08-18,5GG,9746362,Telecommunication Services,2021-01-29,4
3678,2026-08-18,5GN,15317824,Software & Services,1999-12-14,4
3679,2026-08-18,6KA,207132383,Materials,2025-12-04,4
3680,2026-08-18,88E,25288107,Energy,2000-01-20,4
3681,2026-08-18,8CO,9187891,Software & Services,2014-08-27,4
3682,2026-08-18,8IH,4526091,Financial Services,2014-12-17,4
3683,2026-08-18,A11,240450987,Materials,2022-09-26,4
3684,2026-08-18,A1M,598214866,Materials,1993-11-04,4
3685,2026-08-18,A1N,79827845,Media & Entertainment,1992-05-07,4
3686,2026-08-18,A2M,4737033047,"Food, Beverage & Tobacco",2015-03-31,4
3687,2026-08-18,A3D,30369940,Capital Goods,2016-08-16,4
3688,2026-08-18,A4N,776764569,Materials,2007-10-22,4
3689,2026-08-18,A8G,5325855,Materials,2021-05-13,4
3690,2026-08-18,AA2,84595641,Materials,2025-09-10,4
3691,2026-08-18,AAC,804693607,"Food, Beverage & Tobacco",2001-08-10,4
3692,2026-08-18,AAI,18935502679,Materials,2024-07-24,4
3693,2026-08-18,AAJ,4473801,Materials,2010-07-23,4
3694,2026-08-18,AAL,64575461,Capital Goods,2024-06-28,4
3695,2026-08-18,AAM,58220292,Materials,2017-03-08,4
3696,2026-08-18,AAP,26539467,"Food, Beverage & Tobacco",2004-01-07,4
3697,2026-08-18,AAR,297172525,Materials,1986-11-13,4
3698,2026-08-18,AAU,22953653,Materials,1993-11-25,4
3699,2026-08-18,ABB,1570816704,Telecommunication Services,2020-10-16,4
3700,2026-08-18,ABE,2799454,Financial Services,2021-12-06,4
3701,2026-08-18,ABG,764077276,Equity Real Estate Investment Trusts (REITs),2002-11-14,4
3702,2026-08-18,ABR,4661367,Materials,2017-10-17,4
3703,2026-08-18,ABV,49746408,Automobiles & Components,2002-05-28,4
3704,2026-08-18,ABX,16121471,Materials,2009-12-24,4
3705,2026-08-18,ABY,31945696,Consumer Discretionary Distribution & Retail,2020-10-23,4
3706,2026-08-18,ACE,201583445,Software & Services,2023-01-12,4
3707,2026-08-18,ACF,390583977,Capital Goods,2008-06-27,4
3708,2026-08-18,ACL,503601260,Health Care Equipment & Services,2021-05-14,4
3709,2026-08-18,ACM,4049498,Materials,2023-07-03,4
3710,2026-08-18,ACP,21553405,Materials,2011-07-06,4
3711,2026-08-18,ACQ,80232734,Not Applic,2014-05-01,4
3712,2026-08-18,ACR,5898778,"Pharmaceuticals, Biotechnology & Life Sciences",2004-09-29,4
3713,2026-08-18,ACS,,Materials,2005-08-26,4
3714,2026-08-18,ACU,21849595,Real Estate Management & Development,2003-12-05,4
3715,2026-08-18,ACW,171090834,"Pharmaceuticals, Biotechnology & Life Sciences",2007-10-16,4
3716,2026-08-18,AD1,11416140,Media & Entertainment,2016-06-23,4
3717,2026-08-18,AD8,196485540,Technology Hardware & Equipment,2017-06-30,4
3718,2026-08-18,ADC,5046057,Materials,2023-01-17,4
3719,2026-08-18,ADD,13790740,Energy,1992-02-06,4
3720,2026-08-18,ADH,252739697,Consumer Discretionary Distribution & Retail,2015-06-17,4
3721,2026-08-18,ADN,27741789,Materials,1996-09-17,4
3722,2026-08-18,ADO,68455113,"Pharmaceuticals, Biotechnology & Life Sciences",2000-04-07,4
3723,2026-08-18,ADR,5488767,Health Care Equipment & Services,2015-08-26,4
3724,2026-08-18,ADS,5970090,Software & Services,1987-12-17,4
3725,2026-08-18,ADX,19379041,Energy,1987-01-29,4
3726,2026-08-18,ADY,,Materials,1983-12-01,4
3727,2026-08-18,AEE,112138580,Energy,2006-05-30,4
3728,2026-08-18,AEF,505405551,Financial Services,2002-12-17,4
3729,2026-08-18,AEG,69270516,Financial Services,2022-05-03,4
3730,2026-08-18,AEI,9370593,Commercial & Professional Services,2000-09-12,4
3731,2026-08-18,AEL,463315884,Energy,2002-03-13,4
3732,2026-08-18,AEM,226958749,Materials,2025-12-24,4
3733,2026-08-18,AER,4703931,Media & Entertainment,2015-04-01,4
3734,2026-08-18,AEU,174406314,Materials,2004-11-22,4
3735,2026-08-18,AEV,32580538,Materials,2006-10-10,4
3736,2026-08-18,AFA,55428280,Financial Services,1985-05-29,4
3737,2026-08-18,AFG,418189695,Financial Services,2015-05-22,4
3738,2026-08-18,AFI,8368938997,Not Applic,1962-06-30,4
3739,2026-08-18,AFL,11591946,Commercial & Professional Services,2003-09-19,4
3740,2026-08-18,AFP,405864934,"Pharmaceuticals, Biotechnology & Life Sciences",2015-12-22,4
3741,2026-08-18,AGC,43099989,Materials,2021-01-20,4
3742,2026-08-18,AGD,83512960,Materials,1997-04-18,4
3743,2026-08-18,AGE,205125802,Energy,2011-02-03,4
3744,2026-08-18,AGI,370473322,Consumer Services,2001-12-17,4
3745,2026-08-18,AGL,5920175650,Utilities,2006-10-12,4
3746,2026-08-18,AGN,26333626,"Pharmaceuticals, Biotechnology & Life Sciences",2021-06-11,4
3747,2026-08-18,AGR,45600394,Materials,2008-02-13,4
3748,2026-08-18,AGY,75629586,Materials,1997-04-03,4
3749,2026-08-18,AHC,86192795,Health Care Equipment & Services,2004-09-24,4
3750,2026-08-18,AHE,10845678,Health Care Equipment & Services,2011-05-26,4
3751,2026-08-18,AHF,12598900,"Food, Beverage & Tobacco",2006-06-30,4
3752,2026-08-18,AHK,29296999,Materials,2011-05-09,4
3753,2026-08-18,AHL,84574210,Automobiles & Components,2022-09-30,4
3754,2026-08-18,AHN,9579929,Materials,2006-11-22,4
3755,2026-08-18,AI1,206041716,Software & Services,2020-11-10,4
3756,2026-08-18,AIA,12324773822,Transportation,1999-02-22,4
3757,2026-08-18,AIH,194278053,Capital Goods,2025-10-31,4
3758,2026-08-18,AII,6343691495,Materials,2021-08-02,4
3759,2026-08-18,AIM,43092428,Software & Services,2020-09-15,4
3760,2026-08-18,AIQ,81324586,Not Applic,2005-05-08,4
3761,2026-08-18,AIS,628775632,Materials,2011-02-02,4
3762,2026-08-18,AIV,7812887,Materials,2006-04-11,4
3763,2026-08-18,AIX,249604010,Not Applic,2026-07-02,4
3764,2026-08-18,AIZ,1131746744,Transportation,1997-10-01,4
3765,2026-08-18,AJL,9630107,Capital Goods,1999-08-10,4
3766,2026-08-18,AJX,21894495,Materials,1999-12-22,4
3767,2026-08-18,AKA,15278305,Materials,2011-03-31,4
3768,2026-08-18,AKG,8294940,Consumer Services,1977-06-01,4
3769,2026-08-18,AKM,106603767,Materials,2007-02-06,4
3770,2026-08-18,AKN,42632920,Materials,2007-10-29,4
3771,2026-08-18,AKO,17826385,Materials,2020-12-15,4
3772,2026-08-18,AL3,56177133,Capital Goods,2020-04-20,4
3773,2026-08-18,ALA,78575370,"Pharmaceuticals, Biotechnology & Life Sciences",2002-01-24,4
3774,2026-08-18,ALB,8130267,Materials,2021-04-30,4
3775,2026-08-18,ALC,120920288,Health Care Equipment & Services,2011-06-24,4
3776,2026-08-18,ALD,9460593330,Energy,1980-12-31,4
3777,2026-08-18,ALI,489818659,Not Applic,2015-07-03,4
3778,2026-08-18,ALK,2179096689,Materials,1980-10-07,4
3779,2026-08-18,ALL,38664799577,Consumer Services,1996-07-09,4
3780,2026-08-18,ALM,31617977,Energy,2007-04-18,4
3781,2026-08-18,ALQ,11419707443,Commercial & Professional Services,1952-07-18,4
3782,2026-08-18,ALR,298301983,Materials,2012-02-01,4
3783,2026-08-18,ALU,187669520,Class Pend,2026-07-31,4
3784,2026-08-18,ALV,5452731,Materials,2021-10-20,4
3785,2026-08-18,ALX,7049443325,Transportation,2010-01-25,4
3786,2026-08-18,ALY,8316534,Materials,2007-11-26,4
3787,2026-08-18,AM3,12346618,Materials,2007-03-21,4
3788,2026-08-18,AM5,5136617,Materials,2021-10-18,4
3789,2026-08-18,AM7,5560104,Materials,2021-06-25,4
3790,2026-08-18,AMA,221382843,Commercial & Professional Services,2006-08-31,4
3791,2026-08-18,AMC,30029352566,Materials,1969-08-28,4
3792,2026-08-18,AMD,20175764,Materials,2005-10-28,4
3793,2026-08-18,AMH,279924922,Not Applic,2000-02-10,4
3794,2026-08-18,AMI,668893724,Materials,2007-05-08,4
3795,2026-08-18,AMN,20666260,Materials,2007-10-09,4
3796,2026-08-18,AMO,7632383,Technology Hardware & Equipment,2004-12-10,4
3797,2026-08-18,AMP,5595421920,Financial Services,1998-06-15,4
3798,2026-08-18,AMS,14884149,Consumer Durables & Apparel,2018-12-28,4
3799,2026-08-18,AMU,9770122,Materials,2007-08-10,4
3800,2026-08-18,AMX,28972145,Commercial & Professional Services,2019-12-10,4
3801,2026-08-18,AN1,5912705,"Pharmaceuticals, Biotechnology & Life Sciences",2005-12-09,4
3802,2026-08-18,ANG,93466631,Capital Goods,2004-03-09,4
3803,2026-08-18,ANN,4910984085,Health Care Equipment & Services,1985-08-22,4
3804,2026-08-18,ANO,44816098,Materials,2005-02-24,4
3805,2026-08-18,ANR,2843557,"Pharmaceuticals, Biotechnology & Life Sciences",2014-10-16,4
3806,2026-08-18,ANX,55794730,Materials,2004-06-15,4
3807,2026-08-18,ANZ,114243045698,Banks,1969-09-30,4
3808,2026-08-18,AOA,2139770,Materials,2009-03-31,4
3809,2026-08-18,AOK,5819027,Energy,2005-10-11,4
3810,2026-08-18,AON,62997641,Materials,2007-10-31,4
3811,2026-08-18,AOV,903487244,Automobiles & Components,1962-06-30,4
3812,2026-08-18,APA,13211039102,Utilities,2000-06-13,4
3813,2026-08-18,APC,5873007,Materials,2011-12-20,4
3814,2026-08-18,APE,6435049078,Consumer Discretionary Distribution & Retail,1957-04-17,4
3815,2026-08-18,APL,15731573,Financial Services,2004-09-30,4
3816,2026-08-18,APW,169172515,Equity Real Estate Investment Trusts (REITs),2004-12-17,4
3817,2026-08-18,APX,397414999,Software & Services,2015-01-07,4
3818,2026-08-18,APZ,1147433782,Equity Real Estate Investment Trusts (REITs),1991-04-11,4
3819,2026-08-18,AQC,,Materials,1999-12-17,4
3820,2026-08-18,AQD,80467996,Materials,2003-11-25,4
3821,2026-08-18,AQN,55408506,Commercial & Professional Services,2021-07-27,4
3822,2026-08-18,AQX,13923090,Materials,2004-09-09,4
3823,2026-08-18,AQZ,149786589,Transportation,2011-12-20,4
3824,2026-08-18,AR1,177875391,Materials,2021-11-03,4
3825,2026-08-18,AR3,26970801,Materials,2021-07-01,4
3826,2026-08-18,AR9,24673107,Software & Services,2018-09-21,4
3827,2026-08-18,ARA,87763667,Commercial & Professional Services,1982-10-12,4
3828,2026-08-18,ARB,1597070870,Automobiles & Components,1987-06-26,4
3829,2026-08-18,ARC,5400282,Financial Services,2000-04-14,4
3830,2026-08-18,ARD,40861757,Materials,2008-04-03,4
3831,2026-08-18,ARF,955413971,Equity Real Estate Investment Trusts (REITs),2013-06-13,4
3832,2026-08-18,ARG,6892381489,Not Applic,1963-03-31,4
3833,2026-08-18,ARI,44704800,Materials,2005-12-21,4
3834,2026-08-18,ARL,105462771,Materials,2017-02-09,4
3835,2026-08-18,ARN,55628541,Materials,2018-09-13,4
3836,2026-08-18,ARO,8801822,Materials,1987-08-20,4
3837,2026-08-18,ARR,206825769,Materials,2011-02-17,4
3838,2026-08-18,ART,102735781,Media & Entertainment,2021-03-23,4
3839,2026-08-18,ARU,1305586003,Materials,2003-11-05,4
3840,2026-08-18,ARV,18023182,Materials,2007-03-16,4
3841,2026-08-18,ARX,200623539,"Pharmaceuticals, Biotechnology & Life Sciences",2020-07-24,4
3842,2026-08-18,AS1,297280341,Materials,1987-08-13,4
3843,2026-08-18,AS2,5521137,Materials,2021-07-07,4
3844,2026-08-18,ASB,1831802080,Capital Goods,1998-12-08,4
3845,2026-08-18,ASG,334466043,Consumer Discretionary Distribution & Retail,2016-11-16,4
3846,2026-08-18,ASH,41601253,Commercial & Professional Services,2014-08-21,4
3847,2026-08-18,ASL,472194881,Materials,2021-09-30,4
3848,2026-08-18,ASM,344131981,Materials,2020-07-30,4
3849,2026-08-18,ASN,72878551,Materials,2010-07-08,4
3850,2026-08-18,ASP,11756686,Media & Entertainment,2000-04-27,4
3851,2026-08-18,ASQ,6709766,Materials,2007-10-22,4
3852,2026-08-18,ASV,33048909,Commercial & Professional Services,2013-12-02,4
3853,2026-08-18,ASX,11257561401,Financial Services,1998-10-14,4
3854,2026-08-18,AT1,16243791,Health Care Equipment & Services,2020-04-16,4
3855,2026-08-18,AT4,118538208,Materials,2019-10-03,4
3856,2026-08-18,ATA,149076605,Software & Services,2021-12-22,4
3857,2026-08-18,ATC,4003584,Materials,2010-01-27,4
3858,2026-08-18,ATG,78725254,Consumer Discretionary Distribution & Retail,2016-05-16,4
3859,2026-08-18,ATH,115715135,"Pharmaceuticals, Biotechnology & Life Sciences",2000-03-28,4
3860,2026-08-18,ATM,4567083764,Materials,1999-08-09,4
3861,2026-08-18,ATP,40611439,Consumer Durables & Apparel,1993-12-31,4
3862,2026-08-18,ATR,210673734,Materials,1983-11-11,4
3863,2026-08-18,ATS,38939398,Energy,2016-07-25,4
3864,2026-08-18,ATT,4015054,Materials,2021-09-15,4
3865,2026-08-18,ATV,19663223,Software & Services,2021-10-20,4
3866,2026-08-18,ATX,79563362,"Pharmaceuticals, Biotechnology & Life Sciences",2013-12-23,4
3867,2026-08-18,AU1,12747721,Real Estate Management & Development,2007-12-18,4
3868,2026-08-18,AUA,5791250,Consumer Durables & Apparel,2021-05-18,4
3869,2026-08-18,AUB,3847363226,Insurance,2005-11-16,4
3870,2026-08-18,AUC,585423124,Materials,2009-12-16,4
3871,2026-08-18,AUE,210006670,Materials,2021-11-02,4
3872,2026-08-18,AUG,7738480,Materials,2023-05-25,4
3873,2026-08-18,AUI,2575091358,Not Applic,1974-01-01,4
3874,2026-08-18,AUQN,32123502,Materials,2007-05-24,4
3874,2026-08-18,AUQ,32123502,Materials,2007-05-24,4
3875,2026-08-18,AUR,21872641,Materials,2001-03-15,4
3876,2026-08-18,AUV,5389535,Materials,1990-08-23,4
3877,2026-08-18,AUZ,73392628,Materials,2001-09-28,4
3878,2026-08-18,AV1,64866105,Software & Services,2012-12-18,4
3879,2026-08-18,AVA,14263855,Technology Hardware & Equipment,2015-05-11,4
3880,2026-08-18,AVD,8238697,Commercial & Professional Services,2021-12-17,4
3881,2026-08-18,AVE,73410792,"Pharmaceuticals, Biotechnology & Life Sciences",1993-08-09,4
3882,2026-08-18,AVG,23721330,"Food, Beverage & Tobacco",1992-03-26,4
3883,2026-08-18,AVH,338648975,"Pharmaceuticals, Biotechnology & Life Sciences",2020-06-24,4
3884,2026-08-18,AVL,60100767,Materials,2007-02-21,4
3885,2026-08-18,AVM,32034367,Materials,2007-12-20,4
3886,2026-08-18,AVR,1266960162,Health Care Equipment & Services,2004-03-24,4
3887,2026-08-18,AVW,4025000,Materials,2013-01-09,4
3888,2026-08-18,AW1,43034952,Materials,2021-12-13,4
3889,2026-08-18,AWJ,43031528,Materials,2021-02-12,4
3890,2026-08-18,AX1,408806258,Consumer Discretionary Distribution & Retail,2004-07-07,4
3891,2026-08-18,AX8,8467132,Materials,2018-02-14,4
3892,2026-08-18,AXE,63851681,Semiconductors & Semiconductor Equipment,2007-08-14,4
3893,2026-08-18,AXI,5456137,Real Estate Management & Development,1997-01-31,4
3894,2026-08-18,AXL,11437042,Materials,2024-07-23,4
3895,2026-08-18,AXN,22413888,Materials,1980-08-21,4
3896,2026-08-18,AXP,1798934,Energy,2006-07-20,4
3897,2026-08-18,AXQ,781147920,Class Pend,2026-07-09,4
3898,2026-08-18,AYA,806669894,Health Care Equipment & Services,2021-11-26,4
3899,2026-08-18,AYM,3685155,Materials,2011-09-19,4
3900,2026-08-18,AYT,6576574,Materials,2011-07-06,4
3901,2026-08-18,AZ9,12310003,Materials,2017-09-29,4
3902,2026-08-18,AZI,21470582,Materials,2009-12-24,4
3903,2026-08-18,AZJ,6278736166,Transportation,2010-11-22,4
3904,2026-08-18,AZY,417252679,Materials,2011-04-20,4
3905,2026-08-18,B4P,77683134,Financial Services,2022-01-17,4
3906,2026-08-18,BAK,17875000,Materials,2026-01-30,4
3907,2026-08-18,BAP,285920058,Consumer Discretionary Distribution & Retail,2014-04-24,4
3908,2026-08-18,BAS,19451315,Energy,2004-09-30,4
3909,2026-08-18,BB1,102682508,Health Care Equipment & Services,2024-04-04,4
3910,2026-08-18,BBC,30882808,Banks,2012-05-22,4
3911,2026-08-18,BBL,127943025,Media & Entertainment,1989-05-12,4
3912,2026-08-18,BBN,177897069,Consumer Discretionary Distribution & Retail,2015-10-14,4
3913,2026-08-18,BBT,209261263,Consumer Services,2021-07-02,4
3914,2026-08-18,BC8,805465411,Materials,2018-01-30,4
3915,2026-08-18,BCA,51565373,Materials,2021-05-05,4
3916,2026-08-18,BCC,3629721,Technology Hardware & Equipment,1986-11-06,4
3917,2026-08-18,BCI,1351286712,Materials,2006-12-15,4
3918,2026-08-18,BCK,102082553,Materials,2011-01-11,4
3919,2026-08-18,BCM,122017121,Materials,2005-08-12,4
3920,2026-08-18,BCN,359467728,Materials,2006-10-20,4
3921,2026-08-18,BDM,,Materials,2013-01-04,4
3922,2026-08-18,BDX,20646264,"Pharmaceuticals, Biotechnology & Life Sciences",2021-07-21,4
3923,2026-08-18,BEL,761279,Not Applic,1986-11-07,4
3924,2026-08-18,BEN,6468026536,Banks,1985-12-19,4
3925,2026-08-18,BEO,8469164,Software & Services,1999-12-17,4
3926,2026-08-18,BET,246462101,Consumer Services,2015-12-11,4
3927,2026-08-18,BEZ,35538577,Materials,2021-10-08,4
3928,2026-08-18,BFG,490738240,Financial Services,2007-12-12,4
3929,2026-08-18,BFL,3756448631,Banks,2021-05-25,4
3930,2026-08-18,BGA,1836493201,"Food, Beverage & Tobacco",2011-08-19,4
3931,2026-08-18,BGD,263787975,Materials,2021-06-28,4
3932,2026-08-18,BGE,3797325,Software & Services,2022-10-06,4
3933,2026-08-18,BGL,2310516208,Materials,2005-12-20,4
3934,2026-08-18,BGP,806499843,Consumer Discretionary Distribution & Retail,2017-07-20,4
3935,2026-08-18,BGT,7885100,Materials,2017-11-29,4
3936,2026-08-18,BHD,6038810,Not Applic,2017-05-12,4
3937,2026-08-18,BHL,13253049,Materials,2025-12-02,4
3938,2026-08-18,BHM,133632812,Materials,2022-07-28,4
3939,2026-08-18,BHP,316062564113,Materials,1885-08-13,4
3940,2026-08-18,BIM,10130366,Materials,2022-06-28,4
3941,2026-08-18,BIO,61559469,Household & Personal Products,2021-11-30,4
3942,2026-08-18,BIS,232518503,Materials,2003-06-23,4
3943,2026-08-18,BIT,5570410,"Pharmaceuticals, Biotechnology & Life Sciences",2001-01-24,4
3944,2026-08-18,BKB,86125799,Materials,2023-09-12,4
3945,2026-08-18,BKI,1525483693,Not Applic,2003-12-12,4
3946,2026-08-18,BKT,23630574,Materials,2003-12-10,4
3947,2026-08-18,BKY,218683640,Energy,2003-09-16,4
3948,2026-08-18,BLG,57006875,Semiconductors & Semiconductor Equipment,2006-09-22,4
3949,2026-08-18,BLS,215334661,Household & Personal Products,2000-12-14,4
3950,2026-08-18,BLU,12047894,Energy,1994-10-13,4
3951,2026-08-18,BLX,383001384,Consumer Discretionary Distribution & Retail,2014-04-15,4
3952,2026-08-18,BLZ,2925000,Energy,1996-09-12,4
3953,2026-08-18,BM1,304585889,Materials,2025-07-14,4
3954,2026-08-18,BM8,9745013,Materials,2020-11-04,4
3955,2026-08-18,BMC,755259436,Materials,2025-12-12,4
3956,2026-08-18,BMH,1874214,Capital Goods,2015-06-19,4
3957,2026-08-18,BML,277732077,Materials,2004-07-15,4
3958,2026-08-18,BMM,8014563,Materials,2021-07-14,4
3959,2026-08-18,BMN,748121695,Energy,2005-04-28,4
3960,2026-08-18,BMR,35934664,Materials,2021-09-03,4
3961,2026-08-18,BMT,33679351,Health Care Equipment & Services,2019-06-06,4
3962,2026-08-18,BNL,30764575,Energy,1994-11-24,4
3963,2026-08-18,BNR,11744533,Materials,2010-12-20,4
3964,2026-08-18,BNZ,1277634388,Materials,2020-12-23,4
3965,2026-08-18,BOA,17437335,Materials,2012-10-11,4
3966,2026-08-18,BOC,68180625,Materials,1970-12-31,4
3967,2026-08-18,BOE,631066486,Energy,2007-07-25,4
3968,2026-08-18,BOL,73567297,Capital Goods,2003-10-14,4
3969,2026-08-18,BOQ,4253248596,Banks,1971-08-24,4
3970,2026-08-18,BOT,57468869,"Pharmaceuticals, Biotechnology & Life Sciences",1985-01-24,4
3971,2026-08-18,BP8,2353485,"Pharmaceuticals, Biotechnology & Life Sciences",2000-06-13,4
3972,2026-08-18,BPG,33090982,Software & Services,2025-11-25,4
3973,2026-08-18,BPH,3384622,Financial Services,2004-08-06,4
3974,2026-08-18,BPM,23258624,Materials,2020-12-30,4
3975,2026-08-18,BPP,,Capital Goods,1996-12-13,4
3976,2026-08-18,BPT,1996166949,Energy,1972-06-30,4
3977,2026-08-18,BRE,1306207077,Materials,2023-12-21,4
3978,2026-08-18,BRG,4940443316,Consumer Durables & Apparel,1999-05-25,4
3979,2026-08-18,BRI,133279750,Materials,2017-05-01,4
3980,2026-08-18,BRK,35002000,Energy,2005-10-31,4
3981,2026-08-18,BRL,103222781,Materials,2013-06-21,4
3982,2026-08-18,BRN,307236394,Software & Services,2011-11-09,4
3983,2026-08-18,BRU,16303925,Energy,2008-09-01,4
3984,2026-08-18,BRY,3960508,Materials,2011-07-01,4
3985,2026-08-18,BSA,22590078,Commercial & Professional Services,1999-11-15,4
3986,2026-08-18,BSL,14430270577,Materials,2002-07-15,4
3987,2026-08-18,BSN,7059270,Energy,2022-10-04,4
3988,2026-08-18,BSR,23850000,Materials,2026-04-16,4
3989,2026-08-18,BST,68977518,Capital Goods,2026-06-10,4
3990,2026-08-18,BSX,65423074,Materials,2017-01-23,4
3991,2026-08-18,BTC,21447267,Not Applic,2000-08-29,4
3992,2026-08-18,BTE,20679872,Energy,2022-07-14,4
3993,2026-08-18,BTI,161780425,Financial Services,2014-11-21,4
3994,2026-08-18,BTL,339131101,Energy,1984-08-30,4
3995,2026-08-18,BTM,28260231,Energy,2007-07-04,4
3996,2026-08-18,BTN,4198886,Financial Services,2021-07-06,4
3997,2026-08-18,BTR,455644103,Materials,2003-12-05,4
3998,2026-08-18,BUB,81812898,"Food, Beverage & Tobacco",1993-10-05,4
3999,2026-08-18,BUR,5706272,Materials,2021-07-07,4
4000,2026-08-18,BUS,5241601,Materials,2022-10-13,4
4001,2026-08-18,BUX,18661043,Materials,2007-10-23,4
4002,2026-08-18,BUY,16741402,Energy,2002-02-05,4
4003,2026-08-18,BVR,82070204,Materials,2022-05-25,4
4004,2026-08-18,BVS,1542151914,Software & Services,2016-11-16,4
4005,2026-08-18,BWF,23069555,Financial Services,2011-10-21,4
4006,2026-08-18,BWN,119145437,Transportation,2024-07-30,4
4007,2026-08-18,BWP,2999224291,Equity Real Estate Investment Trusts (REITs),1998-09-16,4
4008,2026-08-18,BXB,26179712591,Commercial & Professional Services,2006-11-27,4
4009,2026-08-18,C1X,26612651,Materials,2021-12-01,4
4010,2026-08-18,C29,2911809,Materials,2021-11-03,4
4011,2026-08-18,C79,873834728,Commercial & Professional Services,2022-05-06,4
4012,2026-08-18,C7A,6697534,Materials,2010-10-21,4
4013,2026-08-18,CAA,176644589,Materials,1986-11-20,4
4014,2026-08-18,CAE,44382177,Materials,2005-05-20,4
4015,2026-08-18,CAF,73544938,Financial Services,2002-06-25,4
4016,2026-08-18,CAM,95364248,Not Applic,2004-02-03,4
4017,2026-08-18,CAN,4981781,"Pharmaceuticals, Biotechnology & Life Sciences",2017-05-04,4
4018,2026-08-18,CAQ,6460077,Real Estate Management & Development,2005-07-25,4
4019,2026-08-18,CAR,11210642573,Media & Entertainment,2009-09-10,4
4020,2026-08-18,CAT,1137511912,Software & Services,2014-12-19,4
4021,2026-08-18,CAV,36317835,Materials,2007-03-15,4
4022,2026-08-18,CAY,108261040,Materials,2010-06-15,4
4023,2026-08-18,CAZ,10602554,Materials,2003-10-31,4
4024,2026-08-18,CBA,276121289070,Banks,1991-09-12,4
4025,2026-08-18,CBE,410776270,Materials,2020-01-31,4
4026,2026-08-18,CBL,30412968,Health Care Equipment & Services,2020-12-07,4
4027,2026-08-18,CBO,1680557080,"Food, Beverage & Tobacco",2021-08-11,4
4028,2026-08-18,CBY,11747323,Materials,2019-03-07,4
4029,2026-08-18,CC5,30551572,Health Care Equipment & Services,2006-07-31,4
4030,2026-08-18,CC9,11117700,Materials,2023-10-27,4
4031,2026-08-18,CCA,33832198,Financial Services,2016-06-30,4
4032,2026-08-18,CCE,66231982,Utilities,1993-10-26,4
4033,2026-08-18,CCG,48345617,Telecommunication Services,2017-12-21,4
4034,2026-08-18,CCL,1047018124,Financial Services,2024-11-25,4
4035,2026-08-18,CCM,11431273,Materials,1994-01-20,4
4036,2026-08-18,CCO,3521129,Household & Personal Products,2018-12-20,4
4037,2026-08-18,CCP,892356482,Financial Services,2000-09-04,4
4038,2026-08-18,CCR,52195394,Software & Services,2020-10-27,4
4039,2026-08-18,CCV,224129724,Financial Services,1997-02-07,4
4040,2026-08-18,CCX,17717258,Consumer Discretionary Distribution & Retail,1998-05-28,4
4041,2026-08-18,CD1,10051575,Not Applic,2012-08-14,4
4042,2026-08-18,CD2,15218935,Not Applic,2013-04-09,4
4043,2026-08-18,CD3,57982878,Not Applic,2016-07-27,4
4044,2026-08-18,CDA,8151651842,Technology Hardware & Equipment,2003-11-27,4
4045,2026-08-18,CDE,7098352,Commercial & Professional Services,2005-03-07,4
4046,2026-08-18,CDM,234665265,Not Applic,2006-12-05,4
4047,2026-08-18,CDO,36009834,Not Applic,2021-11-19,4
4048,2026-08-18,CDP,454227299,Equity Real Estate Investment Trusts (REITs),1996-11-28,4
4049,2026-08-18,CDR,8527793,Materials,2021-06-23,4
4050,2026-08-18,CDT,12577333,Materials,2006-05-02,4
4051,2026-08-18,CEH,209823412,Consumer Services,2018-11-30,4
4052,2026-08-18,CEL,434132247,Materials,2007-11-07,4
4053,2026-08-18,CEN,7944053475,Utilities,2015-09-24,4
4054,2026-08-18,CF1,13422819,Software & Services,2001-12-18,4
4055,2026-08-18,CG1,29899796,Materials,2018-01-23,4
4056,2026-08-18,CGF,6604557700,Financial Services,2003-12-23,4
4057,2026-08-18,CGO,,Software & Services,2000-09-08,4
4058,2026-08-18,CGR,8868336,Materials,2023-10-18,4
4059,2026-08-18,CGS,474074992,Health Care Equipment & Services,2004-02-13,4
4060,2026-08-18,CHC,10812715969,Equity Real Estate Investment Trusts (REITs),2005-06-10,4
4061,2026-08-18,CHI,1089843499,Energy,2025-12-19,4
4062,2026-08-18,CHL,18089588,Transportation,2021-06-28,4
4063,2026-08-18,CHM,2145899,"Pharmaceuticals, Biotechnology & Life Sciences",2021-01-18,4
4064,2026-08-18,CHN,536473491,Materials,2006-03-24,4
4065,2026-08-18,CHRCB,8090621,Materials,2021-07-09,4
4065,2026-08-18,CHR,8090621,Materials,2021-07-09,4
4066,2026-08-18,CHW,67624203,Materials,2023-07-05,4
4067,2026-08-18,CIA,1932161881,Materials,2007-06-08,4
4068,2026-08-18,CIN,944352562,Not Applic,1970-06-30,4
4069,2026-08-18,CIP,1898139736,Equity Real Estate Investment Trusts (REITs),2012-12-13,4
4070,2026-08-18,CIW,24703042,Financial Services,2000-12-15,4
4071,2026-08-18,CKA,58802719,Materials,2000-04-17,4
4072,2026-08-18,CKF,962922802,Consumer Services,2011-08-04,4
4073,2026-08-18,CL8,,Transportation,1996-09-09,4
4074,2026-08-18,CLA,18611034,Materials,1988-03-24,4
4075,2026-08-18,CLG,22575832,Commercial & Professional Services,2021-12-02,4
4076,2026-08-18,CLU,4169735,Consumer Services,2020-12-09,4
4077,2026-08-18,CLV,156144384,Materials,1999-11-30,4
4078,2026-08-18,CLW,2607706178,Equity Real Estate Investment Trusts (REITs),2016-11-08,4
4079,2026-08-18,CLX,206291815,Transportation,1987-12-02,4
4080,2026-08-18,CLZ,,Materials,2013-05-24,4
4081,2026-08-18,CMA,109933804,Consumer Discretionary Distribution & Retail,2025-11-05,4
4082,2026-08-18,CMB,11772767,"Pharmaceuticals, Biotechnology & Life Sciences",2013-09-19,4
4083,2026-08-18,CMD,14306729,Materials,2006-08-10,4
4084,2026-08-18,CMG,8489779,Materials,2022-09-27,4
4085,2026-08-18,CML,61253476,Technology Hardware & Equipment,1984-08-16,4
4086,2026-08-18,CMM,7536998519,Materials,2008-07-07,4
4087,2026-08-18,CMO,3470635,Materials,2022-01-31,4
4088,2026-08-18,CMP,44946395,Health Care Equipment & Services,2000-12-21,4
4089,2026-08-18,CMW,1099924014,Equity Real Estate Investment Trusts (REITs),1973-02-22,4
4090,2026-08-18,CMX,,Materials,2022-01-18,4
4091,2026-08-18,CNB,249888477,Materials,2016-08-30,4
4092,2026-08-18,CND,14685045,Energy,2005-05-25,4
4093,2026-08-18,CNI,1462035085,Equity Real Estate Investment Trusts (REITs),2002-03-26,4
4094,2026-08-18,CNJ,5215896,Materials,2007-06-18,4
4095,2026-08-18,CNQ,61925700,Commercial & Professional Services,2021-07-02,4
4096,2026-08-18,CNU,3432048496,Telecommunication Services,2011-11-21,4
4097,2026-08-18,COB,41710002,Materials,2017-02-02,4
4098,2026-08-18,COD,51088204,Materials,2020-10-28,4
4099,2026-08-18,COF,510723076,Equity Real Estate Investment Trusts (REITs),2014-12-10,4
4100,2026-08-18,COG,304980464,Financial Services,2003-01-28,4
4101,2026-08-18,COH,8583607856,Health Care Equipment & Services,1995-12-04,4
4102,2026-08-18,COI,133999024,Energy,2004-04-16,4
4103,2026-08-18,COL,31483282726,Consumer Staples Distribution & Retail,2018-11-21,4
4104,2026-08-18,COS,40947479,Software & Services,2020-01-24,4
4105,2026-08-18,COV,46618109,"Pharmaceuticals, Biotechnology & Life Sciences",2023-08-22,4
4106,2026-08-18,COY,3530630,Materials,2008-01-31,4
4107,2026-08-18,CP8,41425473,Materials,2013-09-02,4
4108,2026-08-18,CPM,7474647,Materials,2021-11-19,4
4109,2026-08-18,CPN,36856227,Materials,2020-11-25,4
4110,2026-08-18,CPO,10336549,Materials,2021-09-10,4
4111,2026-08-18,CPU,23407324723,Commercial & Professional Services,1994-05-27,4
4112,2026-08-18,CPV,29848460,Capital Goods,2018-05-25,4
4113,2026-08-18,CQE,916638630,Equity Real Estate Investment Trusts (REITs),2003-05-22,4
4114,2026-08-18,CQR,2388853693,Equity Real Estate Investment Trusts (REITs),1995-11-15,4
4115,2026-08-18,CQT,16607786,Health Care Equipment & Services,2005-11-09,4
4116,2026-08-18,CR1,11714954,Materials,2018-07-30,4
4117,2026-08-18,CR3,4986469,Materials,1998-12-17,4
4118,2026-08-18,CRB,9534926,Materials,2007-03-16,4
4119,2026-08-18,CRD,110896202,Energy,2022-10-27,4
4120,2026-08-18,CRI,,Materials,2006-09-22,4
4121,2026-08-18,CRN,259850328,Materials,2018-10-23,4
4122,2026-08-18,CRR,22358598,Materials,2010-12-03,4
4123,2026-08-18,CRS,78429943,Materials,2018-12-05,4
4124,2026-08-18,CSC,15215756233,Materials,2024-02-02,4
4125,2026-08-18,CSL,64461552373,"Pharmaceuticals, Biotechnology & Life Sciences",1994-06-08,4
4126,2026-08-18,CST,26062758,Materials,2020-02-14,4
4127,2026-08-18,CSX,28571350,Health Care Equipment & Services,2020-10-23,4
4128,2026-08-18,CT1,3718084,Technology Hardware & Equipment,1987-10-08,4
4129,2026-08-18,CTD,,Consumer Services,2010-12-15,4
4130,2026-08-18,CTE,61011954,"Pharmaceuticals, Biotechnology & Life Sciences",2002-05-09,4
4131,2026-08-18,CTM,277647134,Materials,1989-01-12,4
4132,2026-08-18,CTN,12555464,Materials,2010-02-18,4
4133,2026-08-18,CTO,36000000,Materials,1993-12-23,4
4134,2026-08-18,CTP,46671365,Energy,2006-03-07,4
4135,2026-08-18,CTQ,9163984,Health Care Equipment & Services,2022-01-10,4
4136,2026-08-18,CTS,49962500,Health Care Equipment & Services,2026-07-23,4
4137,2026-08-18,CTT,99121937,Consumer Discretionary Distribution & Retail,2020-12-18,4
4138,2026-08-18,CU6,966280386,"Pharmaceuticals, Biotechnology & Life Sciences",2021-08-25,4
4139,2026-08-18,CUE,77348782,Energy,1995-12-11,4
4140,2026-08-18,CUF,107827671,Materials,2005-10-13,4
4141,2026-08-18,CUL,4160411,Materials,1988-11-23,4
4142,2026-08-18,CUP,286582581,Commercial & Professional Services,2010-12-22,4
4143,2026-08-18,CUV,493689121,"Pharmaceuticals, Biotechnology & Life Sciences",2001-02-13,4
4144,2026-08-18,CVB,9193078,Health Care Equipment & Services,2023-08-23,4
4145,2026-08-18,CVC,192449905,Financial Services,1985-06-27,4
4146,2026-08-18,CVL,968287500,Capital Goods,2018-06-22,4
4147,2026-08-18,CVN,178908688,Energy,1984-08-16,4
4148,2026-08-18,CVR,25977492,Materials,2022-06-17,4
4149,2026-08-18,CVV,162041142,Materials,2006-11-03,4
4150,2026-08-18,CVW,,Insurance,2003-12-11,4
4151,2026-08-18,CWP,595530264,Real Estate Management & Development,1994-08-31,4
4152,2026-08-18,CWY,5984030073,Commercial & Professional Services,2005-05-03,4
4153,2026-08-18,CXL,76652864,Materials,2018-07-20,4
4154,2026-08-18,CXO,1213800624,Materials,2011-02-11,4
4155,2026-08-18,CXU,191475841,Energy,2005-01-28,4
4156,2026-08-18,CXZ,14640726,Software & Services,1974-01-01,4
4157,2026-08-18,CY5,178000848,Materials,2018-01-15,4
4158,2026-08-18,CYB,8349905,Software & Services,2020-12-14,4
4159,2026-08-18,CYC,63495743,Health Care Equipment & Services,2007-01-18,4
4160,2026-08-18,CYG,50063709,Capital Goods,1966-01-27,4
4161,2026-08-18,CYL,1727032061,Materials,2006-07-26,4
4162,2026-08-18,CYM,289039866,Materials,1985-04-26,4
4163,2026-08-18,CYP,2677998,"Pharmaceuticals, Biotechnology & Life Sciences",2007-12-20,4
4164,2026-08-18,CYQ,1842067,Consumer Durables & Apparel,2007-11-21,4
4165,2026-08-18,CYV,16415738,"Pharmaceuticals, Biotechnology & Life Sciences",1991-04-18,4
4166,2026-08-18,CZN,22467896,Materials,2005-06-30,4
4167,2026-08-18,CZR,52126296,Materials,2006-08-29,4
4168,2026-08-18,D3E,53149672,Energy,2024-05-13,4
4169,2026-08-18,DAF,2583597,Materials,2011-09-22,4
4170,2026-08-18,DAI,116319881,"Food, Beverage & Tobacco",2020-12-14,4
4171,2026-08-18,DAL,26161581,Materials,2021-09-28,4
4172,2026-08-18,DBF,46601371,"Food, Beverage & Tobacco",2018-02-08,4
4173,2026-08-18,DBI,2637452068,Transportation,2020-12-08,4
4174,2026-08-18,DBO,8081168,Materials,2021-10-12,4
4175,2026-08-18,DCC,37698969,Software & Services,1989-02-06,4
4176,2026-08-18,DDR,2361581753,Technology Hardware & Equipment,2011-01-24,4
4177,2026-08-18,DDT,3658362,Automobiles & Components,2005-01-12,4
4178,2026-08-18,DEL,23783086,Utilities,2021-04-12,4
4179,2026-08-18,DEM,37636621,Utilities,2017-04-07,4
4180,2026-08-18,DES,35982125,Materials,2022-12-16,4
4181,2026-08-18,DEV,159824345,Energy,2000-10-03,4
4182,2026-08-18,DGH,31909792,Real Estate Management & Development,1987-09-04,4
4183,2026-08-18,DGL,104107220,Materials,2021-05-24,4
4184,2026-08-18,DGR,35485663,Materials,2003-08-21,4
4185,2026-08-18,DGT,1602366510,Class Pend,2024-12-13,4
4186,2026-08-18,DJW,779415150,Not Applic,1995-06-28,4
4187,2026-08-18,DKM,13722517,Materials,2014-08-04,4
4188,2026-08-18,DLI,133050062,Materials,2017-11-03,4
4189,2026-08-18,DLY,13650000,Materials,2026-06-23,4
4190,2026-08-18,DM1,4682152,Materials,2020-12-18,4
4191,2026-08-18,DME,22254051,Materials,2013-10-22,4
4192,2026-08-18,DMP,1822929702,Consumer Services,2005-05-16,4
4193,2026-08-18,DN1,344965500,Not Applic,2025-03-04,4
4194,2026-08-18,DNL,6605564392,Materials,2003-07-28,4
4195,2026-08-18,DOC,44009022,Health Care Equipment & Services,2020-12-04,4
4196,2026-08-18,DOW,4903039511,Commercial & Professional Services,1990-12-20,4
4197,2026-08-18,DPM,14800288559,Materials,2025-09-18,4
4198,2026-08-18,DRE,85878000,Materials,2006-10-31,4
4199,2026-08-18,DRO,1811217925,Capital Goods,2016-06-22,4
4200,2026-08-18,DRR,2234306455,Materials,2020-10-23,4
4201,2026-08-18,DRX,65107664,Materials,2005-06-22,4
4202,2026-08-18,DSK,42653488,Consumer Discretionary Distribution & Retail,2020-11-02,4
4203,2026-08-18,DSM,21467020,Materials,2025-10-21,4
4204,2026-08-18,DTL,1550778410,Software & Services,1997-12-23,4
4205,2026-08-18,DTM,2941163,Materials,2007-05-10,4
4206,2026-08-18,DTR,441576892,Materials,2011-06-23,4
4207,2026-08-18,DTZ,19610856,Technology Hardware & Equipment,2007-12-13,4
4208,2026-08-18,DUB,24405998,Software & Services,2000-06-30,4
4209,2026-08-18,DUG,257561925,Software & Services,2020-08-12,4
4210,2026-08-18,DUN,11751259,Materials,2021-11-10,4
4211,2026-08-18,DUR,565370974,Capital Goods,2020-11-04,4
4212,2026-08-18,DVL,30875712,"Pharmaceuticals, Biotechnology & Life Sciences",2013-12-11,4
4213,2026-08-18,DVP,1630128247,Materials,2007-04-27,4
4214,2026-08-18,DWG,15458149,Software & Services,2017-11-15,4
4215,2026-08-18,DXB,180119033,"Pharmaceuticals, Biotechnology & Life Sciences",1993-02-04,4
4216,2026-08-18,DXC,370391109,Equity Real Estate Investment Trusts (REITs),2017-07-27,4
4217,2026-08-18,DXI,737466611,Equity Real Estate Investment Trusts (REITs),2013-12-03,4
4218,2026-08-18,DXN,77437682,Software & Services,2018-04-11,4
4219,2026-08-18,DXS,6167392293,Equity Real Estate Investment Trusts (REITs),2004-10-06,4
4220,2026-08-18,DYL,1441819391,Energy,1985-12-19,4
4221,2026-08-18,DYM,20990774,Materials,2023-01-16,4
4222,2026-08-18,E25,89637121,Materials,2006-11-09,4
4223,2026-08-18,E79,9192448,Materials,2021-10-07,4
4224,2026-08-18,EAX,14897972,Commercial & Professional Services,2011-10-13,4
4225,2026-08-18,EBO,3700641659,Health Care Equipment & Services,2013-12-06,4
4226,2026-08-18,EBR,214692093,Health Care Equipment & Services,2021-11-24,4
4227,2026-08-18,ECH,77263039,Energy,2020-09-25,4
4228,2026-08-18,ECL,26819884,Capital Goods,1993-04-22,4
4229,2026-08-18,ECP,15356997,Not Applic,2014-08-14,4
4230,2026-08-18,ECS,9606297,"Pharmaceuticals, Biotechnology & Life Sciences",1986-03-13,4
4231,2026-08-18,ECT,43060708,Commercial & Professional Services,1986-02-05,4
4232,2026-08-18,EDE,52446015,Energy,2006-06-06,4
4233,2026-08-18,EDU,142574220,Consumer Services,2004-06-25,4
4234,2026-08-18,EDV,6320954369,Consumer Staples Distribution & Retail,2021-06-24,4
4235,2026-08-18,EE1,,Materials,2011-09-16,4
4236,2026-08-18,EFE,4019464,Materials,2008-05-16,4
4237,2026-08-18,EFR,2368030,Materials,2007-07-31,4
4238,2026-08-18,EG1,10921134,Materials,2023-04-11,4
4239,2026-08-18,EGA,13500000,Energy,2026-02-26,4
4240,2026-08-18,EGG,26766861,Media & Entertainment,2004-04-30,4
4241,2026-08-18,EGH,293800589,Real Estate Management & Development,2004-07-01,4
4242,2026-08-18,EGL,34625299,Capital Goods,1981-02-12,4
4243,2026-08-18,EGR,124618828,Materials,2010-10-29,4
4244,2026-08-18,EGY,12493981,Capital Goods,1992-10-22,4
4245,2026-08-18,EHL,528742252,Capital Goods,2006-07-28,4
4246,2026-08-18,EIQ,1147968407,Software & Services,2010-12-17,4
4247,2026-08-18,EL8,122374143,Energy,1985-10-23,4
4248,2026-08-18,ELD,1229927262,"Food, Beverage & Tobacco",1981-06-30,4
4249,2026-08-18,ELS,1511843576,Technology Hardware & Equipment,2017-06-08,4
4250,2026-08-18,ELT,157790295,Materials,2009-12-23,4
4251,2026-08-18,ELV,1779126986,Materials,2004-03-30,4
4252,2026-08-18,EM2,9232558,Materials,2018-03-16,4
4253,2026-08-18,EM3,55125460,Materials,2018-08-29,4
4254,2026-08-18,EMA,8059894,Materials,2021-10-13,4
4255,2026-08-18,EMB,18341785,Capital Goods,1974-01-01,4
4256,2026-08-18,EMC,29667772,Materials,2006-10-18,4
4257,2026-08-18,EMD,37101807,Health Care Equipment & Services,2020-02-12,4
4258,2026-08-18,EME,17613398,Energy,2005-09-09,4
4259,2026-08-18,EMH,74912892,Materials,2012-07-19,4
4260,2026-08-18,EML,136316005,Financial Services,2006-01-18,4
4261,2026-08-18,EMN,12151133,Materials,2018-10-02,4
4262,2026-08-18,EMP,82924024,Energy,1987-06-05,4
4263,2026-08-18,EMR,4358576655,Materials,1994-07-22,4
4264,2026-08-18,EMT,4485005,Not Applic,2010-10-26,4
4265,2026-08-18,EMU,9731944,Materials,2008-02-27,4
4265,2026-08-18,EMUCA,9731944,Materials,2008-02-27,4
4266,2026-08-18,EMV,162672232,Health Care Equipment & Services,2018-12-13,4
4267,2026-08-18,ENL,28332715,Health Care Equipment & Services,2023-12-19,4
4268,2026-08-18,ENP,58773375,"Pharmaceuticals, Biotechnology & Life Sciences",2018-12-18,4
4269,2026-08-18,ENR,117597839,Materials,2006-03-24,4
4270,2026-08-18,ENT,6669713,Materials,2007-06-20,4
4271,2026-08-18,ENV,4951523,Materials,2007-04-13,4
4272,2026-08-18,EOL,480969095,Software & Services,2007-01-15,4
4273,2026-08-18,EOS,1984234350,Capital Goods,2000-10-23,4
4274,2026-08-18,EPI,83418586,Health Care Equipment & Services,2025-12-01,4
4275,2026-08-18,EPM,49377035,Energy,2011-02-17,4
4276,2026-08-18,EPN,8560288,"Pharmaceuticals, Biotechnology & Life Sciences",2017-05-04,4
4277,2026-08-18,EPX,15133357,Software & Services,2021-05-12,4
4278,2026-08-18,EPY,29410165,Financial Services,2010-02-23,4
4279,2026-08-18,EQR,1599114544,Materials,2006-06-06,4
4280,2026-08-18,EQT,463788734,Financial Services,1985-08-06,4
4281,2026-08-18,EQU,65485994,Energy,2025-12-18,4
4282,2026-08-18,EQX,21688483,Materials,1987-05-14,4
4283,2026-08-18,ERA,,Energy,1980-11-19,4
4284,2026-08-18,ERD,150295267,Technology Hardware & Equipment,2020-09-18,4
4285,2026-08-18,ERE,9798808,Materials,2020-12-04,4
4286,2026-08-18,ERG,3813017,"Food, Beverage & Tobacco",2006-03-29,4
4287,2026-08-18,ERL,12522849,Materials,2007-02-01,4
4288,2026-08-18,ESK,72233694,Software & Services,2012-09-07,4
4289,2026-08-18,ESR,60278498,Materials,2012-05-09,4
4290,2026-08-18,ETM,103987526,Materials,2006-06-20,4
4291,2026-08-18,EUR,517927391,Materials,2010-12-02,4
4292,2026-08-18,EV1,7350553,Materials,2021-11-16,4
4293,2026-08-18,EV8,53839152,Materials,2025-09-23,4
4294,2026-08-18,EVE,5637225,Financial Services,2004-04-08,4
4295,2026-08-18,EVG,20151203,Materials,2018-01-19,4
4296,2026-08-18,EVN,28211847628,Materials,2002-08-20,4
4297,2026-08-18,EVO,80446207,Consumer Services,2014-12-05,4
4298,2026-08-18,EVR,15200016,Materials,1994-12-07,4
4299,2026-08-18,EVT,2298067047,Media & Entertainment,1962-06-30,4
4300,2026-08-18,EVZ,70471761,Capital Goods,1985-04-26,4
4301,2026-08-18,EWC,265883890,Utilities,1988-12-08,4
4302,2026-08-18,EXL,2483926,Household & Personal Products,2018-01-08,4
4303,2026-08-18,EXP,71693402,Consumer Services,2015-03-27,4
4304,2026-08-18,EXR,93458707,Energy,2004-07-19,4
4305,2026-08-18,EXT,13509598,Software & Services,2007-01-03,4
4306,2026-08-18,EYE,41306916,Health Care Equipment & Services,1987-10-12,4
4307,2026-08-18,EZL,218389945,Financial Services,1971-08-02,4
4308,2026-08-18,EZZ,21875088,Consumer Discretionary Distribution & Retail,2021-03-03,4
4309,2026-08-18,FAL,132549823,Materials,2021-12-22,4
4310,2026-08-18,FAR,27722894,Energy,1986-01-23,4
4311,2026-08-18,FAU,18817401,Materials,1970-01-01,4
4312,2026-08-18,FBR,17929316,Capital Goods,2001-02-08,4
4313,2026-08-18,FBU,3323485860,Capital Goods,2001-03-26,4
4314,2026-08-18,FCG,,Health Care Equipment & Services,2023-11-30,4
4315,2026-08-18,FCL,824649340,Software & Services,2019-08-16,4
4316,2026-08-18,FCT,10634404,Software & Services,2011-05-11,4
4317,2026-08-18,FDC,1194981726,Capital Goods,2026-07-09,4
4318,2026-08-18,FDR,202301431,Energy,2022-04-08,4
4319,2026-08-18,FDV,139471117,Media & Entertainment,2016-08-26,4
4320,2026-08-18,FEG,52128432,Materials,2022-03-28,4
4321,2026-08-18,FEL,3464015,Energy,2013-04-30,4
4322,2026-08-18,FEX,204231480,Materials,2008-08-04,4
4323,2026-08-18,FFG,,Financial Services,1995-11-23,4
4324,2026-08-18,FFI,61818129,"Food, Beverage & Tobacco",1987-01-15,4
4325,2026-08-18,FFM,1456849466,Materials,2005-09-21,4
4326,2026-08-18,FG1,12781761,Materials,2021-06-17,4
4327,2026-08-18,FGG,669522043,Not Applic,2015-09-10,4
4328,2026-08-18,FGH,25722708,Materials,1999-01-05,4
4329,2026-08-18,FGR,52150352,Materials,1994-08-08,4
4330,2026-08-18,FGX,560139960,Not Applic,1997-03-06,4
4331,2026-08-18,FHE,211388721,Materials,2009-12-18,4
4332,2026-08-18,FHS,6099780,Materials,2017-01-16,4
4333,2026-08-18,FID,274953996,Financial Services,2015-02-09,4
4334,2026-08-18,FIN,6776518,Materials,1989-11-02,4
4335,2026-08-18,FL1,,Materials,2000-02-21,4
4336,2026-08-18,FLC,82488327,Utilities,2007-12-18,4
4337,2026-08-18,FLG,58635498,Materials,2020-10-08,4
4338,2026-08-18,FLN,63128083,Commercial & Professional Services,2013-11-15,4
4339,2026-08-18,FLT,2639695781,Consumer Services,1995-12-01,4
4340,2026-08-18,FLX,14925037,Software & Services,2021-01-12,4
4341,2026-08-18,FME,16292814,Energy,2007-08-16,4
4342,2026-08-18,FMG,54651627295,Materials,1987-03-19,4
4343,2026-08-18,FML,581714049,Materials,2000-09-13,4
4344,2026-08-18,FMN,48082239,Materials,2013-10-08,4
4345,2026-08-18,FMR,26826260,Materials,2010-11-30,4
4346,2026-08-18,FND,,Software & Services,2001-08-08,4
4347,2026-08-18,FNR,10361865,Materials,2024-04-12,4
4348,2026-08-18,FNX,11214714,Financial Services,2006-12-21,4
4349,2026-08-18,FOS,9279154,Capital Goods,2021-06-07,4
4350,2026-08-18,FPC,44103344,Not Applic,2017-03-22,4
4351,2026-08-18,FPH,20655439124,Health Care Equipment & Services,2001-11-21,4
4352,2026-08-18,FPR,897254186,Financial Services,2015-04-22,4
4353,2026-08-18,FRB,35560473,Materials,2021-03-18,4
4354,2026-08-18,FRE,7754373,"Pharmaceuticals, Biotechnology & Life Sciences",2022-01-28,4
4355,2026-08-18,FRI,191846815,Real Estate Management & Development,1994-08-05,4
4356,2026-08-18,FRM,49568292,"Food, Beverage & Tobacco",1997-12-19,4
4357,2026-08-18,FRS,591279356,Materials,2021-09-30,4
4358,2026-08-18,FRW,2131828818,Transportation,2023-09-14,4
4359,2026-08-18,FRX,33367796,Telecommunication Services,2015-06-16,4
4360,2026-08-18,FSA,159586149,Financial Services,2001-01-11,4
4361,2026-08-18,FSI,33614442,Not Applic,2000-12-20,4
4362,2026-08-18,FTI,260100180,Media & Entertainment,2021-04-21,4
4363,2026-08-18,FUL,12069000,Materials,2024-11-22,4
4364,2026-08-18,FUN,44279788,Materials,2003-04-09,4
4365,2026-08-18,FWD,207186528,Consumer Durables & Apparel,1987-04-15,4
4366,2026-08-18,FXG,118759857,Materials,2022-01-31,4
4367,2026-08-18,FZR,27528334,Energy,1998-03-04,4
4368,2026-08-18,G11,26096824,Materials,2010-08-05,4
4369,2026-08-18,G1C,21161091,Real Estate Management & Development,1986-07-17,4
4370,2026-08-18,G50,108408860,Materials,2021-08-06,4
4371,2026-08-18,G6M,921266489,Materials,1967-09-21,4
4372,2026-08-18,G88,5222362,Materials,2017-06-19,4
4373,2026-08-18,GA8,43499816,Materials,1986-06-30,4
4374,2026-08-18,GAL,22726867,Materials,2018-05-29,4
4375,2026-08-18,GAP,29886952,Consumer Durables & Apparel,2000-12-14,4
4376,2026-08-18,GAS,6319059,Energy,2017-10-10,4
4377,2026-08-18,GBE,75920043,Materials,2005-12-09,4
4378,2026-08-18,GBL,7499972,Energy,2006-04-21,4
4379,2026-08-18,GBM,93259594,Materials,2007-10-24,4
4380,2026-08-18,GBR,151777154,Materials,2016-11-18,4
4381,2026-08-18,GC1,21425918,Not Applic,2015-08-21,4
4382,2026-08-18,GCI,1310058191,Not Applic,2018-05-25,4
4383,2026-08-18,GCM,24146889,Materials,2007-11-15,4
4384,2026-08-18,GCR,,Materials,1996-03-27,4
4385,2026-08-18,GDF,231715268,Equity Real Estate Investment Trusts (REITs),2015-07-02,4
4386,2026-08-18,GDG,1519686549,Insurance,2007-12-11,4
4387,2026-08-18,GDI,345486390,Equity Real Estate Investment Trusts (REITs),2013-12-17,4
4388,2026-08-18,GDM,22426465,Materials,2023-08-25,4
4389,2026-08-18,GDR,10505667,Materials,2025-10-29,4
4390,2026-08-18,GED,12312385,Materials,1986-12-04,4
4391,2026-08-18,GEM,115733813,Consumer Services,2007-12-05,4
4392,2026-08-18,GEN,29406057,Materials,2021-03-10,4
4393,2026-08-18,GES,3914206,Materials,2009-10-27,4
4394,2026-08-18,GFL,33176277,Not Applic,2006-05-16,4
4395,2026-08-18,GG1,9181384,Materials,2025-10-08,4
4396,2026-08-18,GG8,245438777,Materials,1971-07-28,4
4397,2026-08-18,GGE,3120425,Energy,1998-03-20,4
4398,2026-08-18,GGP,8392861971,Materials,2025-06-24,4
4399,2026-08-18,GGR,22403874,Materials,2025-10-31,4
4400,2026-08-18,GHM,122233802,Materials,2024-12-16,4
4401,2026-08-18,GHY,101956671,Energy,2023-01-13,4
4402,2026-08-18,GIB,6435283,Materials,2008-07-01,4
4403,2026-08-18,GL1,201183758,Materials,2021-05-06,4
4404,2026-08-18,GLB,97025334,Consumer Durables & Apparel,2001-05-24,4
4405,2026-08-18,GLE,10374000,Consumer Durables & Apparel,2005-12-14,4
4406,2026-08-18,GLF,1711298079,Real Estate Management & Development,2025-07-03,4
4407,2026-08-18,GLH,3527672,Health Care Equipment & Services,2000-04-04,4
4408,2026-08-18,GLL,9056441,Energy,1996-02-15,4
4409,2026-08-18,GLN,487901503,Materials,2011-06-08,4
4410,2026-08-18,GLS,1106269974,Not Applic,1994-06-29,4
4411,2026-08-18,GMD,8801555055,Materials,2007-08-02,4
4412,2026-08-18,GMG,60464530075,Equity Real Estate Investment Trusts (REITs),2005-02-02,4
4413,2026-08-18,GML,181179559,Materials,1971-08-02,4
4414,2026-08-18,GMN,21624422,Materials,2011-09-02,4
4415,2026-08-18,GNC,1207217398,Consumer Staples Distribution & Retail,1998-03-30,4
4416,2026-08-18,GNE,2892598333,Utilities,2014-04-17,4
4417,2026-08-18,GNG,1072816706,Materials,2011-04-19,4
4418,2026-08-18,GNM,18016900,Materials,2008-03-05,4
4419,2026-08-18,GNP,1964433956,Capital Goods,2020-12-14,4
4420,2026-08-18,GOW,115898146,Financial Services,1962-07-31,4
4421,2026-08-18,GOZ,1629954891,Equity Real Estate Investment Trusts (REITs),2007-07-04,4
4422,2026-08-18,GPR,96817860,Materials,2006-05-09,4
4423,2026-08-18,GPT,9577887150,Equity Real Estate Investment Trusts (REITs),1971-04-01,4
4424,2026-08-18,GQG,4289120216,Financial Services,2021-10-26,4
4425,2026-08-18,GR8,26151993,Materials,2023-11-10,4
4426,2026-08-18,GRE,23593686,Materials,2022-01-04,4
4427,2026-08-18,GRL,16123061,Materials,2019-12-18,4
4428,2026-08-18,GRR,156240724,Materials,1986-03-27,4
4429,2026-08-18,GRS,17160052,Materials,2026-07-31,4
4430,2026-08-18,GRV,17204753,Energy,1971-07-28,4
4431,2026-08-18,GRX,318501635,Materials,1993-09-06,4
4432,2026-08-18,GSM,5307118,Materials,2018-11-08,4
4433,2026-08-18,GSN,31574186,Materials,2011-04-14,4
4434,2026-08-18,GSS,13401191,"Pharmaceuticals, Biotechnology & Life Sciences",2015-03-31,4
4435,2026-08-18,GT1,21618492,Materials,2021-11-10,4
4436,2026-08-18,GT3,37067340,Materials,2011-05-17,4
4437,2026-08-18,GTE,6998321,Materials,2007-06-05,4
4438,2026-08-18,GTG,,"Pharmaceuticals, Biotechnology & Life Sciences",1987-07-30,4
4439,2026-08-18,GTI,13799831,Software & Services,2008-07-17,4
4440,2026-08-18,GTK,368865438,Software & Services,2014-06-25,4
4441,2026-08-18,GTN,36226501,Media & Entertainment,2016-06-01,4
4442,2026-08-18,GUL,14834008,Materials,1980-06-19,4
4443,2026-08-18,GUM,26984876,Media & Entertainment,2016-09-15,4
4444,2026-08-18,GVF,279742023,Not Applic,2014-07-21,4
4445,2026-08-18,GW1,43431774,Materials,2005-10-20,4
4446,2026-08-18,GWA,636492271,Capital Goods,1993-05-20,4
4447,2026-08-18,GWR,43940361,Materials,2004-12-24,4
4448,2026-08-18,GYG,2418065911,Consumer Services,2024-06-20,4
4449,2026-08-18,H2G,9592081,Commercial & Professional Services,1980-12-04,4
4450,2026-08-18,H3E,6703813,Energy,2004-03-10,4
4451,2026-08-18,HAL,4671033,Financial Services,2022-04-26,4
4452,2026-08-18,HAR,38055106,Materials,2022-01-27,4
4453,2026-08-18,HAS,71440500,Materials,2008-02-20,4
4454,2026-08-18,HAV,267249167,Materials,2002-03-21,4
4455,2026-08-18,HAW,26131218,Materials,1986-07-03,4
4456,2026-08-18,HCF,,Not Applic,2022-10-25,4
4457,2026-08-18,HCH,339860274,Materials,2010-05-03,4
4458,2026-08-18,HCL,14165517,Capital Goods,2005-09-15,4
4459,2026-08-18,HCT,17656049,Household & Personal Products,2004-02-26,4
4460,2026-08-18,HCW,393375782,Equity Real Estate Investment Trusts (REITs),2021-09-06,4
4461,2026-08-18,HDN,2404310702,Equity Real Estate Investment Trusts (REITs),2020-11-23,4
4462,2026-08-18,HE8,7768610,Energy,2010-10-20,4
4463,2026-08-18,HFR,8059310,Materials,2012-02-07,4
4464,2026-08-18,HFY,6722153,Telecommunication Services,2017-01-12,4
4465,2026-08-18,HGH,945206975,Banks,2018-11-01,4
4466,2026-08-18,HGO,230053031,Materials,1994-07-22,4
4467,2026-08-18,HIO,13929488,Materials,2007-11-14,4
4468,2026-08-18,HIQ,5617539,Health Care Equipment & Services,2021-06-16,4
4469,2026-08-18,HIT,54990000,Commercial & Professional Services,2000-04-17,4
4470,2026-08-18,HLI,1538240284,Financial Services,2014-05-20,4
4471,2026-08-18,HLO,253704257,Consumer Services,2000-09-13,4
4472,2026-08-18,HLS,330400899,Health Care Equipment & Services,1998-07-03,4
4473,2026-08-18,HLX,5773343,Materials,1986-05-22,4
4474,2026-08-18,HM1,696105788,Not Applic,2018-11-14,4
4475,2026-08-18,HMC,1246099508,Financial Services,2019-10-14,4
4476,2026-08-18,HMD,44028191,Health Care Equipment & Services,2018-12-12,4
4477,2026-08-18,HMG,46601339,Materials,2021-11-05,4
4478,2026-08-18,HMI,7591003,Commercial & Professional Services,2021-05-11,4
4479,2026-08-18,HMX,68742420,Materials,2003-02-25,4
4480,2026-08-18,HMY,79314711,Financial Services,2020-11-19,4
4481,2026-08-18,HOR,18750227,Materials,2010-07-29,4
4482,2026-08-18,HPC,2689942,Household & Personal Products,2021-12-14,4
4483,2026-08-18,HPG,106521391,Media & Entertainment,2020-11-12,4
4484,2026-08-18,HPR,19813173,Energy,2007-03-30,4
4485,2026-08-18,HRE,8321355,Materials,2022-08-24,4
4486,2026-08-18,HRN,204532134,Materials,2016-12-21,4
4487,2026-08-18,HSN,865144561,Software & Services,2000-06-01,4
4488,2026-08-18,HT8,8598216,Transportation,1999-06-24,4
4489,2026-08-18,HTM,25793557,Materials,2023-01-23,4
4490,2026-08-18,HUB,7048081840,Financial Services,2007-07-05,4
4491,2026-08-18,HUM,204490354,Financial Services,2006-12-12,4
4492,2026-08-18,HVN,5731630608,Consumer Discretionary Distribution & Retail,1987-09-03,4
4493,2026-08-18,HVY,25948225,Materials,2021-09-14,4
4494,2026-08-18,HWK,22769443,Materials,2017-06-09,4
4495,2026-08-18,HXL,,"Pharmaceuticals, Biotechnology & Life Sciences",2020-12-01,4
4496,2026-08-18,HYD,5074123,Technology Hardware & Equipment,2001-05-11,4
4497,2026-08-18,HYT,10619390,Energy,2005-12-14,4
4498,2026-08-18,HZN,408130076,Energy,1981-06-30,4
4499,2026-08-18,HZR,93746743,Materials,2015-12-02,4
4500,2026-08-18,I88,12984868,Materials,2024-01-15,4
4501,2026-08-18,IAG,19007557053,Insurance,2000-08-08,4
4502,2026-08-18,IAM,14893933,Financial Services,1987-01-14,4
4503,2026-08-18,IBC,44162407,Not Applic,1987-04-02,4
4504,2026-08-18,IBR,59737675,Materials,2001-06-07,4
4505,2026-08-18,IBX,5939299,Health Care Equipment & Services,2017-06-22,4
4506,2026-08-18,ICE,23915733,Software & Services,2019-12-23,4
4507,2026-08-18,ICL,9589959,Materials,2021-04-14,4
4508,2026-08-18,ICR,18597976,Health Care Equipment & Services,2020-05-25,4
4509,2026-08-18,ICU,,Financial Services,2006-07-31,4
4510,2026-08-18,ID8DA,1848305,Software & Services,2018-10-17,4
4511,2026-08-18,IDA,14173114,Materials,1986-07-17,4
4512,2026-08-18,IDT,18799509,"Pharmaceuticals, Biotechnology & Life Sciences",1991-02-18,4
4513,2026-08-18,IDX,831938378,Health Care Equipment & Services,2015-10-21,4
4514,2026-08-18,IEL,609556302,Consumer Services,2015-11-26,4
4515,2026-08-18,IEQ,5128943,Real Estate Management & Development,1993-03-11,4
4516,2026-08-18,IFG,,Software & Services,2004-08-10,4
4517,2026-08-18,IFN,93453780,Commercial & Professional Services,2025-06-25,4
4518,2026-08-18,IFT,12486211915,Capital Goods,2010-08-30,4
4519,2026-08-18,IG6,10009679,Capital Goods,2022-04-07,4
4520,2026-08-18,IGL,437489150,Media & Entertainment,2015-12-16,4
4521,2026-08-18,IGN,11081938,Commercial & Professional Services,1997-01-16,4
4522,2026-08-18,IGO,6171732676,Materials,2002-01-17,4
4523,2026-08-18,IIQ,26747337,Health Care Equipment & Services,1991-04-18,4
4524,2026-08-18,IKE,180365486,Technology Hardware & Equipment,2016-11-21,4
4525,2026-08-18,ILA,127321573,"Pharmaceuticals, Biotechnology & Life Sciences",2021-04-13,4
4526,2026-08-18,ILT,38267702,Materials,2023-06-30,4
4527,2026-08-18,ILU,3095980093,Materials,1962-06-30,4
4528,2026-08-18,IMA,21744637,Materials,2002-07-04,4
4529,2026-08-18,IMB,271799630,Commercial & Professional Services,1994-03-03,4
4530,2026-08-18,IMC,12591075,"Pharmaceuticals, Biotechnology & Life Sciences",1999-04-30,4
4531,2026-08-18,IMD,1888696319,Materials,1987-09-24,4
4532,2026-08-18,IME,16862671,Health Care Equipment & Services,2005-12-14,4
4533,2026-08-18,IMI,3919287,Materials,2021-12-22,4
4534,2026-08-18,IMM,76633508,"Pharmaceuticals, Biotechnology & Life Sciences",1988-06-23,4
4535,2026-08-18,IMR,713499569,Health Care Equipment & Services,2019-08-30,4
4536,2026-08-18,IMU,40646746,"Pharmaceuticals, Biotechnology & Life Sciences",1993-11-24,4
4537,2026-08-18,INA,1728153039,Equity Real Estate Investment Trusts (REITs),2004-07-01,4
4538,2026-08-18,IND,12038700,Materials,2021-07-13,4
4539,2026-08-18,INF,4147248,Materials,2011-04-15,4
4540,2026-08-18,ING,817695122,"Food, Beverage & Tobacco",2016-11-07,4
4541,2026-08-18,INR,355079100,Materials,2007-12-19,4
4542,2026-08-18,INV,14924609,Financial Services,2005-04-21,4
4543,2026-08-18,IOD,57754003,Software & Services,2003-11-18,4
4544,2026-08-18,ION,71300220,Materials,2005-04-21,4
4545,2026-08-18,IOV,57452342,Software & Services,2011-07-26,4
4546,2026-08-18,IPC,10873506,Financial Services,1971-07-28,4
4547,2026-08-18,IPD,18312468,Health Care Equipment & Services,2007-10-24,4
4548,2026-08-18,IPG,621801124,Capital Goods,2021-12-17,4
4549,2026-08-18,IPH,1076431264,Commercial & Professional Services,2014-11-19,4
4550,2026-08-18,IPT,18604217,Materials,2006-11-29,4
4551,2026-08-18,IPX,1282330177,Materials,2018-04-16,4
4552,2026-08-18,IRD,12602892,Materials,2008-06-12,4
4553,2026-08-18,IRE,1305658423,Software & Services,2000-11-03,4
4554,2026-08-18,IRI,52371623,Software & Services,2000-12-13,4
4555,2026-08-18,IS3,11149099,Software & Services,2017-03-30,4
4556,2026-08-18,ITM,11944269,Materials,2021-10-21,4
4557,2026-08-18,ITS,45456564,Software & Services,1999-10-22,4
4558,2026-08-18,IVG,14662679,"Pharmaceuticals, Biotechnology & Life Sciences",2004-03-19,4
4559,2026-08-18,IVR,128520030,Materials,2007-04-03,4
4560,2026-08-18,IVX,4149624,"Pharmaceuticals, Biotechnology & Life Sciences",2010-02-15,4
4561,2026-08-18,IVZ,119684605,Energy,2012-01-19,4
4562,2026-08-18,IXC,8642693,"Pharmaceuticals, Biotechnology & Life Sciences",2019-07-05,4
4563,2026-08-18,IXR,71616504,Materials,1999-12-10,4
4564,2026-08-18,JAL,38071085,Materials,2007-12-18,4
4565,2026-08-18,JAN,25469049,Software & Services,2000-09-12,4
4566,2026-08-18,JAT,15729902,Consumer Discretionary Distribution & Retail,2008-01-30,4
4567,2026-08-18,JAV,19679726,Materials,2012-10-09,4
4568,2026-08-18,JAY,,Transportation,2018-01-29,4
4569,2026-08-18,JBH,7833779739,Consumer Discretionary Distribution & Retail,2003-10-23,4
4570,2026-08-18,JCS,12402020,Software & Services,2000-12-08,4
4571,2026-08-18,JDO,1026953567,Banks,2021-11-01,4
4572,2026-08-18,JGH,159660746,Materials,1995-02-13,4
4573,2026-08-18,JHX,25407971792,Materials,2001-10-15,4
4574,2026-08-18,JIN,484639266,Consumer Services,1972-06-14,4
4575,2026-08-18,JLL,42921081,Materials,2002-07-11,4
4576,2026-08-18,JMS,520950396,Materials,2018-04-18,4
4577,2026-08-18,JNO,5440163,Materials,2021-05-14,4
4578,2026-08-18,JNS,59541382,Utilities,2002-09-12,4
4579,2026-08-18,JPR,32038805,Energy,2003-11-12,4
4580,2026-08-18,JYC,187173473,Consumer Discretionary Distribution & Retail,1986-12-17,4
4581,2026-08-18,KAL,9573274,Materials,2021-11-17,4
4582,2026-08-18,KAM,12054260,Financial Services,2007-11-29,4
4583,2026-08-18,KAO,40612050,Materials,2026-05-07,4
4584,2026-08-18,KAR,1221801929,Energy,2004-06-08,4
4585,2026-08-18,KAT,44525217,Not Applic,2005-12-23,4
4586,2026-08-18,KAU,139224152,Materials,2020-02-28,4
4587,2026-08-18,KBC,,Financial Services,1999-12-23,4
4588,2026-08-18,KCC,42015213,Materials,2021-03-30,4
4589,2026-08-18,KCN,1330240805,Materials,1988-04-21,4
4590,2026-08-18,KEY,3775172,Energy,2007-04-26,4
4591,2026-08-18,KFM,8117655,Materials,2020-12-11,4
4592,2026-08-18,KGL,374779476,Materials,2005-03-17,4
4593,2026-08-18,KGN,426575903,Consumer Discretionary Distribution & Retail,2016-07-07,4
4594,2026-08-18,KIT,176249715,Class Pend,2026-03-30,4
4595,2026-08-18,KKC,693447844,Not Applic,2019-11-21,4
4596,2026-08-18,KKO,61860527,Energy,2011-07-21,4
4597,2026-08-18,KLI,69684771,Materials,2022-02-10,4
4598,2026-08-18,KLR,12529031,Energy,1997-03-06,4
4599,2026-08-18,KLS,1274069885,Transportation,2013-10-16,4
4600,2026-08-18,KLV,137501882,Commercial & Professional Services,2022-02-11,4
4601,2026-08-18,KM1,19946691,Materials,2024-01-08,4
4602,2026-08-18,KMD,105805936,Consumer Discretionary Distribution & Retail,2009-11-13,4
4603,2026-08-18,KME,37793382,Consumer Services,2003-08-15,4
4604,2026-08-18,KNB,29586299,Materials,2021-09-28,4
4605,2026-08-18,KNG,5618430,Materials,2022-06-14,4
4606,2026-08-18,KNI,5371113,Materials,2021-08-24,4
4607,2026-08-18,KNO,5403467,Software & Services,2015-09-09,4
4608,2026-08-18,KOA,303755706,Consumer Discretionary Distribution & Retail,2026-03-31,4
4609,2026-08-18,KOB,10855520,Materials,2022-05-04,4
4610,2026-08-18,KOV,202551810,Capital Goods,1970-09-17,4
4611,2026-08-18,KP2,310556299,Materials,2017-11-07,4
4612,2026-08-18,KPG,198757061,Commercial & Professional Services,2017-06-21,4
4613,2026-08-18,KPO,70392497,Utilities,1971-08-02,4
4614,2026-08-18,KRM,17331110,Materials,2007-12-07,4
4615,2026-08-18,KRR,138714246,Materials,2007-09-21,4
4616,2026-08-18,KSC,416015828,Transportation,1971-08-25,4
4617,2026-08-18,KSL,356142078,Banks,2015-07-30,4
4618,2026-08-18,KSN,40054365,Materials,1987-03-05,4
4619,2026-08-18,KTA,12073566,Materials,2012-12-28,4
4620,2026-08-18,KTK,31612500,Capital Goods,2026-05-18,4
4621,2026-08-18,KYN,7387603,Consumer Services,2014-07-11,4
4622,2026-08-18,KYP,63311275,Software & Services,2015-09-08,4
4623,2026-08-18,KZR,60763079,Materials,2017-01-16,4
4624,2026-08-18,L1G,3041363509,Financial Services,2007-05-23,4
4625,2026-08-18,L1M,4561273,Materials,2022-11-22,4
4626,2026-08-18,LAC,75217238,Materials,2005-10-25,4
4627,2026-08-18,LAM,175484145,Energy,2013-04-30,4
4628,2026-08-18,LAT,25486436,Materials,2007-12-13,4
4629,2026-08-18,LAU,243557287,Transportation,1994-07-05,4
4630,2026-08-18,LBL,68182159,Capital Goods,2007-12-17,4
4631,2026-08-18,LCE,26980953,Financial Services,1987-03-06,4
4632,2026-08-18,LCL,8438550,Materials,2007-10-02,4
4633,2026-08-18,LCY,39048170,Materials,2008-07-08,4
4634,2026-08-18,LDR,18266485,Materials,2021-07-02,4
4635,2026-08-18,LDX,108654342,Health Care Equipment & Services,2021-07-05,4
4636,2026-08-18,LED,207571186,Equity Real Estate Investment Trusts (REITs),2019-12-06,4
4637,2026-08-18,LEG,21858579,Materials,1995-08-25,4
4638,2026-08-18,LEL,35840502,Materials,2021-05-19,4
4639,2026-08-18,LEX,37081743,Materials,1991-09-05,4
4640,2026-08-18,LF1,261953650,Not Applic,2025-06-27,4
4641,2026-08-18,LFG,974556000,Financial Services,2020-12-15,4
4642,2026-08-18,LFS,930560946,Financial Services,2021-04-20,4
4643,2026-08-18,LFT,257461646,Materials,2026-05-26,4
4644,2026-08-18,LGF,1078250002,Not Applic,2026-04-24,4
4645,2026-08-18,LGI,202742937,Utilities,2022-10-04,4
4646,2026-08-18,LGM,21012099,Materials,2021-09-13,4
4647,2026-08-18,LGP,59614466,"Pharmaceuticals, Biotechnology & Life Sciences",2020-02-20,4
4648,2026-08-18,LIB,24603656,Materials,2003-11-20,4
4649,2026-08-18,LIC,673222499,Real Estate Management & Development,1998-12-15,4
4650,2026-08-18,LIN,1516505052,Materials,2000-03-02,4
4651,2026-08-18,LIO,4973845,Energy,1972-02-15,4
4652,2026-08-18,LIS,89628032,Capital Goods,2021-09-28,4
4653,2026-08-18,LIT,15150570,Materials,2007-10-30,4
4654,2026-08-18,LKE,115928165,Materials,2001-08-29,4
4655,2026-08-18,LKO,23608928,Energy,1985-12-05,4
4656,2026-08-18,LKY,20289193,Materials,2021-07-08,4
4657,2026-08-18,LLC,1982857701,Real Estate Management & Development,1962-06-30,4
4658,2026-08-18,LLM,66994627,Materials,2021-07-06,4
4659,2026-08-18,LM1,24021983,Materials,2023-03-29,4
4660,2026-08-18,LM8,69235071,Materials,2021-06-16,4
4661,2026-08-18,LMG,30733660,Materials,1986-12-18,4
4662,2026-08-18,LML,24679268,Materials,2007-03-09,4
4663,2026-08-18,LMS,13435917,Materials,2024-03-15,4
4664,2026-08-18,LNQ,73830013,Materials,2025-06-27,4
4665,2026-08-18,LNW,10625082060,Consumer Services,2023-05-22,4
4666,2026-08-18,LOT,105074224,Materials,2009-02-18,4
4667,2026-08-18,LOV,2677656785,Consumer Discretionary Distribution & Retail,2014-12-18,4
4668,2026-08-18,LPE,18262444,Utilities,2011-10-11,4
4669,2026-08-18,LPM,20064200,Materials,2022-04-26,4
4670,2026-08-18,LRD,2480828,Materials,2022-04-07,4
4671,2026-08-18,LRK,92353108,"Food, Beverage & Tobacco",2003-11-12,4
4672,2026-08-18,LRM,73278343,Materials,2003-07-17,4
4673,2026-08-18,LRT,99431670,Not Applic,2018-03-22,4
4674,2026-08-18,LRV,615460413,Materials,2021-12-06,4
4675,2026-08-18,LSA,55733479,Materials,1971-07-28,4
4676,2026-08-18,LSF,2995639662,Not Applic,2018-04-24,4
4677,2026-08-18,LSR,13838461,Materials,2007-12-21,4
4678,2026-08-18,LSX,126056458,Not Applic,2013-03-13,4
4679,2026-08-18,LTP,87253241,"Pharmaceuticals, Biotechnology & Life Sciences",2023-12-11,4
4680,2026-08-18,LTR,4132844230,Materials,2006-12-27,4
4681,2026-08-18,LU7,9696661,Materials,2011-10-19,4
4682,2026-08-18,LUX,38691990,Materials,2026-07-17,4
4683,2026-08-18,LVE,3850746,Software & Services,2014-12-05,4
4684,2026-08-18,LYC,16728072846,Materials,1986-09-11,4
4685,2026-08-18,LYL,762217535,Capital Goods,2004-12-17,4
4686,2026-08-18,M24,7800513,Materials,2021-02-05,4
4687,2026-08-18,M2M,4647781,Materials,2021-09-10,4
4688,2026-08-18,M2R,6328770,Materials,2020-10-22,4
4689,2026-08-18,M3M,4802524,Materials,2021-07-29,4
4690,2026-08-18,M4M,27453784,Materials,1987-01-16,4
4691,2026-08-18,M79,21238693,Materials,2022-04-13,4
4692,2026-08-18,M7T,65802720,Health Care Equipment & Services,2005-11-30,4
4693,2026-08-18,M96,12614745,Materials,2008-01-15,4
4694,2026-08-18,MA1,556584262,Not Applic,2025-03-05,4
4695,2026-08-18,MAD,1424232096,Commercial & Professional Services,2019-10-01,4
4696,2026-08-18,MAF,1197441155,Financial Services,2017-04-10,4
4697,2026-08-18,MAG,13058007,Materials,2017-05-19,4
4698,2026-08-18,MAH,2133435960,Materials,1983-12-01,4
4699,2026-08-18,MAM,54534807,Financial Services,2018-04-30,4
4700,2026-08-18,MAN,12545198,Materials,1987-05-29,4
4701,2026-08-18,MAP,38724333,Health Care Equipment & Services,2022-04-05,4
4702,2026-08-18,MAQ,1639209355,Software & Services,1999-09-27,4
4703,2026-08-18,MAT,44674840,Materials,2005-04-20,4
4704,2026-08-18,MAY,18909844,Energy,1998-03-27,4
4705,2026-08-18,MBG,9903700,Materials,2026-02-06,4
4706,2026-08-18,MBH,30463249,"Food, Beverage & Tobacco",2004-08-27,4
4707,2026-08-18,MBK,10942294,Materials,2011-03-02,4
4708,2026-08-18,MC2,1121802494,Materials,2025-04-02,4
4709,2026-08-18,MCA,32223177,"Food, Beverage & Tobacco",2011-03-30,4
4710,2026-08-18,MCM,232354431,Energy,1980-04-24,4
4711,2026-08-18,MCO,12675811,Materials,1996-11-21,4
4712,2026-08-18,MCP,21592371,Household & Personal Products,1962-06-30,4
4713,2026-08-18,MCY,7866226038,Utilities,2013-05-10,4
4714,2026-08-18,MDI,16886470,Materials,2010-12-16,4
4715,2026-08-18,MDX,106344834,Materials,2004-12-08,4
4716,2026-08-18,MEC,37441308,Financial Services,2017-05-03,4
4717,2026-08-18,MEG,12972299,Materials,2020-10-27,4
4718,2026-08-18,MEI,595856854,Materials,2004-07-16,4
4719,2026-08-18,MEK,341213738,Materials,1999-12-21,4
4720,2026-08-18,MEL,367423,Energy,2004-12-23,4
4721,2026-08-18,MEM,18523402,"Pharmaceuticals, Biotechnology & Life Sciences",2007-05-14,4
4722,2026-08-18,MEU,124360022,Energy,2007-11-21,4
4723,2026-08-18,MEX,10941635,Materials,2022-06-07,4
4724,2026-08-18,MEZ,12263005962,Utilities,2013-10-29,4
4725,2026-08-18,MFD,9050953,Consumer Services,2016-11-30,4
4726,2026-08-18,MFF,3167045384,Not Applic,2006-12-19,4
4727,2026-08-18,MFG,3142608814,Financial Services,2004-07-01,4
4728,2026-08-18,MGA,14388066,Materials,2022-07-06,4
4729,2026-08-18,MGH,2074052981,Capital Goods,2020-12-04,4
4730,2026-08-18,MGL,14194027,Materials,1983-07-07,4
4731,2026-08-18,MGR,6846067476,Equity Real Estate Investment Trusts (REITs),1999-06-16,4
4732,2026-08-18,MGT,4351270,Materials,2006-04-06,4
4733,2026-08-18,MGU,25704297,Materials,1987-04-23,4
4734,2026-08-18,MGX,407247914,Materials,1976-02-12,4
4735,2026-08-18,MHC,16570813,Energy,2008-01-29,4
4736,2026-08-18,MHJ,132770698,Consumer Discretionary Distribution & Retail,2016-07-07,4
4737,2026-08-18,MHK,9871405,Materials,2020-11-19,4
4738,2026-08-18,MHM,10428000,Materials,2024-12-20,4
4739,2026-08-18,MI6,1748364762,Materials,2021-10-12,4
4740,2026-08-18,MIN,13341703402,Materials,2006-07-28,4
4741,2026-08-18,MIO,10035454,Materials,2019-12-06,4
4742,2026-08-18,MIR,573078431,Not Applic,2001-06-28,4
4743,2026-08-18,MKR,126945416,Materials,2020-07-14,4
4744,2026-08-18,ML8,15994083,Materials,2025-12-11,4
4745,2026-08-18,MLG,125864664,Materials,2021-05-04,4
4746,2026-08-18,MLS,13215951,Materials,1986-01-23,4
4747,2026-08-18,MLX,1666416091,Materials,2004-08-26,4
4748,2026-08-18,MM1,285719077,Materials,2021-09-07,4
4749,2026-08-18,MM8,437777983,Materials,2021-03-22,4
4750,2026-08-18,MMA,150849380,Materials,2022-04-29,4
4751,2026-08-18,MME,58530978,Financial Services,2019-12-12,4
4752,2026-08-18,MMI,443762549,Materials,2009-12-04,4
4753,2026-08-18,MML,7076456,Materials,2022-05-02,4
4754,2026-08-18,MMR,3743980,Energy,2006-05-29,4
4755,2026-08-18,MMS,1420021259,Commercial & Professional Services,2004-03-15,4
4756,2026-08-18,MNB,22045868,Materials,2010-10-18,4
4757,2026-08-18,MNC,6283758,Consumer Durables & Apparel,2024-10-30,4
4758,2026-08-18,MND,3141331750,Capital Goods,1991-03-28,4
4759,2026-08-18,MNE,23132727,Energy,2026-02-25,4
4760,2026-08-18,MNV,103546991,Software & Services,2026-07-24,4
4761,2026-08-18,MOH,6318552,Materials,2018-11-07,4
4762,2026-08-18,MOM,4031405,Materials,1987-01-15,4
4763,2026-08-18,MOT,535990874,Not Applic,2019-04-29,4
4764,2026-08-18,MOV,19142103,Transportation,2022-07-01,4
4765,2026-08-18,MP1,5058869328,Software & Services,2015-12-17,4
4766,2026-08-18,MPK,138356578,Materials,2022-03-16,4
4767,2026-08-18,MPL,13907716362,Insurance,2014-11-25,4
4768,2026-08-18,MPP,24099635,Capital Goods,2014-07-30,4
4769,2026-08-18,MPR,,Financial Services,1974-01-01,4
4770,2026-08-18,MPW,222079193,Capital Goods,2012-11-01,4
4771,2026-08-18,MPX,15417689,Real Estate Management & Development,2014-11-28,4
4772,2026-08-18,MQG,99974245115,Financial Services,2007-11-05,4
4773,2026-08-18,MQR,4661085,Materials,2017-03-15,4
4774,2026-08-18,MRD,38522399,Materials,2004-09-15,4
4775,2026-08-18,MRE,273306340,Not Applic,2024-10-16,4
4776,2026-08-18,MRQ,7463503,Materials,2011-06-08,4
4777,2026-08-18,MRR,30004146,Materials,2011-11-11,4
4778,2026-08-18,MRT,254794659,Materials,1992-02-06,4
4779,2026-08-18,MRZ,18479336,Materials,2019-05-07,4
4780,2026-08-18,MSB,3181932870,"Pharmaceuticals, Biotechnology & Life Sciences",2004-12-16,4
4781,2026-08-18,MSG,792399,Commercial & Professional Services,2012-01-17,4
4782,2026-08-18,MSI,408912,Capital Goods,1993-02-11,4
4783,2026-08-18,MSV,112598781,Materials,2011-08-02,4
4784,2026-08-18,MTC,49960990,Materials,2017-02-24,4
4785,2026-08-18,MTH,42184746,Materials,2002-11-18,4
4786,2026-08-18,MTL,7233115,Materials,2000-07-11,4
4787,2026-08-18,MTM,323037401,Materials,2021-07-15,4
4788,2026-08-18,MTO,200907355,Consumer Discretionary Distribution & Retail,2016-04-29,4
4789,2026-08-18,MTS,3387156564,Consumer Staples Distribution & Retail,2005-04-08,4
4790,2026-08-18,MVF,272744388,Health Care Equipment & Services,2014-06-26,4
4791,2026-08-18,MVL,18488522,Materials,2016-06-14,4
4792,2026-08-18,MVP,51822829,"Pharmaceuticals, Biotechnology & Life Sciences",2003-12-15,4
4793,2026-08-18,MX1,21065122,Health Care Equipment & Services,2015-12-22,4
4794,2026-08-18,MXI,91405999,Capital Goods,1994-12-07,4
4795,2026-08-18,MXO,16780973,Media & Entertainment,2011-05-09,4
4796,2026-08-18,MXT,2366543890,Not Applic,2017-10-09,4
4797,2026-08-18,MYE,166677270,Materials,2010-05-07,4
4798,2026-08-18,MYG,272127748,Capital Goods,1986-10-30,4
4799,2026-08-18,MYR,363456702,Consumer Discretionary Distribution & Retail,2009-11-02,4
4800,2026-08-18,MYS,812898592,Banks,2009-09-10,4
4801,2026-08-18,MYX,268111229,"Pharmaceuticals, Biotechnology & Life Sciences",2007-06-29,4
4802,2026-08-18,N1H,13208336,Financial Services,2016-03-18,4
4803,2026-08-18,NAB,123011618999,Banks,1962-01-31,4
4804,2026-08-18,NAC,26789919,Not Applic,2014-11-12,4
4805,2026-08-18,NAE,8684525,Energy,1994-02-18,4
4806,2026-08-18,NAG,10114356,Materials,2006-06-23,4
4807,2026-08-18,NAN,1058144494,Health Care Equipment & Services,2007-05-17,4
4808,2026-08-18,NC1,15047374,Materials,2022-01-19,4
4809,2026-08-18,NC6,31898440,"Pharmaceuticals, Biotechnology & Life Sciences",2017-10-18,4
4810,2026-08-18,NCC,35054810,Not Applic,2013-02-26,4
4811,2026-08-18,NCK,1386452631,Consumer Discretionary Distribution & Retail,2004-05-26,4
4812,2026-08-18,NDO,80559754,Consumer Services,2023-10-16,4
4813,2026-08-18,NEC,1530260449,Media & Entertainment,2013-12-06,4
4814,2026-08-18,NEM,176036540569,Materials,2023-10-27,4
4815,2026-08-18,NES,9746413,Materials,2017-12-07,4
4816,2026-08-18,NEU,2909462749,"Pharmaceuticals, Biotechnology & Life Sciences",2005-02-03,4
4817,2026-08-18,NFL,,Materials,2022-03-22,4
4818,2026-08-18,NFM,12168075,Materials,2010-12-14,4
4819,2026-08-18,NGE,44056886,Not Applic,2007-12-28,4
4820,2026-08-18,NGI,1568209389,Financial Services,2006-04-28,4
4821,2026-08-18,NGS,6661864,Household & Personal Products,2020-10-30,4
4822,2026-08-18,NGX,7430171,Materials,2023-06-16,4
4823,2026-08-18,NGY,86354952,Energy,1987-01-15,4
4824,2026-08-18,NH3,64021039,Materials,2008-10-30,4
4825,2026-08-18,NHC,4733566833,Energy,2003-09-16,4
4826,2026-08-18,NHE,34916760,Energy,2022-04-08,4
4827,2026-08-18,NHF,3637511165,Insurance,2007-11-05,4
4828,2026-08-18,NHU,12797334,Energy,2026-07-07,4
4829,2026-08-18,NIC,3625516456,Materials,2018-08-20,4
4830,2026-08-18,NIM,15706245,Materials,2021-11-22,4
4831,2026-08-18,NME,5126755,Materials,2007-12-06,4
4832,2026-08-18,NMG,663387495,Materials,2001-03-22,4
4833,2026-08-18,NMR,76390615,Materials,2020-11-16,4
4834,2026-08-18,NMT,20145640,Materials,2002-07-10,4
4835,2026-08-18,NNL,79180073,Materials,2022-06-01,4
4836,2026-08-18,NOL,106052677,Insurance,2021-07-22,4
4837,2026-08-18,NOR,8698618,Software & Services,1995-06-27,4
4838,2026-08-18,NOU,33253118,"Food, Beverage & Tobacco",1985-11-07,4
4839,2026-08-18,NOV,11220663,Software & Services,2016-01-18,4
4840,2026-08-18,NOX,24886274,"Pharmaceuticals, Biotechnology & Life Sciences",2016-08-09,4
4841,2026-08-18,NPM,4920693,Materials,2011-04-11,4
4842,2026-08-18,NRX,8419331,Materials,2017-11-15,4
4843,2026-08-18,NRZ,,Materials,2005-03-17,4
4844,2026-08-18,NS1,17873960,Technology Hardware & Equipment,2016-05-12,4
4845,2026-08-18,NSB,21824239,"Pharmaceuticals, Biotechnology & Life Sciences",2018-07-27,4
4846,2026-08-18,NSC,43560427,Not Applic,2004-03-25,4
4847,2026-08-18,NSM,7477425,Materials,2020-09-24,4
4848,2026-08-18,NST,33041229388,Materials,2003-12-17,4
4849,2026-08-18,NTD,31864446,Consumer Discretionary Distribution & Retail,2017-12-15,4
4850,2026-08-18,NTI,22624979,Health Care Equipment & Services,2016-11-04,4
4851,2026-08-18,NTM,,Materials,1993-12-22,4
4852,2026-08-18,NTU,248261195,Materials,2006-11-15,4
4853,2026-08-18,NUC,13329595,"Food, Beverage & Tobacco",2019-12-09,4
4854,2026-08-18,NUF,1133559832,Materials,1988-11-10,4
4855,2026-08-18,NUZ,46505970,"Pharmaceuticals, Biotechnology & Life Sciences",2001-10-05,4
4856,2026-08-18,NVA,274999450,Materials,1987-06-11,4
4857,2026-08-18,NVO,26821356,Materials,2023-09-11,4
4858,2026-08-18,NVQ,,Software & Services,2018-12-13,4
4859,2026-08-18,NVU,75024723,Technology Hardware & Equipment,2018-11-30,4
4860,2026-08-18,NVX,149667688,Technology Hardware & Equipment,2015-12-02,4
4861,2026-08-18,NWH,3326540704,Capital Goods,2007-09-05,4
4862,2026-08-18,NWL,5894428806,Financial Services,2017-11-20,4
4863,2026-08-18,NWM,12166976,Materials,2018-11-29,4
4864,2026-08-18,NWSLV,25336246443,Media & Entertainment,2013-06-19,4
4864,2026-08-18,NWS,25336246443,Media & Entertainment,2013-06-19,4
4865,2026-08-18,NX1,2783411,"Pharmaceuticals, Biotechnology & Life Sciences",2017-01-11,4
4866,2026-08-18,NXD,16770729,Consumer Services,2009-08-24,4
4867,2026-08-18,NXG,9910080173,Energy,2021-07-02,4
4868,2026-08-18,NXL,509911899,Software & Services,2020-12-04,4
4869,2026-08-18,NXM,26565423,Materials,2007-02-23,4
4870,2026-08-18,NXN,48047088,"Pharmaceuticals, Biotechnology & Life Sciences",2025-10-14,4
4871,2026-08-18,NXT,11261765551,Software & Services,2010-12-13,4
4872,2026-08-18,NYM,10562740,Materials,2022-04-14,4
4873,2026-08-18,NYR,181613230,"Pharmaceuticals, Biotechnology & Life Sciences",2020-01-16,4
4874,2026-08-18,NZK,110327366,"Food, Beverage & Tobacco",2016-10-19,4
4875,2026-08-18,NZM,165599825,Media & Entertainment,2016-06-27,4
4876,2026-08-18,OAK,2367841,Software & Services,2007-06-22,4
4877,2026-08-18,OB1,7683044,Materials,2005-09-15,4
4878,2026-08-18,OBL,425774060,Financial Services,2000-01-28,4
4879,2026-08-18,OBM,2659251711,Materials,2002-10-29,4
4880,2026-08-18,OCA,477992480,Health Care Equipment & Services,2017-05-05,4
4881,2026-08-18,OCC,208333950,"Pharmaceuticals, Biotechnology & Life Sciences",2014-08-12,4
4882,2026-08-18,OCL,697977112,Software & Services,2000-08-17,4
4883,2026-08-18,OCN,95335992,Materials,2022-07-01,4
4884,2026-08-18,OCT,2390314,Materials,2022-09-16,4
4885,2026-08-18,OD6,36857794,Materials,2022-06-22,4
4886,2026-08-18,ODA,15751194,Software & Services,1986-09-15,4
4887,2026-08-18,ODE,41219602,Materials,1986-07-03,4
4888,2026-08-18,ODY,45210269,Materials,2005-11-30,4
4889,2026-08-18,OEC,24213579,Capital Goods,1989-01-24,4
4890,2026-08-18,OEL,28770059,Energy,2004-12-22,4
4891,2026-08-18,OEQ,2973353,Financial Services,1970-11-19,4
4892,2026-08-18,OFX,189693792,Financial Services,2013-10-11,4
4893,2026-08-18,OIL,172289144,Health Care Equipment & Services,1997-08-08,4
4894,2026-08-18,OKJ,3932179,Materials,2008-06-11,4
4895,2026-08-18,OLH,,Capital Goods,1960-06-15,4
4896,2026-08-18,OLI,3785123,Consumer Services,2017-06-21,4
4897,2026-08-18,OLL,11732097,Software & Services,2019-12-12,4
4898,2026-08-18,OLY,7015158,Materials,2017-09-12,4
4899,2026-08-18,OM1,4882751,Materials,2022-03-02,4
4900,2026-08-18,OMA,289297107,Energy,2022-10-25,4
4901,2026-08-18,OMG,6624064,"Food, Beverage & Tobacco",2020-08-31,4
4902,2026-08-18,OMH,172407780,Materials,1998-03-12,4
4903,2026-08-18,OML,876831525,Media & Entertainment,2014-12-17,4
4904,2026-08-18,OMX,12092598,Materials,2021-12-08,4
4905,2026-08-18,ONE,140564838,Health Care Equipment & Services,2016-03-17,4
4906,2026-08-18,OPH,540816608,Not Applic,2018-12-19,4
4907,2026-08-18,OR3,53784314,Materials,2011-09-01,4
4908,2026-08-18,ORA,1770620345,Materials,2013-12-18,4
4909,2026-08-18,ORD,40464395,Materials,2024-07-19,4
4910,2026-08-18,ORE,1850645282,Materials,2025-08-08,4
4911,2026-08-18,ORG,20655744575,Utilities,1961-07-13,4
4912,2026-08-18,ORI,10346269180,Materials,1961-11-28,4
4913,2026-08-18,ORN,205950748,Materials,2003-10-31,4
4914,2026-08-18,ORP,47921235,Materials,1986-01-23,4
4915,2026-08-18,OSL,37068574,"Pharmaceuticals, Biotechnology & Life Sciences",2005-08-15,4
4916,2026-08-18,OSM,90622945,Materials,2022-04-22,4
4917,2026-08-18,OSX,3121168,Health Care Equipment & Services,2019-09-23,4
4918,2026-08-18,OVT,2293795,Media & Entertainment,2000-10-12,4
4919,2026-08-18,OZM,23796554,Materials,2021-02-08,4
4920,2026-08-18,OZZ,10975503,Materials,2021-07-05,4
4921,2026-08-18,P1E,12974312,Energy,2013-03-12,4
4922,2026-08-18,PAB,21595050,"Pharmaceuticals, Biotechnology & Life Sciences",2007-07-13,4
4923,2026-08-18,PAC,322702934,Financial Services,1987-09-25,4
4924,2026-08-18,PAF,5067530936,Class Pend,2026-06-23,4
4925,2026-08-18,PAR,104858233,"Pharmaceuticals, Biotechnology & Life Sciences",2015-08-19,4
4926,2026-08-18,PAT,17883744,Materials,2022-12-09,4
4927,2026-08-18,PBH,307614125,Consumer Services,2019-06-12,4
4928,2026-08-18,PBL,3052700,Materials,2021-11-29,4
4929,2026-08-18,PC2,297872709,Materials,2025-10-21,4
4930,2026-08-18,PCG,70441638,Financial Services,2001-02-28,4
4931,2026-08-18,PCI,801013398,Not Applic,2019-05-14,4
4932,2026-08-18,PCK,20691724,Health Care Equipment & Services,2012-05-01,4
4933,2026-08-18,PCL,66288642,Energy,1986-09-11,4
4934,2026-08-18,PCX,258381284,Not Applic,2024-06-21,4
4935,2026-08-18,PDI,4199065607,Materials,2010-12-01,4
4936,2026-08-18,PDN,4740731342,Energy,1994-03-29,4
4937,2026-08-18,PE1,385096558,Not Applic,2019-04-30,4
4938,2026-08-18,PEB,273207591,"Pharmaceuticals, Biotechnology & Life Sciences",2021-09-27,4
4939,2026-08-18,PEC,14091144,Materials,2013-02-28,4
4940,2026-08-18,PEN,165742949,Energy,1994-05-26,4
4941,2026-08-18,PER,7612078,"Pharmaceuticals, Biotechnology & Life Sciences",2001-12-20,4
4942,2026-08-18,PET,4995124,Commercial & Professional Services,2002-08-16,4
4943,2026-08-18,PFE,8377227,Materials,2021-08-05,4
4944,2026-08-18,PFG,58982502,Financial Services,2004-12-07,4
4945,2026-08-18,PFM,1613441,Software & Services,2017-11-30,4
4946,2026-08-18,PFP,474629163,Consumer Services,2017-11-23,4
4947,2026-08-18,PFT,8516160,"Food, Beverage & Tobacco",2005-12-19,4
4948,2026-08-18,PGC,223466228,Health Care Equipment & Services,1999-10-15,4
4949,2026-08-18,PGD,15809378,Materials,2021-03-31,4
4950,2026-08-18,PGF,1633596558,Not Applic,2013-12-12,4
4951,2026-08-18,PGL,113497774,Materials,1973-05-30,4
4952,2026-08-18,PGM,16573335,Materials,2006-05-29,4
4953,2026-08-18,PGY,,Energy,2006-04-20,4
4954,2026-08-18,PHO,75711535,Materials,2009-12-17,4
4955,2026-08-18,PHX,65279628,Software & Services,1971-07-28,4
4956,2026-08-18,PIA,292802584,Not Applic,2004-03-19,4
4957,2026-08-18,PIC,470022577,Not Applic,2014-12-18,4
4958,2026-08-18,PIL,,Software & Services,2008-05-29,4
4959,2026-08-18,PIM,4156683,Materials,2022-03-23,4
4960,2026-08-18,PIQ,26459699,"Pharmaceuticals, Biotechnology & Life Sciences",2015-04-16,4
4961,2026-08-18,PKD,4779222,Commercial & Professional Services,2017-12-06,4
4962,2026-08-18,PKO,11945444,Materials,2009-12-02,4
4963,2026-08-18,PKP,20015834,"Pharmaceuticals, Biotechnology & Life Sciences",2018-09-21,4
4964,2026-08-18,PKY,48475852,Software & Services,1996-03-07,4
4965,2026-08-18,PL3,24106554,Materials,2023-03-31,4
4966,2026-08-18,PL8,1070549803,Not Applic,2017-05-05,4
4967,2026-08-18,PL9,34681887,Materials,1971-07-08,4
4968,2026-08-18,PLA,318465905,Materials,2017-09-21,4
4969,2026-08-18,PLC,8214441,Materials,2022-02-11,4
4970,2026-08-18,PLG,,Materials,2021-09-20,4
4971,2026-08-18,PLS,16414178107,Materials,2007-09-19,4
4972,2026-08-18,PLT,160425559,Financial Services,2020-09-23,4
4973,2026-08-18,PLY,47652634,Media & Entertainment,2020-12-17,4
4974,2026-08-18,PME,18372087693,Health Care Equipment & Services,2000-10-10,4
4975,2026-08-18,PMM,11983364,Materials,2023-09-28,4
4976,2026-08-18,PMT,948308285,Materials,2022-12-07,4
4977,2026-08-18,PMV,1903663550,Consumer Discretionary Distribution & Retail,1987-12-15,4
4978,2026-08-18,PNC,127611908,Financial Services,2014-05-01,4
4979,2026-08-18,PNI,4411977765,Financial Services,2007-06-19,4
4980,2026-08-18,PNN,72222817,Materials,2005-04-15,4
4981,2026-08-18,PNR,978193791,Materials,1987-05-21,4
4982,2026-08-18,PNT,2450236,Materials,2021-12-10,4
4983,2026-08-18,PNV,697751421,Health Care Equipment & Services,1998-11-26,4
4984,2026-08-18,POD,34293614,Materials,2018-02-28,4
4985,2026-08-18,POL,281924014,Materials,2021-06-29,4
4986,2026-08-18,PPC,847367710,Real Estate Management & Development,2004-08-05,4
4987,2026-08-18,PPE,75520260,Commercial & Professional Services,2017-11-22,4
4988,2026-08-18,PPG,,Materials,2005-04-27,4
4989,2026-08-18,PPK,35416874,Materials,1994-12-21,4
4990,2026-08-18,PPL,38541874,Media & Entertainment,2015-07-29,4
4991,2026-08-18,PPM,799673993,Financial Services,2021-05-25,4
4992,2026-08-18,PPS,348542794,Software & Services,2006-05-11,4
4993,2026-08-18,PPT,2249037336,Financial Services,1964-06-24,4
4994,2026-08-18,PPY,5191054,Materials,2005-04-15,4
4995,2026-08-18,PR1,20037676,Materials,2022-04-21,4
4996,2026-08-18,PR2,3089428,Not Applic,2024-07-15,4
4997,2026-08-18,PRG,,Materials,1987-07-24,4
4998,2026-08-18,PRM,4013201,Energy,1992-01-23,4
4999,2026-08-18,PRN,2215476891,Materials,1994-01-06,4
5000,2026-08-18,PRO,5156028,Software & Services,1998-04-22,4
5001,2026-08-18,PRU,7511564250,Materials,2004-09-22,4
5002,2026-08-18,PRX,20225602,Materials,1986-08-21,4
5003,2026-08-18,PSC,166547525,Materials,2009-12-04,4
5004,2026-08-18,PSL,22089651,Materials,2006-10-18,4
5005,2026-08-18,PTL,,Household & Personal Products,2000-08-29,4
5006,2026-08-18,PTN,76922135,Materials,2013-10-02,4
5007,2026-08-18,PTR,51384420,Materials,2004-07-27,4
5008,2026-08-18,PTX,89378736,"Pharmaceuticals, Biotechnology & Life Sciences",1986-12-19,4
5009,2026-08-18,PUR,20960895,Materials,2008-09-10,4
5010,2026-08-18,PV1,8755997,Energy,2005-03-21,4
5011,2026-08-18,PVE,69537697,Energy,2004-12-14,4
5012,2026-08-18,PVL,21718502,Financial Services,2016-10-12,4
5013,2026-08-18,PVT,19697587,Materials,2018-07-26,4
5014,2026-08-18,PWH,1070108658,Automobiles & Components,2015-11-18,4
5015,2026-08-18,PWN,30540516,Materials,2011-05-13,4
5016,2026-08-18,PWR,167088386,Consumer Discretionary Distribution & Retail,2021-04-27,4
5017,2026-08-18,PXA,1381099186,Real Estate Management & Development,2021-07-01,4
5018,2026-08-18,PXR,3600384,Energy,2003-03-17,4
5019,2026-08-18,PXX,46325327,Materials,2012-12-21,4
5020,2026-08-18,PYC,2094877252,"Pharmaceuticals, Biotechnology & Life Sciences",2005-03-30,4
5021,2026-08-18,QAL,991686661,Real Estate Management & Development,2021-12-16,4
5022,2026-08-18,QAN,15026068840,Transportation,1995-07-31,4
5023,2026-08-18,QBE,33869534690,Insurance,1973-06-28,4
5024,2026-08-18,QEM,7094340,Materials,2018-10-19,4
5025,2026-08-18,QFE,29142554,Financial Services,2019-07-11,4
5026,2026-08-18,QGL,112187004,Materials,2014-01-06,4
5027,2026-08-18,QML,48635463,Materials,2021-05-06,4
5028,2026-08-18,QPM,35621262,Materials,2008-03-14,4
5029,2026-08-18,QRI,971933044,Financial Services,2018-11-27,4
5030,2026-08-18,QUE,1353617,Financial Services,1998-11-11,4
5031,2026-08-18,QXR,8634653,Materials,2011-02-17,4
5032,2026-08-18,R8R,11305952,Materials,2022-07-08,4
5033,2026-08-18,RAC,409784085,"Pharmaceuticals, Biotechnology & Life Sciences",2016-07-13,4
5034,2026-08-18,RAD,47713044,"Pharmaceuticals, Biotechnology & Life Sciences",2021-11-25,4
5035,2026-08-18,RAG,9769787,Materials,2005-03-31,4
5036,2026-08-18,RAN,3185363,Materials,2016-07-22,4
5037,2026-08-18,RAP,16036950,Materials,2021-10-25,4
5038,2026-08-18,RAS,3567578,Materials,2010-07-13,4
5039,2026-08-18,RAU,30811364,Materials,2024-06-14,4
5040,2026-08-18,RB6,7988500,Materials,2021-12-23,4
5041,2026-08-18,RBR,2380447,Materials,2007-02-02,4
5042,2026-08-18,RBX,3479612,Materials,2021-07-12,4
5043,2026-08-18,RC1,12674516,Materials,2003-03-21,4
5044,2026-08-18,RCE,117721477,"Pharmaceuticals, Biotechnology & Life Sciences",2016-01-15,4
5045,2026-08-18,RCL,9217186,Software & Services,2018-02-07,4
5046,2026-08-18,RCM,41860941,Materials,2021-12-15,4
5047,2026-08-18,RCR,7833437,Materials,2020-12-21,4
5048,2026-08-18,RCT,187251895,Consumer Services,1994-02-11,4
5049,2026-08-18,RDM,52305025,Materials,2003-10-27,4
5050,2026-08-18,RDN,10352674,Materials,1987-03-12,4
5051,2026-08-18,RDS,3914945,Materials,2006-08-03,4
5052,2026-08-18,RDX,2016312684,Capital Goods,2023-07-03,4
5053,2026-08-18,RDY,210058982,Software & Services,2019-04-17,4
5054,2026-08-18,REA,23211913453,Media & Entertainment,1999-12-01,4
5055,2026-08-18,REC,22395639,Materials,2021-10-11,4
5056,2026-08-18,REE,13382054,Materials,2007-07-11,4
5057,2026-08-18,REG,1856499641,Health Care Equipment & Services,2014-10-07,4
5058,2026-08-18,REH,10579581660,Capital Goods,1974-01-01,4
5059,2026-08-18,REM,7274914,Capital Goods,2021-11-02,4
5060,2026-08-18,REP,212952703,Equity Real Estate Investment Trusts (REITs),2021-10-20,4
5061,2026-08-18,REV,432907172,Not Applic,2025-09-22,4
5062,2026-08-18,REZ,10222051,Materials,2005-03-11,4
5063,2026-08-18,RF1,763374331,Not Applic,2019-06-17,4
5064,2026-08-18,RFF,849596138,Equity Real Estate Investment Trusts (REITs),2014-02-14,4
5065,2026-08-18,RFG,69901643,Consumer Services,2006-06-22,4
5066,2026-08-18,RFT,8296684,Capital Goods,1994-09-22,4
5067,2026-08-18,RG1,643483482,Not Applic,2017-09-28,4
5068,2026-08-18,RG8,391066806,Not Applic,2019-11-13,4
5069,2026-08-18,RGL,23018376,Materials,2017-10-10,4
5070,2026-08-18,RGN,2711031880,Equity Real Estate Investment Trusts (REITs),2012-11-26,4
5071,2026-08-18,RGT,4547774,"Pharmaceuticals, Biotechnology & Life Sciences",2006-12-21,4
5072,2026-08-18,RHC,10343483831,Health Care Equipment & Services,1997-09-24,4
5073,2026-08-18,RHI,296738068,Materials,2006-02-14,4
5074,2026-08-18,RHT,25287372,Health Care Equipment & Services,1987-10-23,4
5075,2026-08-18,RHY,31848017,Health Care Equipment & Services,2017-12-07,4
5076,2026-08-18,RIC,1098319507,"Food, Beverage & Tobacco",1987-08-13,4
5077,2026-08-18,RIE,11345157,Materials,2011-01-31,4
5078,2026-08-18,RIL,,Materials,2003-12-05,4
5079,2026-08-18,RIM,41987943,Materials,1997-03-04,4
5080,2026-08-18,RIO,62588665289,Materials,1962-09-19,4
5081,2026-08-18,RIV,215025603,Utilities,2016-09-16,4
5082,2026-08-18,RKB,8930190,Materials,2008-06-19,4
5083,2026-08-18,RKN,49849726,Software & Services,1999-07-19,4
5084,2026-08-18,RKT,27171661,Technology Hardware & Equipment,2018-06-18,4
5085,2026-08-18,RLC,1553413,Materials,2007-06-22,4
5086,2026-08-18,RLF,16129711,Materials,2022-04-21,4
5087,2026-08-18,RLG,11562478,Media & Entertainment,2016-11-16,4
5088,2026-08-18,RMC,314445565,Financial Services,2001-03-19,4
5089,2026-08-18,RMD,45624899411,Health Care Equipment & Services,1999-11-25,4
5090,2026-08-18,RMI,164431726,Materials,1985-02-14,4
5091,2026-08-18,RML,95876171,Materials,2017-09-22,4
5092,2026-08-18,RMS,6933042229,Materials,2003-03-31,4
5093,2026-08-18,RMX,10441317,Materials,2011-09-01,4
5094,2026-08-18,RMY,14615296,Media & Entertainment,2018-07-05,4
5095,2026-08-18,RND,125127114,Materials,1985-08-15,4
5096,2026-08-18,RNT,76997134,Media & Entertainment,1994-05-26,4
5097,2026-08-18,RNU,147681783,Materials,2010-12-15,4
5098,2026-08-18,RNV,13267110,Health Care Equipment & Services,2024-11-26,4
5099,2026-08-18,RNX,5174492,Materials,2006-11-14,4
5100,2026-08-18,ROC,52640472,Software & Services,2021-12-07,4
5101,2026-08-18,ROG,10570381,Energy,2007-05-23,4
5102,2026-08-18,RON,7267502,Materials,2021-12-16,4
5103,2026-08-18,RPL,1133574401,Financial Services,2019-06-21,4
5104,2026-08-18,RPM,3813919,Automobiles & Components,1983-11-10,4
5105,2026-08-18,RR1,14566976,Materials,2002-11-06,4
5106,2026-08-18,RRE,11559840,Materials,2025-10-29,4
5107,2026-08-18,RRL,5733428152,Materials,1987-02-19,4
5108,2026-08-18,RRR,18708917,Materials,2021-09-23,4
5109,2026-08-18,RSG,2479404431,Materials,1979-01-11,4
5110,2026-08-18,RTG,82547333,Materials,2014-06-05,4
5111,2026-08-18,RTH,32562411,Commercial & Professional Services,2021-11-23,4
5112,2026-08-18,RTR,62366102,Materials,2011-07-01,4
5113,2026-08-18,RVT,20929935,Materials,2022-12-13,4
5114,2026-08-18,RWC,2700420064,Capital Goods,2016-04-29,4
5115,2026-08-18,RWD,8424587,Materials,1991-12-12,4
5116,2026-08-18,RWL,26487461,Technology Hardware & Equipment,2021-09-02,4
5117,2026-08-18,RXL,717687747,Materials,2004-04-27,4
5118,2026-08-18,RYD,167543574,Not Applic,2015-09-28,4
5119,2026-08-18,RYM,1762289956,Health Care Equipment & Services,2025-10-01,4
5120,2026-08-18,RZI,64287905,Financial Services,2018-06-21,4
5121,2026-08-18,S2R,38805805,Materials,2015-10-19,4
5122,2026-08-18,S32,22073509831,Materials,2015-05-18,4
5123,2026-08-18,S66,17560788,Household & Personal Products,2018-05-16,4
5124,2026-08-18,SAN,1841941,Energy,2011-12-15,4
5125,2026-08-18,SB2,49606991,Not Applic,2021-06-16,4
5126,2026-08-18,SBM,719828537,Materials,1969-05-15,4
5127,2026-08-18,SBR,4572310,Materials,1987-12-17,4
5128,2026-08-18,SBZ,84069113,Capital Goods,1971-08-24,4
5129,2026-08-18,SCG,19533934320,Equity Real Estate Investment Trusts (REITs),2014-06-25,4
5130,2026-08-18,SCN,10846624,Materials,2007-03-07,4
5131,2026-08-18,SCP,4555395,Financial Services,2019-02-19,4
5132,2026-08-18,SDF,6249392949,Insurance,2013-08-02,4
5133,2026-08-18,SDR,1089876738,Software & Services,2021-11-08,4
5134,2026-08-18,SDV,34215945,Materials,2002-05-02,4
5135,2026-08-18,SEA,114922529,"Food, Beverage & Tobacco",2025-11-26,4
5136,2026-08-18,SEC,139656745,Not Applic,2017-12-05,4
5137,2026-08-18,SEG,81347152,Media & Entertainment,2000-11-28,4
5138,2026-08-18,SEK,5401770167,Media & Entertainment,2005-04-19,4
5139,2026-08-18,SEN,49234845,Technology Hardware & Equipment,1984-06-21,4
5140,2026-08-18,SEQ,14709031,Financial Services,2000-09-19,4
5141,2026-08-18,SER,9901171,Materials,1991-08-15,4
5142,2026-08-18,SET,203464701,Not Applic,2026-04-17,4
5143,2026-08-18,SFC,262373972,Automobiles & Components,1974-01-01,4
5144,2026-08-18,SFG,,"Food, Beverage & Tobacco",1990-06-14,4
5145,2026-08-18,SFM,38262415,Materials,2011-10-07,4
5146,2026-08-18,SFR,9936979109,Materials,2004-03-04,4
5147,2026-08-18,SFX,19802013,Materials,2010-12-15,4
5148,2026-08-18,SGA,20654470,Materials,2022-07-18,4
5149,2026-08-18,SGC,247871075,Materials,2012-09-19,4
5150,2026-08-18,SGH,17024733326,Capital Goods,2010-04-30,4
5151,2026-08-18,SGI,194424216,Capital Goods,2018-10-02,4
5152,2026-08-18,SGLLV,974322723,"Food, Beverage & Tobacco",2019-04-08,4
5153,2026-08-18,SGM,4989275828,Materials,2005-10-21,4
5154,2026-08-18,SGP,10164272430,Equity Real Estate Investment Trusts (REITs),1987-02-19,4
5155,2026-08-18,SGQ,418580228,Materials,2010-11-16,4
5156,2026-08-18,SGR,895887375,Consumer Services,2011-06-06,4
5157,2026-08-18,SHA,555321931,Capital Goods,2021-12-17,4
5158,2026-08-18,SHE,7529061,Energy,2000-07-24,4
5159,2026-08-18,SHG,59990527,Health Care Equipment & Services,2021-02-12,4
5160,2026-08-18,SHJ,105022046,Consumer Services,2013-05-15,4
5161,2026-08-18,SHL,11273567708,Health Care Equipment & Services,1987-04-30,4
5162,2026-08-18,SHM,47958691,Consumer Durables & Apparel,2015-06-23,4
5163,2026-08-18,SHN,143837160,Materials,2002-01-25,4
5164,2026-08-18,SHO,45519967,Media & Entertainment,2008-06-12,4
5165,2026-08-18,SHV,609324358,"Food, Beverage & Tobacco",1978-06-15,4
5166,2026-08-18,SIG,34053923366,Health Care Equipment & Services,2002-10-30,4
5167,2026-08-18,SIO,52186435,Consumer Durables & Apparel,2014-11-17,4
5168,2026-08-18,SIQ,1816694092,Commercial & Professional Services,2014-07-02,4
5169,2026-08-18,SIS,11091652,Software & Services,2018-02-22,4
5170,2026-08-18,SIV,,Capital Goods,2005-05-31,4
5171,2026-08-18,SIX,48579751,Automobiles & Components,2008-05-29,4
5172,2026-08-18,SK1,273585101,Consumer Discretionary Distribution & Retail,2026-05-21,4
5173,2026-08-18,SKC,573588624,Consumer Services,1999-03-29,4
5174,2026-08-18,SKG,1530929951,Equity Real Estate Investment Trusts (REITs),2023-08-01,4
5175,2026-08-18,SKK,62414565,Telecommunication Services,2004-06-15,4
5176,2026-08-18,SKM,36614729,Materials,2006-08-16,4
5177,2026-08-18,SKN,17456671,Household & Personal Products,2017-01-06,4
5178,2026-08-18,SKO,170288025,Software & Services,2018-06-25,4
5179,2026-08-18,SKS,1072948524,Capital Goods,1974-01-01,4
5180,2026-08-18,SKT,375852777,Media & Entertainment,2005-07-04,4
5181,2026-08-18,SKY,218313188,Materials,2004-03-11,4
5182,2026-08-18,SLA,6515831,Materials,2021-11-17,4
5183,2026-08-18,SLB,19369706,Materials,2022-03-18,4
5184,2026-08-18,SLC,1626495902,Telecommunication Services,2015-06-04,4
5185,2026-08-18,SLD,148694048,Health Care Equipment & Services,2025-12-05,4
5186,2026-08-18,SLM,24885129,Materials,2021-12-24,4
5187,2026-08-18,SLS,373588038,Materials,2022-05-02,4
5188,2026-08-18,SLX,1456232262,Capital Goods,1998-05-07,4
5189,2026-08-18,SLZ,4096134,Materials,2018-08-16,4
5190,2026-08-18,SM1,217151315,"Food, Beverage & Tobacco",2016-11-25,4
5191,2026-08-18,SMI,532310704,Materials,2013-05-31,4
5192,2026-08-18,SMM,18151501,Materials,2018-08-15,4
5193,2026-08-18,SMN,57574508,Technology Hardware & Equipment,2004-08-16,4
5194,2026-08-18,SMR,2334604332,Materials,2009-12-09,4
5195,2026-08-18,SMS,12967730,Materials,2021-10-27,4
5196,2026-08-18,SMX,6799203,Materials,2021-05-07,4
5197,2026-08-18,SNC,110140737,Not Applic,2013-12-23,4
5198,2026-08-18,SND,132202689,Capital Goods,2007-12-05,4
5199,2026-08-18,SNG,14700579,Materials,2020-10-07,4
5200,2026-08-18,SNL,1510820268,Consumer Discretionary Distribution & Retail,1987-09-10,4
5201,2026-08-18,SNM,60404264,Materials,2025-10-30,4
5202,2026-08-18,SNS,29047632,Software & Services,2007-05-31,4
5203,2026-08-18,SNT,53001520,"Pharmaceuticals, Biotechnology & Life Sciences",2003-11-10,4
5204,2026-08-18,SNX,48815108,Materials,2022-05-03,4
5205,2026-08-18,SNZ,1610409694,Health Care Equipment & Services,2013-07-18,4
5206,2026-08-18,SOC,5713559,Software & Services,2022-12-23,4
5207,2026-08-18,SOL,17335735090,Financial Services,1903-01-21,4
5208,2026-08-18,SOM,72523523,Health Care Equipment & Services,2004-08-27,4
5209,2026-08-18,SOP,28103945,Commercial & Professional Services,2013-05-28,4
5210,2026-08-18,SOR,19586082,Financial Services,2011-08-11,4
5211,2026-08-18,SP3,4159227,Technology Hardware & Equipment,2017-08-01,4
5212,2026-08-18,SP8,10650035,Media & Entertainment,1971-06-09,4
5213,2026-08-18,SPA,26749392,Software & Services,2001-07-17,4
5214,2026-08-18,SPD,255394798,Materials,2022-06-08,4
5215,2026-08-18,SPG,101431571,"Food, Beverage & Tobacco",2012-06-29,4
5216,2026-08-18,SPK,3024208173,Telecommunication Services,1991-08-22,4
5217,2026-08-18,SPL,333938464,"Pharmaceuticals, Biotechnology & Life Sciences",2000-09-28,4
5218,2026-08-18,SPN,25056313,Materials,1986-07-03,4
5219,2026-08-18,SPQ,10562683,Materials,2007-11-12,4
5220,2026-08-18,SPX,3577585,Software & Services,2002-05-29,4
5221,2026-08-18,SPZ,264998015,Commercial & Professional Services,2007-01-09,4
5222,2026-08-18,SQX,5460450,Materials,2023-02-20,4
5223,2026-08-18,SRG,2268263844,Capital Goods,2007-08-17,4
5224,2026-08-18,SRH,4161260,Transportation,2005-12-15,4
5225,2026-08-18,SRJ,13928000,Energy,2020-09-18,4
5226,2026-08-18,SRK,7377500,Materials,2000-03-07,4
5227,2026-08-18,SRL,2936575883,Materials,2007-11-09,4
5228,2026-08-18,SRN,4167122,Materials,1999-06-11,4
5229,2026-08-18,SRR,15107758,Materials,2022-05-02,4
5230,2026-08-18,SRT,,Materials,2021-05-27,4
5231,2026-08-18,SRV,640875781,Real Estate Management & Development,1999-12-06,4
5232,2026-08-18,SRZ,146210144,Materials,2005-04-28,4
5233,2026-08-18,SS1,213453830,Materials,2024-05-15,4
5234,2026-08-18,SSG,196518741,Consumer Discretionary Distribution & Retail,2016-07-01,4
5235,2026-08-18,SSH,16534249,Energy,2021-09-17,4
5236,2026-08-18,SSL,68864319,Real Estate Management & Development,1974-01-01,4
5237,2026-08-18,SSM,1552197579,Capital Goods,2004-12-09,4
5238,2026-08-18,SST,296128663,Capital Goods,1962-06-30,4
5239,2026-08-18,STG,,Media & Entertainment,2018-10-22,4
5240,2026-08-18,STH,23834280,Software & Services,2025-07-10,4
5241,2026-08-18,STK,211177501,Materials,2006-04-06,4
5242,2026-08-18,STM,53963843,Materials,2007-03-22,4
5243,2026-08-18,STN,271921917,Materials,2018-03-09,4
5244,2026-08-18,STO,26144572336,Energy,1954-10-01,4
5245,2026-08-18,STP,34287954,Consumer Discretionary Distribution & Retail,2021-11-01,4
5246,2026-08-18,STV,8620614,Media & Entertainment,1994-06-30,4
5247,2026-08-18,STX,377936685,Energy,2004-08-05,4
5248,2026-08-18,SUH,25768402,Materials,2010-01-05,4
5249,2026-08-18,SUL,2795732070,Consumer Discretionary Distribution & Retail,2004-07-06,4
5250,2026-08-18,SUN,19822961292,Insurance,1988-07-07,4
5251,2026-08-18,SVG,22415770,Materials,1987-04-02,4
5252,2026-08-18,SVL,332906128,Materials,2007-01-19,4
5253,2026-08-18,SVM,354219050,Materials,2007-01-22,4
5254,2026-08-18,SVR,296775910,Financial Services,2006-10-19,4
5255,2026-08-18,SVY,19619637,Materials,2014-05-07,4
5256,2026-08-18,SWP,26129142,Telecommunication Services,1988-10-06,4
5257,2026-08-18,SX2,3351793776,Materials,2025-01-16,4
5258,2026-08-18,SXE,1425890203,Capital Goods,2007-11-28,4
5259,2026-08-18,SXL,260934631,Media & Entertainment,2005-11-17,4
5260,2026-08-18,SYL,650472482,Capital Goods,2024-11-21,4
5261,2026-08-18,SYR,243802387,Materials,2007-09-11,4
5262,2026-08-18,T3D,6341864,Commercial & Professional Services,2006-12-27,4
5263,2026-08-18,T88,4953950,Materials,2022-12-19,4
5264,2026-08-18,T92,6082987,Energy,2022-09-08,4
5265,2026-08-18,TAH,2063379807,Consumer Services,1994-08-15,4
5266,2026-08-18,TAL,22377700,Software & Services,2006-06-02,4
5267,2026-08-18,TAM,138661451,Materials,1986-12-11,4
5268,2026-08-18,TAR,23696325,Materials,2012-02-07,4
5269,2026-08-18,TAS,17727710,Materials,2001-12-18,4
5270,2026-08-18,TAT,9126742,Materials,2004-12-17,4
5271,2026-08-18,TBN,1817920312,Energy,2021-07-02,4
5272,2026-08-18,TBR,270210597,Materials,1989-05-04,4
5273,2026-08-18,TCF,51564986,Not Applic,2006-10-17,4
5274,2026-08-18,TCG,765169748,Materials,2008-07-22,4
5275,2026-08-18,TCL,43900985630,Transportation,1996-03-14,4
5276,2026-08-18,TCO,35196706,Consumer Services,1987-09-17,4
5277,2026-08-18,TD1,4298928,Health Care Equipment & Services,2004-09-23,4
5278,2026-08-18,TDO,,Energy,2007-05-22,4
5279,2026-08-18,TEA,2513093284,Capital Goods,2024-04-29,4
5280,2026-08-18,TEE,,Energy,2022-04-04,4
5281,2026-08-18,TEG,,Energy,2006-01-06,4
5282,2026-08-18,TEK,34848239,Not Applic,2005-05-10,4
5283,2026-08-18,TEM,4407505,Materials,2017-03-28,4
5284,2026-08-18,TER,114818958,Energy,2010-07-22,4
5285,2026-08-18,TET,9131094,Energy,2026-07-09,4
5286,2026-08-18,TFL,,"Food, Beverage & Tobacco",1999-12-16,4
5287,2026-08-18,TG1,11577542,Materials,2021-04-07,4
5288,2026-08-18,TG6,25067326,Materials,2022-05-26,4
5289,2026-08-18,TGF,198236392,Not Applic,2018-10-12,4
5290,2026-08-18,TGH,16463980,Materials,2019-12-11,4
5291,2026-08-18,TGM,247370222,Materials,2011-04-07,4
5292,2026-08-18,TGN,307194845,Materials,2012-12-17,4
5293,2026-08-18,THL,509439731,Transportation,2022-12-02,4
5294,2026-08-18,THR,8240581,Materials,2006-09-27,4
5295,2026-08-18,TIA,14723501,Real Estate Management & Development,1985-12-11,4
5296,2026-08-18,TIO,10657459,Materials,2025-10-27,4
5297,2026-08-18,TIP,37623810,Financial Services,2019-05-24,4
5298,2026-08-18,TKM,48257471,Materials,2007-07-05,4
5299,2026-08-18,TLC,11930136328,Consumer Services,2022-05-24,4
5300,2026-08-18,TLG,153278039,Materials,2010-07-09,4
5301,2026-08-18,TLM,12429143,Materials,2005-11-25,4
5302,2026-08-18,TLS,53579245348,Telecommunication Services,1997-11-17,4
5303,2026-08-18,TLX,5589451636,"Pharmaceuticals, Biotechnology & Life Sciences",2017-11-15,4
5304,2026-08-18,TM1,247412710,Energy,2012-12-20,4
5305,2026-08-18,TMB,9818328,Materials,2021-08-12,4
5306,2026-08-18,TMK,36413431,Energy,2008-07-10,4
5307,2026-08-18,TML,4171709,Utilities,2015-09-16,4
5308,2026-08-18,TMS,10476617,Materials,2004-08-17,4
5309,2026-08-18,TMX,11135185,Materials,2006-03-23,4
5310,2026-08-18,TNC,62153115,Materials,2020-11-10,4
5311,2026-08-18,TNE,10940656640,Software & Services,1999-12-08,4
5312,2026-08-18,TNY,13750516,Media & Entertainment,2017-04-21,4
5313,2026-08-18,TOK,358257062,Materials,2023-11-10,4
5314,2026-08-18,TON,,Materials,2009-08-14,4
5315,2026-08-18,TOP,95511833,Not Applic,2000-03-22,4
5316,2026-08-18,TOR,137484270,Materials,2021-06-25,4
5317,2026-08-18,TOT,90536672,Equity Real Estate Investment Trusts (REITs),2015-04-22,4
5318,2026-08-18,TOU,5194337,Energy,2013-04-09,4
5319,2026-08-18,TPC,41529885,Utilities,2007-07-16,4
5320,2026-08-18,TPG,7066905840,Telecommunication Services,2020-06-30,4
5321,2026-08-18,TPW,599050197,Consumer Discretionary Distribution & Retail,2015-12-10,4
5322,2026-08-18,TR2,39290336,Materials,2025-07-18,4
5323,2026-08-18,TR8,6292489,Materials,2022-01-07,4
5324,2026-08-18,TRA,624120440,Consumer Discretionary Distribution & Retail,2017-07-28,4
5325,2026-08-18,TRE,322143180,Materials,2022-11-28,4
5326,2026-08-18,TRI,16151708,Health Care Equipment & Services,2001-01-29,4
5327,2026-08-18,TRJ,29808409,"Pharmaceuticals, Biotechnology & Life Sciences",2021-06-07,4
5328,2026-08-18,TRM,,Materials,2007-04-18,4
5329,2026-08-18,TRP,4837187,"Pharmaceuticals, Biotechnology & Life Sciences",2021-11-18,4
5330,2026-08-18,TRU,12572627,Health Care Equipment & Services,2021-01-06,4
5331,2026-08-18,TSK,7793282,Materials,2023-06-29,4
5332,2026-08-18,TSL,16413230,Materials,1988-12-22,4
5333,2026-08-18,TSO,172546720,Materials,2004-01-28,4
5334,2026-08-18,TSR,3395132,Materials,2017-01-20,4
5335,2026-08-18,TTM,169929762,Materials,2006-11-15,4
5336,2026-08-18,TTT,265242502,Materials,2017-09-21,4
5337,2026-08-18,TTX,319277256,"Pharmaceuticals, Biotechnology & Life Sciences",2025-06-30,4
5338,2026-08-18,TUA,1211955538,Telecommunication Services,2020-06-30,4
5339,2026-08-18,TVL,40377529,Financial Services,2021-09-29,4
5340,2026-08-18,TVN,558232981,Materials,1971-02-18,4
5341,2026-08-18,TWD,104892747,Consumer Durables & Apparel,2000-08-14,4
5342,2026-08-18,TWE,4659478618,"Food, Beverage & Tobacco",2011-05-10,4
5343,2026-08-18,TWL,20420186,Class Pend,2025-12-19,4
5344,2026-08-18,TWR,525419367,Insurance,1999-09-28,4
5345,2026-08-18,TXR,5591981,Materials,1985-09-05,4
5346,2026-08-18,TYR,473878075,Financial Services,2019-12-06,4
5347,2026-08-18,TYX,11748449,Materials,2007-07-11,4
5348,2026-08-18,TZL,10848255,Technology Hardware & Equipment,1987-01-22,4
5349,2026-08-18,TZN,57303926,Materials,2003-12-23,4
5350,2026-08-18,UBI,,Health Care Equipment & Services,2006-12-13,4
5351,2026-08-18,UBN,49729947,Software & Services,2014-09-22,4
5352,2026-08-18,UCM,,Health Care Equipment & Services,2003-12-10,4
5353,2026-08-18,UM1,33118566,Materials,2026-01-12,4
5354,2026-08-18,UNI,568501202,Consumer Discretionary Distribution & Retail,2020-11-16,4
5355,2026-08-18,UNT,10530374,Media & Entertainment,1999-12-16,4
5356,2026-08-18,UOS,1200625859,Real Estate Management & Development,1988-02-17,4
5357,2026-08-18,URF,86056411,Equity Real Estate Investment Trusts (REITs),2012-07-23,4
5358,2026-08-18,USC,23318766,Materials,2006-06-27,4
5359,2026-08-18,USL,522712449,Materials,2017-04-19,4
5360,2026-08-18,USM,5754851,Materials,2009-11-12,4
5361,2026-08-18,UWC,11140520,Not Applic,2015-01-22,4
5362,2026-08-18,VAL,129600024,Materials,2026-03-27,4
5363,2026-08-18,VAN,13832426,Materials,2022-01-28,4
5364,2026-08-18,VAU,6341888936,Materials,1996-10-16,4
5365,2026-08-18,VBC,55108325,Capital Goods,2007-12-11,4
5366,2026-08-18,VBS,10517399,"Pharmaceuticals, Biotechnology & Life Sciences",2016-02-23,4
5367,2026-08-18,VBX,52771913,Materials,2025-06-17,4
5368,2026-08-18,VCX,12250487745,Equity Real Estate Investment Trusts (REITs),2011-12-05,4
5369,2026-08-18,VEA,4516932574,Energy,2018-07-13,4
5370,2026-08-18,VEE,76309673,Capital Goods,2016-10-26,4
5371,2026-08-18,VEN,4880672,Energy,2018-09-17,4
5372,2026-08-18,VFX,4505462,Health Care Equipment & Services,2015-06-09,4
5373,2026-08-18,VFY,335458688,"Pharmaceuticals, Biotechnology & Life Sciences",2024-11-26,4
5374,2026-08-18,VGL,562328447,Software & Services,2014-08-11,4
5375,2026-08-18,VGN,2133110618,Transportation,2025-06-24,4
5376,2026-08-18,VHL,30425554,Health Care Equipment & Services,2000-07-14,4
5377,2026-08-18,VHM,73266396,Materials,2023-01-09,4
5378,2026-08-18,VIG,,Software & Services,2014-05-09,4
5379,2026-08-18,VIT,15905804,Health Care Equipment & Services,2019-11-07,4
5380,2026-08-18,VKA,22613789,Materials,2010-05-12,4
5381,2026-08-18,VLS,129403830,"Pharmaceuticals, Biotechnology & Life Sciences",2007-08-23,4
5382,2026-08-18,VMC,57757118,Materials,2007-06-12,4
5383,2026-08-18,VML,25407664,Materials,2005-10-11,4
5384,2026-08-18,VMM,,Materials,2022-01-24,4
5385,2026-08-18,VMS,10548358,Materials,1986-08-14,4
5386,2026-08-18,VMT,42312745,Automobiles & Components,2002-01-31,4
5387,2026-08-18,VNL,63776572,Software & Services,2010-09-21,4
5388,2026-08-18,VNT,4776094315,Capital Goods,2021-11-19,4
5389,2026-08-18,VPR,17937225,Utilities,1991-04-18,4
5390,2026-08-18,VR1,59083823,Software & Services,2017-03-17,4
5391,2026-08-18,VR8,9376034,Materials,2017-11-03,4
5392,2026-08-18,VRC,,Materials,2003-12-19,4
5393,2026-08-18,VRL,6873481,Materials,2008-01-18,4
5394,2026-08-18,VRS,27531547,Commercial & Professional Services,2008-06-25,4
5395,2026-08-18,VRX,39372299,Materials,2011-02-24,4
5396,2026-08-18,VSL,757559893,Materials,2021-11-04,4
5397,2026-08-18,VSR,11620351,Energy,2011-01-21,4
5398,2026-08-18,VTA,1819127,Materials,2021-03-16,4
5399,2026-08-18,VTM,216098795,Materials,2021-07-22,4
5400,2026-08-18,VTX,44278274,Materials,2022-01-17,4
5401,2026-08-18,VUL,1412049174,Materials,2018-05-30,4
5402,2026-08-18,VVA,147819554,Consumer Services,2019-06-07,4
5403,2026-08-18,VYS,666312174,Materials,2007-12-14,4
5404,2026-08-18,W2V,14095506,Software & Services,2021-09-17,4
5405,2026-08-18,WA1,947147388,Materials,2022-02-08,4
5406,2026-08-18,WAA,157516139,Not Applic,2008-01-11,4
5407,2026-08-18,WAF,4003135528,Materials,2010-06-11,4
5408,2026-08-18,WAG,42779041,Financial Services,2024-02-16,4
5409,2026-08-18,WAK,,Materials,2020-11-26,4
5410,2026-08-18,WAM,1758520162,Not Applic,1999-08-12,4
5411,2026-08-18,WAR,207144625,Not Applic,2021-06-28,4
5412,2026-08-18,WAT,192672183,Consumer Durables & Apparel,1989-03-23,4
5413,2026-08-18,WAU,26525176,Materials,2004-05-12,4
5414,2026-08-18,WAX,220543541,Not Applic,2003-08-19,4
5415,2026-08-18,WBC,119950036906,Banks,1970-07-18,4
5416,2026-08-18,WBT,1072307952,Semiconductors & Semiconductor Equipment,2010-12-21,4
5417,2026-08-18,WC1,7486611,Materials,2021-10-01,4
5418,2026-08-18,WC8,599327529,Materials,2004-08-04,4
5419,2026-08-18,WCE,41076899,Materials,2020-12-14,4
5420,2026-08-18,WCN,59487965,Materials,2007-12-14,4
5421,2026-08-18,WDS,62451139698,Energy,1971-11-18,4
5422,2026-08-18,WEB,1259715219,Consumer Services,1997-11-19,4
5423,2026-08-18,WEC,81670239,Energy,1999-07-23,4
5424,2026-08-18,WEL,1713019,Energy,2014-09-23,4
5425,2026-08-18,WES,96317386644,Consumer Discretionary Distribution & Retail,1984-11-15,4
5426,2026-08-18,WGB,791118579,Not Applic,2018-06-22,4
5427,2026-08-18,WGN,860809699,Materials,2017-12-08,4
5428,2026-08-18,WGR,25776757,Materials,2021-07-23,4
5429,2026-08-18,WGX,5531611639,Materials,2016-12-06,4
5430,2026-08-18,WHC,6381232447,Energy,2007-06-01,4
5431,2026-08-18,WHF,602848794,Not Applic,1971-08-02,4
5432,2026-08-18,WHI,404023949,Not Applic,2024-12-11,4
5433,2026-08-18,WHK,4021483,Software & Services,2018-01-24,4
5434,2026-08-18,WIA,748824676,Materials,2011-03-09,4
5435,2026-08-18,WIN,17147547,Materials,2021-09-22,4
5436,2026-08-18,WJL,158974795,Consumer Services,2024-09-23,4
5437,2026-08-18,WLE,2061428825,Not Applic,2016-05-30,4
5438,2026-08-18,WMA,195472325,Not Applic,2014-06-16,4
5439,2026-08-18,WMG,22163159,Materials,2021-07-20,4
5440,2026-08-18,WMI,393872284,Not Applic,2017-06-28,4
5441,2026-08-18,WMX,326990696,Not Applic,2025-04-30,4
5442,2026-08-18,WNR,,"Food, Beverage & Tobacco",1990-01-31,4
5443,2026-08-18,WNX,6207279,"Food, Beverage & Tobacco",2017-03-15,4
5444,2026-08-18,WOA,8507809,"Food, Beverage & Tobacco",2018-07-06,4
5445,2026-08-18,WOR,5291113203,Capital Goods,2002-11-28,4
5446,2026-08-18,WOT,79579464,Real Estate Management & Development,2011-10-28,4
5447,2026-08-18,WOW,49120503510,Consumer Staples Distribution & Retail,1993-07-12,4
5448,2026-08-18,WPR,1613091661,Equity Real Estate Investment Trusts (REITs),2016-08-03,4
5449,2026-08-18,WQG,583648419,Not Applic,2017-06-23,4
5450,2026-08-18,WRK,166319587,Software & Services,2016-12-19,4
5451,2026-08-18,WRX,3631794,Materials,2022-08-05,4
5452,2026-08-18,WSI,7725914,Materials,2006-06-07,4
5453,2026-08-18,WSR,4848012,Materials,2020-12-17,4
5454,2026-08-18,WTC,14215514622,Software & Services,2016-04-11,4
5455,2026-08-18,WTL,61593443,Financial Services,2015-03-09,4
5456,2026-08-18,WTM,217141303,Materials,2012-10-29,4
5457,2026-08-18,WTN,341105796,Real Estate Management & Development,2021-12-17,4
5458,2026-08-18,WWG,46477526,Transportation,2018-10-31,4
5459,2026-08-18,WWI,193525165,Materials,2007-12-19,4
5460,2026-08-18,WYX,6364089,Materials,2007-05-25,4
5461,2026-08-18,WZR,47583868,Financial Services,1989-03-16,4
5462,2026-08-18,X2M,3892596,Technology Hardware & Equipment,2021-09-22,4
5463,2026-08-18,XEN,14978339,Consumer Discretionary Distribution & Retail,2011-12-07,4
5464,2026-08-18,XF1,14966104,Software & Services,2007-04-18,4
5465,2026-08-18,XGL,4100891,Media & Entertainment,2015-07-06,4
5466,2026-08-18,XPD,15675920,Materials,1997-08-29,4
5467,2026-08-18,XPN,5421420,Software & Services,2021-12-16,4
5468,2026-08-18,XRA,12180073,Materials,2017-04-06,4
5469,2026-08-18,XRF,277497751,Capital Goods,2006-10-31,4
5470,2026-08-18,XRG,45880035,Consumer Services,2013-01-18,4
5471,2026-08-18,XRO,14011991361,Software & Services,2012-11-08,4
5472,2026-08-18,XST,7198394,Energy,1988-01-14,4
5473,2026-08-18,XYZ,4423648385,Financial Services,2022-01-20,4
5474,2026-08-18,YAL,7777388284,Energy,2012-06-28,4
5475,2026-08-18,YAR,4721984,Materials,2006-06-19,4
5476,2026-08-18,YOJ,96453706,Software & Services,2010-12-02,4
5477,2026-08-18,YOW,,"Food, Beverage & Tobacco",1999-09-15,4
5478,2026-08-18,YRL,55482783,Materials,2018-12-14,4
5479,2026-08-18,YUG,21068130,Materials,2021-10-21,4
5480,2026-08-18,ZAG,39516763,Materials,2010-08-23,4
5481,2026-08-18,ZEO,161499674,Materials,2009-10-16,4
5482,2026-08-18,ZEU,4125261,Energy,2013-01-21,4
5483,2026-08-18,ZGL,26947526,Capital Goods,1970-11-12,4
5484,2026-08-18,ZIM,1673765442,Materials,1998-10-15,4
5485,2026-08-18,ZIP,3363988865,Financial Services,2009-12-09,4
5486,2026-08-18,ZLD,,"Pharmaceuticals, Biotechnology & Life Sciences",2003-07-28,4
5487,2026-08-18,ZMI,28270235,Materials,2007-09-18,4
5488,2026-08-18,ZMM,4599348,Technology Hardware & Equipment,2007-09-10,4
5489,2026-08-18,ZNC,56318754,Materials,2007-05-29,4
5490,2026-08-18,ZNO,19904376,Materials,1988-07-21,4
